row_type,occurrence_id,activity_name,status,created_at,occurrence,receipts,evidence_references,source_events,manifest
manifest,,,,,,,,,"{""total"":1001,""source"":""Haven operation occurrence/receipt/evidence ledger"",""filters"":{""activity_id"":""6dd15479-1656-4385-866a-72ea70cc9b24"",""facility_id"":""f2b19452-966e-4909-bfca-3a658419e3d7""},""complete"":true,""coverage"":""Authorized non-deleted occurrences across all requirement versions; all correction and verification receipts; readable evidence metadata only; native files require their own authorization"",""snapshot_id"":""2976:2976:"",""generated_at"":""2026-09-13T02:12:06.602359+00:00"",""receipt_total"":3,""evidence_total"":1,""schema_version"":1}"
occurrence,f790a56c-6d4c-4852-b5e3-4b59ded00035,col151-fa3f27672f1c admin,completed,2026-09-13T02:10:51.255105+00:00,"{""id"":""f790a56c-6d4c-4852-b5e3-4b59ded00035"",""due_at"":""2026-09-13T03:00:00+00:00"",""status"":""completed"",""created_at"":""2026-09-13T02:10:51.255105+00:00"",""subject_id"":""56f3cf25-84ad-4746-934d-a50e371bf561"",""performed_at"":""2026-09-13T02:10:53.945465+00:00"",""activity_name"":""col151-fa3f27672f1c admin"",""authority_class"":""facility"",""execution_state"":""completed"",""effective_receipt_id"":""2b51c5ee-831d-4b2f-ab47-6fcc8f99c834"",""requirement_version_id"":""7954828e-2856-44ae-8a51-5b4d32ed3c93"",""facility_requirement_id"":""a7da2d96-da69-43b4-bc16-950864034a4f""}","[{""id"":""8c87f5d2-0a87-4b7a-8046-75ca92f118b1"",""note"":""col151-fa3f27672f1c admin"",""values"":{},""outcome"":""performed"",""chain_id"":""8c87f5d2-0a87-4b7a-8046-75ca92f118b1"",""revision"":""570804bf5baf219c2c205ba0a043ddee9891df110346aa89ee20f68fa8e627a7"",""entry_kind"":""routine"",""source_key"":null,""recorded_at"":""2026-09-13T02:10:53.945465+00:00"",""recorder_id"":""c55df657-3956-4686-b62a-f90749e0df46"",""entry_reason"":null,""performed_at"":""2026-09-13T02:10:53.945465+00:00"",""receipt_kind"":""performance"",""superseded_at"":""2026-09-13T02:11:13.442694+00:00"",""correction_seq"":0,""performer_kind"":""self"",""evidence_status"":""missing"",""performer_label"":null,""source_event_id"":null,""completion_state"":""performed_missing_evidence"",""source_record_id"":null,""correction_reason"":null,""performer_user_id"":null,""corrects_receipt_id"":null,""performer_vendor_id"":null,""verifies_receipt_id"":null,""evidence_satisfied_at"":""2026-09-13T02:11:00.210042+00:00"",""source_record_version"":null,""requirement_version_id"":""7954828e-2856-44ae-8a51-5b4d32ed3c93"",""evidence_status_current"":""complete"",""superseded_by_receipt_id"":""24d27c76-0e0c-461b-85cd-210446644b76"",""verified_receipt_revision"":null},{""id"":""24d27c76-0e0c-461b-85cd-210446644b76"",""note"":""correction-before-snapshot"",""values"":{},""outcome"":""performed"",""chain_id"":""8c87f5d2-0a87-4b7a-8046-75ca92f118b1"",""revision"":""97a912b1242c25ecdb518eda3dabaaf7d48be8569be1d87cf663986ca675089f"",""entry_kind"":""routine"",""source_key"":null,""recorded_at"":""2026-09-13T02:11:13.442694+00:00"",""recorder_id"":""c55df657-3956-4686-b62a-f90749e0df46"",""entry_reason"":null,""performed_at"":""2026-09-13T02:10:53.945465+00:00"",""receipt_kind"":""performance"",""superseded_at"":""2026-09-13T02:11:43.399858+00:00"",""correction_seq"":1,""performer_kind"":""self"",""evidence_status"":""complete"",""performer_label"":null,""source_event_id"":null,""completion_state"":""completed"",""source_record_id"":null,""correction_reason"":""Synthetic export correction proof"",""performer_user_id"":null,""corrects_receipt_id"":""8c87f5d2-0a87-4b7a-8046-75ca92f118b1"",""performer_vendor_id"":null,""verifies_receipt_id"":null,""evidence_satisfied_at"":null,""source_record_version"":null,""requirement_version_id"":""7954828e-2856-44ae-8a51-5b4d32ed3c93"",""evidence_status_current"":""complete"",""superseded_by_receipt_id"":""2b51c5ee-831d-4b2f-ab47-6fcc8f99c834"",""verified_receipt_revision"":null},{""id"":""2b51c5ee-831d-4b2f-ab47-6fcc8f99c834"",""note"":""correction-after-snapshot"",""values"":{},""outcome"":""performed"",""chain_id"":""8c87f5d2-0a87-4b7a-8046-75ca92f118b1"",""revision"":""d4ee2d1b1ea9d8034a0b397b5c93ec7613db38ddc74415ee26ea47b886ce5256"",""entry_kind"":""routine"",""source_key"":null,""recorded_at"":""2026-09-13T02:11:43.399858+00:00"",""recorder_id"":""c55df657-3956-4686-b62a-f90749e0df46"",""entry_reason"":null,""performed_at"":""2026-09-13T02:10:53.945465+00:00"",""receipt_kind"":""performance"",""superseded_at"":null,""correction_seq"":2,""performer_kind"":""self"",""evidence_status"":""complete"",""performer_label"":null,""source_event_id"":null,""completion_state"":""completed"",""source_record_id"":null,""correction_reason"":""Synthetic export correction proof"",""performer_user_id"":null,""corrects_receipt_id"":""24d27c76-0e0c-461b-85cd-210446644b76"",""performer_vendor_id"":null,""verifies_receipt_id"":null,""evidence_satisfied_at"":null,""source_record_version"":null,""requirement_version_id"":""7954828e-2856-44ae-8a51-5b4d32ed3c93"",""evidence_status_current"":""complete"",""superseded_by_receipt_id"":null,""verified_receipt_revision"":null}]","[{""id"":""65bb8c8e-3b1e-463a-9f28-78dcb6915060"",""state"":""finalized"",""revision"":""9301db62d2a5f1fd1074cecd7784be35d6d71063101b817d7894085a74e7c09c"",""receipt_id"":""8c87f5d2-0a87-4b7a-8046-75ca92f118b1"",""rule_label"":""Panel photo"",""object_etag"":""\""b357a19c87624c7c4d131aeeb4ae677f\"""",""object_mime"":""image/png"",""prepared_at"":""2026-09-13T02:10:55.154108+00:00"",""uploaded_at"":""2026-09-13T02:10:58.225793+00:00"",""uploaded_by"":""c55df657-3956-4686-b62a-f90749e0df46"",""finalized_at"":""2026-09-13T02:11:00.203562+00:00"",""finalized_by"":""c55df657-3956-4686-b62a-f90749e0df46"",""linked_table"":null,""evidence_kind"":""photo"",""object_version"":""98898c25-bf8d-46f3-a413-7d26c87b8356"",""checksum_method"":""storage_etag_md5"",""linked_record_id"":null,""checksum_verified"":true,""object_size_bytes"":70}]",[],
occurrence,0173115d-29f1-4554-9670-26d7a0980cfd,col151-fa3f27672f1c admin,pending,2026-09-13T02:11:06.448738+00:00,"{""id"":""0173115d-29f1-4554-9670-26d7a0980cfd"",""due_at"":""2027-03-14T04:00:00+00:00"",""status"":""pending"",""created_at"":""2026-09-13T02:11:06.448738+00:00"",""subject_id"":""56f3cf25-84ad-4746-934d-a50e371bf561"",""performed_at"":null,""activity_name"":""col151-fa3f27672f1c admin"",""authority_class"":""facility"",""execution_state"":""none"",""effective_receipt_id"":null,""requirement_version_id"":""7954828e-2856-44ae-8a51-5b4d32ed3c93"",""facility_requirement_id"":""a7da2d96-da69-43b4-bc16-950864034a4f""}",[],[],[],
occurrence,076dd212-5429-4516-856f-99b5690a8ff9,col151-fa3f27672f1c admin,pending,2026-09-13T02:11:06.448738+00:00,"{""id"":""076dd212-5429-4516-856f-99b5690a8ff9"",""due_at"":""2027-02-21T04:00:00+00:00"",""status"":""pending"",""created_at"":""2026-09-13T02:11:06.448738+00:00"",""subject_id"":""56f3cf25-84ad-4746-934d-a50e371bf561"",""performed_at"":null,""activity_name"":""col151-fa3f27672f1c admin"",""authority_class"":""facility"",""execution_state"":""none"",""effective_receipt_id"":null,""requirement_version_id"":""7954828e-2856-44ae-8a51-5b4d32ed3c93"",""facility_requirement_id"":""a7da2d96-da69-43b4-bc16-950864034a4f""}",[],[],[],
occurrence,08c91f4a-4f41-44c6-ad2d-abcd89590690,col151-fa3f27672f1c admin,pending,2026-09-13T02:11:06.448738+00:00,"{""id"":""08c91f4a-4f41-44c6-ad2d-abcd89590690"",""due_at"":""2028-08-06T03:00:00+00:00"",""status"":""pending"",""created_at"":""2026-09-13T02:11:06.448738+00:00"",""subject_id"":""56f3cf25-84ad-4746-934d-a50e371bf561"",""performed_at"":null,""activity_name"":""col151-fa3f27672f1c admin"",""authority_class"":""facility"",""execution_state"":""none"",""effective_receipt_id"":null,""requirement_version_id"":""7954828e-2856-44ae-8a51-5b4d32ed3c93"",""facility_requirement_id"":""a7da2d96-da69-43b4-bc16-950864034a4f""}",[],[],[],
occurrence,09fd3f90-b9c6-42eb-961a-1fe07e5c58b2,col151-fa3f27672f1c admin,pending,2026-09-13T02:11:06.448738+00:00,"{""id"":""09fd3f90-b9c6-42eb-961a-1fe07e5c58b2"",""due_at"":""2027-12-26T04:00:00+00:00"",""status"":""pending"",""created_at"":""2026-09-13T02:11:06.448738+00:00"",""subject_id"":""56f3cf25-84ad-4746-934d-a50e371bf561"",""performed_at"":null,""activity_name"":""col151-fa3f27672f1c admin"",""authority_class"":""facility"",""execution_state"":""none"",""effective_receipt_id"":null,""requirement_version_id"":""7954828e-2856-44ae-8a51-5b4d32ed3c93"",""facility_requirement_id"":""a7da2d96-da69-43b4-bc16-950864034a4f""}",[],[],[],
occurrence,0d9c7ff6-ec85-45eb-8f76-3b2e0eebf586,col151-fa3f27672f1c admin,pending,2026-09-13T02:11:06.448738+00:00,"{""id"":""0d9c7ff6-ec85-45eb-8f76-3b2e0eebf586"",""due_at"":""2028-04-23T03:00:00+00:00"",""status"":""pending"",""created_at"":""2026-09-13T02:11:06.448738+00:00"",""subject_id"":""56f3cf25-84ad-4746-934d-a50e371bf561"",""performed_at"":null,""activity_name"":""col151-fa3f27672f1c admin"",""authority_class"":""facility"",""execution_state"":""none"",""effective_receipt_id"":null,""requirement_version_id"":""7954828e-2856-44ae-8a51-5b4d32ed3c93"",""facility_requirement_id"":""a7da2d96-da69-43b4-bc16-950864034a4f""}",[],[],[],
occurrence,0e79a124-3bea-4b37-9cb5-f5a7bc024e23,col151-fa3f27672f1c admin,pending,2026-09-13T02:11:06.448738+00:00,"{""id"":""0e79a124-3bea-4b37-9cb5-f5a7bc024e23"",""due_at"":""2028-03-26T03:00:00+00:00"",""status"":""pending"",""created_at"":""2026-09-13T02:11:06.448738+00:00"",""subject_id"":""56f3cf25-84ad-4746-934d-a50e371bf561"",""performed_at"":null,""activity_name"":""col151-fa3f27672f1c admin"",""authority_class"":""facility"",""execution_state"":""none"",""effective_receipt_id"":null,""requirement_version_id"":""7954828e-2856-44ae-8a51-5b4d32ed3c93"",""facility_requirement_id"":""a7da2d96-da69-43b4-bc16-950864034a4f""}",[],[],[],
occurrence,135af891-1883-46ae-bf2a-5f2d55127741,col151-fa3f27672f1c admin,pending,2026-09-13T02:11:06.448738+00:00,"{""id"":""135af891-1883-46ae-bf2a-5f2d55127741"",""due_at"":""2026-11-01T03:00:00+00:00"",""status"":""pending"",""created_at"":""2026-09-13T02:11:06.448738+00:00"",""subject_id"":""56f3cf25-84ad-4746-934d-a50e371bf561"",""performed_at"":null,""activity_name"":""col151-fa3f27672f1c admin"",""authority_class"":""facility"",""execution_state"":""none"",""effective_receipt_id"":null,""requirement_version_id"":""7954828e-2856-44ae-8a51-5b4d32ed3c93"",""facility_requirement_id"":""a7da2d96-da69-43b4-bc16-950864034a4f""}",[],[],[],
occurrence,168a5b5a-dabf-42ae-8c55-03078e71dc69,col151-fa3f27672f1c admin,pending,2026-09-13T02:11:06.448738+00:00,"{""id"":""168a5b5a-dabf-42ae-8c55-03078e71dc69"",""due_at"":""2028-06-11T03:00:00+00:00"",""status"":""pending"",""created_at"":""2026-09-13T02:11:06.448738+00:00"",""subject_id"":""56f3cf25-84ad-4746-934d-a50e371bf561"",""performed_at"":null,""activity_name"":""col151-fa3f27672f1c admin"",""authority_class"":""facility"",""execution_state"":""none"",""effective_receipt_id"":null,""requirement_version_id"":""7954828e-2856-44ae-8a51-5b4d32ed3c93"",""facility_requirement_id"":""a7da2d96-da69-43b4-bc16-950864034a4f""}",[],[],[],
occurrence,1b0fca77-8dc6-4c37-b88b-a51bce8b8466,col151-fa3f27672f1c admin,pending,2026-09-13T02:11:06.448738+00:00,"{""id"":""1b0fca77-8dc6-4c37-b88b-a51bce8b8466"",""due_at"":""2028-02-27T04:00:00+00:00"",""status"":""pending"",""created_at"":""2026-09-13T02:11:06.448738+00:00"",""subject_id"":""56f3cf25-84ad-4746-934d-a50e371bf561"",""performed_at"":null,""activity_name"":""col151-fa3f27672f1c admin"",""authority_class"":""facility"",""execution_state"":""none"",""effective_receipt_id"":null,""requirement_version_id"":""7954828e-2856-44ae-8a51-5b4d32ed3c93"",""facility_requirement_id"":""a7da2d96-da69-43b4-bc16-950864034a4f""}",[],[],[],
occurrence,1b517986-35ee-4e3e-9da2-a9ed0def03c1,col151-fa3f27672f1c admin,pending,2026-09-13T02:11:06.448738+00:00,"{""id"":""1b517986-35ee-4e3e-9da2-a9ed0def03c1"",""due_at"":""2026-12-20T04:00:00+00:00"",""status"":""pending"",""created_at"":""2026-09-13T02:11:06.448738+00:00"",""subject_id"":""56f3cf25-84ad-4746-934d-a50e371bf561"",""performed_at"":null,""activity_name"":""col151-fa3f27672f1c admin"",""authority_class"":""facility"",""execution_state"":""none"",""effective_receipt_id"":null,""requirement_version_id"":""7954828e-2856-44ae-8a51-5b4d32ed3c93"",""facility_requirement_id"":""a7da2d96-da69-43b4-bc16-950864034a4f""}",[],[],[],
occurrence,2182c605-4fa1-4f27-b543-00fc27c27016,col151-fa3f27672f1c admin,pending,2026-09-13T02:11:06.448738+00:00,"{""id"":""2182c605-4fa1-4f27-b543-00fc27c27016"",""due_at"":""2026-10-11T03:00:00+00:00"",""status"":""pending"",""created_at"":""2026-09-13T02:11:06.448738+00:00"",""subject_id"":""56f3cf25-84ad-4746-934d-a50e371bf561"",""performed_at"":null,""activity_name"":""col151-fa3f27672f1c admin"",""authority_class"":""facility"",""execution_state"":""none"",""effective_receipt_id"":null,""requirement_version_id"":""7954828e-2856-44ae-8a51-5b4d32ed3c93"",""facility_requirement_id"":""a7da2d96-da69-43b4-bc16-950864034a4f""}",[],[],[],
occurrence,2ac1e234-3434-4113-9fdd-9f4f7a138426,col151-fa3f27672f1c admin,pending,2026-09-13T02:11:06.448738+00:00,"{""id"":""2ac1e234-3434-4113-9fdd-9f4f7a138426"",""due_at"":""2028-03-05T04:00:00+00:00"",""status"":""pending"",""created_at"":""2026-09-13T02:11:06.448738+00:00"",""subject_id"":""56f3cf25-84ad-4746-934d-a50e371bf561"",""performed_at"":null,""activity_name"":""col151-fa3f27672f1c admin"",""authority_class"":""facility"",""execution_state"":""none"",""effective_receipt_id"":null,""requirement_version_id"":""7954828e-2856-44ae-8a51-5b4d32ed3c93"",""facility_requirement_id"":""a7da2d96-da69-43b4-bc16-950864034a4f""}",[],[],[],
occurrence,2e6ff225-ddde-415b-a0c5-0a1bb56ddcc1,col151-fa3f27672f1c admin,pending,2026-09-13T02:11:06.448738+00:00,"{""id"":""2e6ff225-ddde-415b-a0c5-0a1bb56ddcc1"",""due_at"":""2028-05-28T03:00:00+00:00"",""status"":""pending"",""created_at"":""2026-09-13T02:11:06.448738+00:00"",""subject_id"":""56f3cf25-84ad-4746-934d-a50e371bf561"",""performed_at"":null,""activity_name"":""col151-fa3f27672f1c admin"",""authority_class"":""facility"",""execution_state"":""none"",""effective_receipt_id"":null,""requirement_version_id"":""7954828e-2856-44ae-8a51-5b4d32ed3c93"",""facility_requirement_id"":""a7da2d96-da69-43b4-bc16-950864034a4f""}",[],[],[],
occurrence,2f85af58-8ec3-4d09-bb73-efcb7631a7d5,col151-fa3f27672f1c admin,pending,2026-09-13T02:11:06.448738+00:00,"{""id"":""2f85af58-8ec3-4d09-bb73-efcb7631a7d5"",""due_at"":""2028-02-13T04:00:00+00:00"",""status"":""pending"",""created_at"":""2026-09-13T02:11:06.448738+00:00"",""subject_id"":""56f3cf25-84ad-4746-934d-a50e371bf561"",""performed_at"":null,""activity_name"":""col151-fa3f27672f1c admin"",""authority_class"":""facility"",""execution_state"":""none"",""effective_receipt_id"":null,""requirement_version_id"":""7954828e-2856-44ae-8a51-5b4d32ed3c93"",""facility_requirement_id"":""a7da2d96-da69-43b4-bc16-950864034a4f""}",[],[],[],
occurrence,3402fc56-87e7-4bee-be17-db62749450ce,col151-fa3f27672f1c admin,pending,2026-09-13T02:11:06.448738+00:00,"{""id"":""3402fc56-87e7-4bee-be17-db62749450ce"",""due_at"":""2027-06-27T03:00:00+00:00"",""status"":""pending"",""created_at"":""2026-09-13T02:11:06.448738+00:00"",""subject_id"":""56f3cf25-84ad-4746-934d-a50e371bf561"",""performed_at"":null,""activity_name"":""col151-fa3f27672f1c admin"",""authority_class"":""facility"",""execution_state"":""none"",""effective_receipt_id"":null,""requirement_version_id"":""7954828e-2856-44ae-8a51-5b4d32ed3c93"",""facility_requirement_id"":""a7da2d96-da69-43b4-bc16-950864034a4f""}",[],[],[],
occurrence,39022fae-4fc3-45c6-bf43-98eb8cc3794c,col151-fa3f27672f1c admin,pending,2026-09-13T02:11:06.448738+00:00,"{""id"":""39022fae-4fc3-45c6-bf43-98eb8cc3794c"",""due_at"":""2028-01-30T04:00:00+00:00"",""status"":""pending"",""created_at"":""2026-09-13T02:11:06.448738+00:00"",""subject_id"":""56f3cf25-84ad-4746-934d-a50e371bf561"",""performed_at"":null,""activity_name"":""col151-fa3f27672f1c admin"",""authority_class"":""facility"",""execution_state"":""none"",""effective_receipt_id"":null,""requirement_version_id"":""7954828e-2856-44ae-8a51-5b4d32ed3c93"",""facility_requirement_id"":""a7da2d96-da69-43b4-bc16-950864034a4f""}",[],[],[],
occurrence,3be0fec2-3e7f-4344-90fe-52b57e829412,col151-fa3f27672f1c admin,pending,2026-09-13T02:11:06.448738+00:00,"{""id"":""3be0fec2-3e7f-4344-90fe-52b57e829412"",""due_at"":""2027-07-25T03:00:00+00:00"",""status"":""pending"",""created_at"":""2026-09-13T02:11:06.448738+00:00"",""subject_id"":""56f3cf25-84ad-4746-934d-a50e371bf561"",""performed_at"":null,""activity_name"":""col151-fa3f27672f1c admin"",""authority_class"":""facility"",""execution_state"":""none"",""effective_receipt_id"":null,""requirement_version_id"":""7954828e-2856-44ae-8a51-5b4d32ed3c93"",""facility_requirement_id"":""a7da2d96-da69-43b4-bc16-950864034a4f""}",[],[],[],
occurrence,3c324119-1d3f-4a90-8ee9-43846073bc55,col151-fa3f27672f1c admin,pending,2026-09-13T02:11:06.448738+00:00,"{""id"":""3c324119-1d3f-4a90-8ee9-43846073bc55"",""due_at"":""2027-05-23T03:00:00+00:00"",""status"":""pending"",""created_at"":""2026-09-13T02:11:06.448738+00:00"",""subject_id"":""56f3cf25-84ad-4746-934d-a50e371bf561"",""performed_at"":null,""activity_name"":""col151-fa3f27672f1c admin"",""authority_class"":""facility"",""execution_state"":""none"",""effective_receipt_id"":null,""requirement_version_id"":""7954828e-2856-44ae-8a51-5b4d32ed3c93"",""facility_requirement_id"":""a7da2d96-da69-43b4-bc16-950864034a4f""}",[],[],[],
occurrence,3f418200-96ce-4d9f-bdde-5ae0620ccf1c,col151-fa3f27672f1c admin,pending,2026-09-13T02:11:06.448738+00:00,"{""id"":""3f418200-96ce-4d9f-bdde-5ae0620ccf1c"",""due_at"":""2028-06-25T03:00:00+00:00"",""status"":""pending"",""created_at"":""2026-09-13T02:11:06.448738+00:00"",""subject_id"":""56f3cf25-84ad-4746-934d-a50e371bf561"",""performed_at"":null,""activity_name"":""col151-fa3f27672f1c admin"",""authority_class"":""facility"",""execution_state"":""none"",""effective_receipt_id"":null,""requirement_version_id"":""7954828e-2856-44ae-8a51-5b4d32ed3c93"",""facility_requirement_id"":""a7da2d96-da69-43b4-bc16-950864034a4f""}",[],[],[],
occurrence,3f5195ca-4399-4b16-b81d-e47d0589abcd,col151-fa3f27672f1c admin,pending,2026-09-13T02:11:06.448738+00:00,"{""id"":""3f5195ca-4399-4b16-b81d-e47d0589abcd"",""due_at"":""2028-01-02T04:00:00+00:00"",""status"":""pending"",""created_at"":""2026-09-13T02:11:06.448738+00:00"",""subject_id"":""56f3cf25-84ad-4746-934d-a50e371bf561"",""performed_at"":null,""activity_name"":""col151-fa3f27672f1c admin"",""authority_class"":""facility"",""execution_state"":""none"",""effective_receipt_id"":null,""requirement_version_id"":""7954828e-2856-44ae-8a51-5b4d32ed3c93"",""facility_requirement_id"":""a7da2d96-da69-43b4-bc16-950864034a4f""}",[],[],[],
occurrence,429038dc-327d-4e5b-817d-8ca7b8d65a26,col151-fa3f27672f1c admin,pending,2026-09-13T02:11:06.448738+00:00,"{""id"":""429038dc-327d-4e5b-817d-8ca7b8d65a26"",""due_at"":""2027-01-03T04:00:00+00:00"",""status"":""pending"",""created_at"":""2026-09-13T02:11:06.448738+00:00"",""subject_id"":""56f3cf25-84ad-4746-934d-a50e371bf561"",""performed_at"":null,""activity_name"":""col151-fa3f27672f1c admin"",""authority_class"":""facility"",""execution_state"":""none"",""effective_receipt_id"":null,""requirement_version_id"":""7954828e-2856-44ae-8a51-5b4d32ed3c93"",""facility_requirement_id"":""a7da2d96-da69-43b4-bc16-950864034a4f""}",[],[],[],
occurrence,43fe9a71-a9f7-4d7f-a15c-86b01275bc83,col151-fa3f27672f1c admin,pending,2026-09-13T02:11:06.448738+00:00,"{""id"":""43fe9a71-a9f7-4d7f-a15c-86b01275bc83"",""due_at"":""2026-12-06T04:00:00+00:00"",""status"":""pending"",""created_at"":""2026-09-13T02:11:06.448738+00:00"",""subject_id"":""56f3cf25-84ad-4746-934d-a50e371bf561"",""performed_at"":null,""activity_name"":""col151-fa3f27672f1c admin"",""authority_class"":""facility"",""execution_state"":""none"",""effective_receipt_id"":null,""requirement_version_id"":""7954828e-2856-44ae-8a51-5b4d32ed3c93"",""facility_requirement_id"":""a7da2d96-da69-43b4-bc16-950864034a4f""}",[],[],[],
occurrence,485860dc-4ce6-49e2-afba-d77e640fecca,col151-fa3f27672f1c admin,pending,2026-09-13T02:11:06.448738+00:00,"{""id"":""485860dc-4ce6-49e2-afba-d77e640fecca"",""due_at"":""2027-07-18T03:00:00+00:00"",""status"":""pending"",""created_at"":""2026-09-13T02:11:06.448738+00:00"",""subject_id"":""56f3cf25-84ad-4746-934d-a50e371bf561"",""performed_at"":null,""activity_name"":""col151-fa3f27672f1c admin"",""authority_class"":""facility"",""execution_state"":""none"",""effective_receipt_id"":null,""requirement_version_id"":""7954828e-2856-44ae-8a51-5b4d32ed3c93"",""facility_requirement_id"":""a7da2d96-da69-43b4-bc16-950864034a4f""}",[],[],[],
occurrence,4a174949-f4d3-4008-85cf-3d10f6ea9571,col151-fa3f27672f1c admin,pending,2026-09-13T02:11:06.448738+00:00,"{""id"":""4a174949-f4d3-4008-85cf-3d10f6ea9571"",""due_at"":""2027-10-31T03:00:00+00:00"",""status"":""pending"",""created_at"":""2026-09-13T02:11:06.448738+00:00"",""subject_id"":""56f3cf25-84ad-4746-934d-a50e371bf561"",""performed_at"":null,""activity_name"":""col151-fa3f27672f1c admin"",""authority_class"":""facility"",""execution_state"":""none"",""effective_receipt_id"":null,""requirement_version_id"":""7954828e-2856-44ae-8a51-5b4d32ed3c93"",""facility_requirement_id"":""a7da2d96-da69-43b4-bc16-950864034a4f""}",[],[],[],
occurrence,4ad2ee36-6707-46f3-b3c5-43e6198c308e,col151-fa3f27672f1c admin,pending,2026-09-13T02:11:06.448738+00:00,"{""id"":""4ad2ee36-6707-46f3-b3c5-43e6198c308e"",""due_at"":""2027-12-12T04:00:00+00:00"",""status"":""pending"",""created_at"":""2026-09-13T02:11:06.448738+00:00"",""subject_id"":""56f3cf25-84ad-4746-934d-a50e371bf561"",""performed_at"":null,""activity_name"":""col151-fa3f27672f1c admin"",""authority_class"":""facility"",""execution_state"":""none"",""effective_receipt_id"":null,""requirement_version_id"":""7954828e-2856-44ae-8a51-5b4d32ed3c93"",""facility_requirement_id"":""a7da2d96-da69-43b4-bc16-950864034a4f""}",[],[],[],
occurrence,4eb5e730-da60-4bac-9f58-8eeda0989394,col151-fa3f27672f1c admin,pending,2026-09-13T02:11:06.448738+00:00,"{""id"":""4eb5e730-da60-4bac-9f58-8eeda0989394"",""due_at"":""2028-07-02T03:00:00+00:00"",""status"":""pending"",""created_at"":""2026-09-13T02:11:06.448738+00:00"",""subject_id"":""56f3cf25-84ad-4746-934d-a50e371bf561"",""performed_at"":null,""activity_name"":""col151-fa3f27672f1c admin"",""authority_class"":""facility"",""execution_state"":""none"",""effective_receipt_id"":null,""requirement_version_id"":""7954828e-2856-44ae-8a51-5b4d32ed3c93"",""facility_requirement_id"":""a7da2d96-da69-43b4-bc16-950864034a4f""}",[],[],[],
occurrence,50b1fad1-315b-49c6-82eb-30f4007b59a8,col151-fa3f27672f1c admin,pending,2026-09-13T02:11:06.448738+00:00,"{""id"":""50b1fad1-315b-49c6-82eb-30f4007b59a8"",""due_at"":""2027-08-01T03:00:00+00:00"",""status"":""pending"",""created_at"":""2026-09-13T02:11:06.448738+00:00"",""subject_id"":""56f3cf25-84ad-4746-934d-a50e371bf561"",""performed_at"":null,""activity_name"":""col151-fa3f27672f1c admin"",""authority_class"":""facility"",""execution_state"":""none"",""effective_receipt_id"":null,""requirement_version_id"":""7954828e-2856-44ae-8a51-5b4d32ed3c93"",""facility_requirement_id"":""a7da2d96-da69-43b4-bc16-950864034a4f""}",[],[],[],
occurrence,58b47f3b-2c9c-4de2-822c-1f2aedccd3e1,col151-fa3f27672f1c admin,pending,2026-09-13T02:11:06.448738+00:00,"{""id"":""58b47f3b-2c9c-4de2-822c-1f2aedccd3e1"",""due_at"":""2026-12-27T04:00:00+00:00"",""status"":""pending"",""created_at"":""2026-09-13T02:11:06.448738+00:00"",""subject_id"":""56f3cf25-84ad-4746-934d-a50e371bf561"",""performed_at"":null,""activity_name"":""col151-fa3f27672f1c admin"",""authority_class"":""facility"",""execution_state"":""none"",""effective_receipt_id"":null,""requirement_version_id"":""7954828e-2856-44ae-8a51-5b4d32ed3c93"",""facility_requirement_id"":""a7da2d96-da69-43b4-bc16-950864034a4f""}",[],[],[],
occurrence,5a71a034-9fc4-4ea9-a5d6-fbc02751d7ce,col151-fa3f27672f1c admin,pending,2026-09-13T02:11:06.448738+00:00,"{""id"":""5a71a034-9fc4-4ea9-a5d6-fbc02751d7ce"",""due_at"":""2027-05-30T03:00:00+00:00"",""status"":""pending"",""created_at"":""2026-09-13T02:11:06.448738+00:00"",""subject_id"":""56f3cf25-84ad-4746-934d-a50e371bf561"",""performed_at"":null,""activity_name"":""col151-fa3f27672f1c admin"",""authority_class"":""facility"",""execution_state"":""none"",""effective_receipt_id"":null,""requirement_version_id"":""7954828e-2856-44ae-8a51-5b4d32ed3c93"",""facility_requirement_id"":""a7da2d96-da69-43b4-bc16-950864034a4f""}",[],[],[],
occurrence,5cd0f591-4697-4356-a82e-6453ac7303d6,col151-fa3f27672f1c admin,pending,2026-09-13T02:11:06.448738+00:00,"{""id"":""5cd0f591-4697-4356-a82e-6453ac7303d6"",""due_at"":""2027-05-16T03:00:00+00:00"",""status"":""pending"",""created_at"":""2026-09-13T02:11:06.448738+00:00"",""subject_id"":""56f3cf25-84ad-4746-934d-a50e371bf561"",""performed_at"":null,""activity_name"":""col151-fa3f27672f1c admin"",""authority_class"":""facility"",""execution_state"":""none"",""effective_receipt_id"":null,""requirement_version_id"":""7954828e-2856-44ae-8a51-5b4d32ed3c93"",""facility_requirement_id"":""a7da2d96-da69-43b4-bc16-950864034a4f""}",[],[],[],
occurrence,5cdfca05-805a-4bb7-a912-fb8e30a7a4f1,col151-fa3f27672f1c admin,pending,2026-09-13T02:11:06.448738+00:00,"{""id"":""5cdfca05-805a-4bb7-a912-fb8e30a7a4f1"",""due_at"":""2027-01-10T04:00:00+00:00"",""status"":""pending"",""created_at"":""2026-09-13T02:11:06.448738+00:00"",""subject_id"":""56f3cf25-84ad-4746-934d-a50e371bf561"",""performed_at"":null,""activity_name"":""col151-fa3f27672f1c admin"",""authority_class"":""facility"",""execution_state"":""none"",""effective_receipt_id"":null,""requirement_version_id"":""7954828e-2856-44ae-8a51-5b4d32ed3c93"",""facility_requirement_id"":""a7da2d96-da69-43b4-bc16-950864034a4f""}",[],[],[],
occurrence,5e3c8949-3c4e-49ea-b93d-81d53aa5e1e1,col151-fa3f27672f1c admin,pending,2026-09-13T02:11:06.448738+00:00,"{""id"":""5e3c8949-3c4e-49ea-b93d-81d53aa5e1e1"",""due_at"":""2027-03-07T04:00:00+00:00"",""status"":""pending"",""created_at"":""2026-09-13T02:11:06.448738+00:00"",""subject_id"":""56f3cf25-84ad-4746-934d-a50e371bf561"",""performed_at"":null,""activity_name"":""col151-fa3f27672f1c admin"",""authority_class"":""facility"",""execution_state"":""none"",""effective_receipt_id"":null,""requirement_version_id"":""7954828e-2856-44ae-8a51-5b4d32ed3c93"",""facility_requirement_id"":""a7da2d96-da69-43b4-bc16-950864034a4f""}",[],[],[],
occurrence,63f4380b-0e03-47fd-9843-88dcc024f2e4,col151-fa3f27672f1c admin,pending,2026-09-13T02:11:06.448738+00:00,"{""id"":""63f4380b-0e03-47fd-9843-88dcc024f2e4"",""due_at"":""2027-05-09T03:00:00+00:00"",""status"":""pending"",""created_at"":""2026-09-13T02:11:06.448738+00:00"",""subject_id"":""56f3cf25-84ad-4746-934d-a50e371bf561"",""performed_at"":null,""activity_name"":""col151-fa3f27672f1c admin"",""authority_class"":""facility"",""execution_state"":""none"",""effective_receipt_id"":null,""requirement_version_id"":""7954828e-2856-44ae-8a51-5b4d32ed3c93"",""facility_requirement_id"":""a7da2d96-da69-43b4-bc16-950864034a4f""}",[],[],[],
occurrence,645e5c2a-8bf8-40c4-b220-d7316ae5d715,col151-fa3f27672f1c admin,pending,2026-09-13T02:11:06.448738+00:00,"{""id"":""645e5c2a-8bf8-40c4-b220-d7316ae5d715"",""due_at"":""2028-06-04T03:00:00+00:00"",""status"":""pending"",""created_at"":""2026-09-13T02:11:06.448738+00:00"",""subject_id"":""56f3cf25-84ad-4746-934d-a50e371bf561"",""performed_at"":null,""activity_name"":""col151-fa3f27672f1c admin"",""authority_class"":""facility"",""execution_state"":""none"",""effective_receipt_id"":null,""requirement_version_id"":""7954828e-2856-44ae-8a51-5b4d32ed3c93"",""facility_requirement_id"":""a7da2d96-da69-43b4-bc16-950864034a4f""}",[],[],[],
occurrence,674372e7-8b83-4499-a297-fd8b5fb43264,col151-fa3f27672f1c admin,pending,2026-09-13T02:11:06.448738+00:00,"{""id"":""674372e7-8b83-4499-a297-fd8b5fb43264"",""due_at"":""2027-05-02T03:00:00+00:00"",""status"":""pending"",""created_at"":""2026-09-13T02:11:06.448738+00:00"",""subject_id"":""56f3cf25-84ad-4746-934d-a50e371bf561"",""performed_at"":null,""activity_name"":""col151-fa3f27672f1c admin"",""authority_class"":""facility"",""execution_state"":""none"",""effective_receipt_id"":null,""requirement_version_id"":""7954828e-2856-44ae-8a51-5b4d32ed3c93"",""facility_requirement_id"":""a7da2d96-da69-43b4-bc16-950864034a4f""}",[],[],[],
occurrence,67a631ef-d4df-42e6-90d8-c0aa06375eed,col151-fa3f27672f1c admin,pending,2026-09-13T02:11:06.448738+00:00,"{""id"":""67a631ef-d4df-42e6-90d8-c0aa06375eed"",""due_at"":""2027-02-28T04:00:00+00:00"",""status"":""pending"",""created_at"":""2026-09-13T02:11:06.448738+00:00"",""subject_id"":""56f3cf25-84ad-4746-934d-a50e371bf561"",""performed_at"":null,""activity_name"":""col151-fa3f27672f1c admin"",""authority_class"":""facility"",""execution_state"":""none"",""effective_receipt_id"":null,""requirement_version_id"":""7954828e-2856-44ae-8a51-5b4d32ed3c93"",""facility_requirement_id"":""a7da2d96-da69-43b4-bc16-950864034a4f""}",[],[],[],
occurrence,68302f51-8a5f-40d5-9616-b54f25906065,col151-fa3f27672f1c admin,pending,2026-09-13T02:11:06.448738+00:00,"{""id"":""68302f51-8a5f-40d5-9616-b54f25906065"",""due_at"":""2027-09-05T03:00:00+00:00"",""status"":""pending"",""created_at"":""2026-09-13T02:11:06.448738+00:00"",""subject_id"":""56f3cf25-84ad-4746-934d-a50e371bf561"",""performed_at"":null,""activity_name"":""col151-fa3f27672f1c admin"",""authority_class"":""facility"",""execution_state"":""none"",""effective_receipt_id"":null,""requirement_version_id"":""7954828e-2856-44ae-8a51-5b4d32ed3c93"",""facility_requirement_id"":""a7da2d96-da69-43b4-bc16-950864034a4f""}",[],[],[],
occurrence,685a23ed-8c07-4acd-87ea-d7b438c9b6ff,col151-fa3f27672f1c admin,pending,2026-09-13T02:11:06.448738+00:00,"{""id"":""685a23ed-8c07-4acd-87ea-d7b438c9b6ff"",""due_at"":""2027-10-03T03:00:00+00:00"",""status"":""pending"",""created_at"":""2026-09-13T02:11:06.448738+00:00"",""subject_id"":""56f3cf25-84ad-4746-934d-a50e371bf561"",""performed_at"":null,""activity_name"":""col151-fa3f27672f1c admin"",""authority_class"":""facility"",""execution_state"":""none"",""effective_receipt_id"":null,""requirement_version_id"":""7954828e-2856-44ae-8a51-5b4d32ed3c93"",""facility_requirement_id"":""a7da2d96-da69-43b4-bc16-950864034a4f""}",[],[],[],
occurrence,6af4e90f-cddd-491b-be2a-e01f12226cae,col151-fa3f27672f1c admin,pending,2026-09-13T02:11:06.448738+00:00,"{""id"":""6af4e90f-cddd-491b-be2a-e01f12226cae"",""due_at"":""2027-08-08T03:00:00+00:00"",""status"":""pending"",""created_at"":""2026-09-13T02:11:06.448738+00:00"",""subject_id"":""56f3cf25-84ad-4746-934d-a50e371bf561"",""performed_at"":null,""activity_name"":""col151-fa3f27672f1c admin"",""authority_class"":""facility"",""execution_state"":""none"",""effective_receipt_id"":null,""requirement_version_id"":""7954828e-2856-44ae-8a51-5b4d32ed3c93"",""facility_requirement_id"":""a7da2d96-da69-43b4-bc16-950864034a4f""}",[],[],[],
occurrence,6bd6bb4a-199d-4879-8098-94fa10d2a2fc,col151-fa3f27672f1c admin,pending,2026-09-13T02:11:06.448738+00:00,"{""id"":""6bd6bb4a-199d-4879-8098-94fa10d2a2fc"",""due_at"":""2028-02-06T04:00:00+00:00"",""status"":""pending"",""created_at"":""2026-09-13T02:11:06.448738+00:00"",""subject_id"":""56f3cf25-84ad-4746-934d-a50e371bf561"",""performed_at"":null,""activity_name"":""col151-fa3f27672f1c admin"",""authority_class"":""facility"",""execution_state"":""none"",""effective_receipt_id"":null,""requirement_version_id"":""7954828e-2856-44ae-8a51-5b4d32ed3c93"",""facility_requirement_id"":""a7da2d96-da69-43b4-bc16-950864034a4f""}",[],[],[],
occurrence,7092975d-deaf-4ab7-9122-e9694c7fcb38,col151-fa3f27672f1c admin,pending,2026-09-13T02:11:06.448738+00:00,"{""id"":""7092975d-deaf-4ab7-9122-e9694c7fcb38"",""due_at"":""2027-01-17T04:00:00+00:00"",""status"":""pending"",""created_at"":""2026-09-13T02:11:06.448738+00:00"",""subject_id"":""56f3cf25-84ad-4746-934d-a50e371bf561"",""performed_at"":null,""activity_name"":""col151-fa3f27672f1c admin"",""authority_class"":""facility"",""execution_state"":""none"",""effective_receipt_id"":null,""requirement_version_id"":""7954828e-2856-44ae-8a51-5b4d32ed3c93"",""facility_requirement_id"":""a7da2d96-da69-43b4-bc16-950864034a4f""}",[],[],[],
occurrence,722a0b6b-a000-440e-b000-0f48dee9aabe,col151-fa3f27672f1c admin,pending,2026-09-13T02:11:06.448738+00:00,"{""id"":""722a0b6b-a000-440e-b000-0f48dee9aabe"",""due_at"":""2027-02-07T04:00:00+00:00"",""status"":""pending"",""created_at"":""2026-09-13T02:11:06.448738+00:00"",""subject_id"":""56f3cf25-84ad-4746-934d-a50e371bf561"",""performed_at"":null,""activity_name"":""col151-fa3f27672f1c admin"",""authority_class"":""facility"",""execution_state"":""none"",""effective_receipt_id"":null,""requirement_version_id"":""7954828e-2856-44ae-8a51-5b4d32ed3c93"",""facility_requirement_id"":""a7da2d96-da69-43b4-bc16-950864034a4f""}",[],[],[],
occurrence,753b468e-46f6-4560-9e11-8e3b0b6c2e55,col151-fa3f27672f1c admin,pending,2026-09-13T02:11:06.448738+00:00,"{""id"":""753b468e-46f6-4560-9e11-8e3b0b6c2e55"",""due_at"":""2027-04-11T03:00:00+00:00"",""status"":""pending"",""created_at"":""2026-09-13T02:11:06.448738+00:00"",""subject_id"":""56f3cf25-84ad-4746-934d-a50e371bf561"",""performed_at"":null,""activity_name"":""col151-fa3f27672f1c admin"",""authority_class"":""facility"",""execution_state"":""none"",""effective_receipt_id"":null,""requirement_version_id"":""7954828e-2856-44ae-8a51-5b4d32ed3c93"",""facility_requirement_id"":""a7da2d96-da69-43b4-bc16-950864034a4f""}",[],[],[],
occurrence,7c4bbbaa-2f7e-4f29-bab9-3a75bf30e9aa,col151-fa3f27672f1c admin,pending,2026-09-13T02:11:06.448738+00:00,"{""id"":""7c4bbbaa-2f7e-4f29-bab9-3a75bf30e9aa"",""due_at"":""2028-01-09T04:00:00+00:00"",""status"":""pending"",""created_at"":""2026-09-13T02:11:06.448738+00:00"",""subject_id"":""56f3cf25-84ad-4746-934d-a50e371bf561"",""performed_at"":null,""activity_name"":""col151-fa3f27672f1c admin"",""authority_class"":""facility"",""execution_state"":""none"",""effective_receipt_id"":null,""requirement_version_id"":""7954828e-2856-44ae-8a51-5b4d32ed3c93"",""facility_requirement_id"":""a7da2d96-da69-43b4-bc16-950864034a4f""}",[],[],[],
occurrence,7ce09adb-4ec3-4a04-99e7-e848ea5fefa9,col151-fa3f27672f1c admin,pending,2026-09-13T02:11:06.448738+00:00,"{""id"":""7ce09adb-4ec3-4a04-99e7-e848ea5fefa9"",""due_at"":""2027-08-15T03:00:00+00:00"",""status"":""pending"",""created_at"":""2026-09-13T02:11:06.448738+00:00"",""subject_id"":""56f3cf25-84ad-4746-934d-a50e371bf561"",""performed_at"":null,""activity_name"":""col151-fa3f27672f1c admin"",""authority_class"":""facility"",""execution_state"":""none"",""effective_receipt_id"":null,""requirement_version_id"":""7954828e-2856-44ae-8a51-5b4d32ed3c93"",""facility_requirement_id"":""a7da2d96-da69-43b4-bc16-950864034a4f""}",[],[],[],
occurrence,80cd2804-5f54-45bf-861a-6195aa5f3071,col151-fa3f27672f1c admin,pending,2026-09-13T02:11:06.448738+00:00,"{""id"":""80cd2804-5f54-45bf-861a-6195aa5f3071"",""due_at"":""2028-03-19T03:00:00+00:00"",""status"":""pending"",""created_at"":""2026-09-13T02:11:06.448738+00:00"",""subject_id"":""56f3cf25-84ad-4746-934d-a50e371bf561"",""performed_at"":null,""activity_name"":""col151-fa3f27672f1c admin"",""authority_class"":""facility"",""execution_state"":""none"",""effective_receipt_id"":null,""requirement_version_id"":""7954828e-2856-44ae-8a51-5b4d32ed3c93"",""facility_requirement_id"":""a7da2d96-da69-43b4-bc16-950864034a4f""}",[],[],[],
occurrence,83a8811d-39db-43b3-871d-82878948c20c,col151-fa3f27672f1c admin,pending,2026-09-13T02:11:06.448738+00:00,"{""id"":""83a8811d-39db-43b3-871d-82878948c20c"",""due_at"":""2028-01-23T04:00:00+00:00"",""status"":""pending"",""created_at"":""2026-09-13T02:11:06.448738+00:00"",""subject_id"":""56f3cf25-84ad-4746-934d-a50e371bf561"",""performed_at"":null,""activity_name"":""col151-fa3f27672f1c admin"",""authority_class"":""facility"",""execution_state"":""none"",""effective_receipt_id"":null,""requirement_version_id"":""7954828e-2856-44ae-8a51-5b4d32ed3c93"",""facility_requirement_id"":""a7da2d96-da69-43b4-bc16-950864034a4f""}",[],[],[],
occurrence,871de9c1-6769-4a5c-81aa-651d3b3902b6,col151-fa3f27672f1c admin,pending,2026-09-13T02:11:06.448738+00:00,"{""id"":""871de9c1-6769-4a5c-81aa-651d3b3902b6"",""due_at"":""2026-11-08T04:00:00+00:00"",""status"":""pending"",""created_at"":""2026-09-13T02:11:06.448738+00:00"",""subject_id"":""56f3cf25-84ad-4746-934d-a50e371bf561"",""performed_at"":null,""activity_name"":""col151-fa3f27672f1c admin"",""authority_class"":""facility"",""execution_state"":""none"",""effective_receipt_id"":null,""requirement_version_id"":""7954828e-2856-44ae-8a51-5b4d32ed3c93"",""facility_requirement_id"":""a7da2d96-da69-43b4-bc16-950864034a4f""}",[],[],[],
occurrence,88186e52-d939-4904-8f34-83d9f8d10b9c,col151-fa3f27672f1c admin,pending,2026-09-13T02:11:06.448738+00:00,"{""id"":""88186e52-d939-4904-8f34-83d9f8d10b9c"",""due_at"":""2028-05-14T03:00:00+00:00"",""status"":""pending"",""created_at"":""2026-09-13T02:11:06.448738+00:00"",""subject_id"":""56f3cf25-84ad-4746-934d-a50e371bf561"",""performed_at"":null,""activity_name"":""col151-fa3f27672f1c admin"",""authority_class"":""facility"",""execution_state"":""none"",""effective_receipt_id"":null,""requirement_version_id"":""7954828e-2856-44ae-8a51-5b4d32ed3c93"",""facility_requirement_id"":""a7da2d96-da69-43b4-bc16-950864034a4f""}",[],[],[],
occurrence,88985a53-4cb5-493d-817b-a51f758eef8b,col151-fa3f27672f1c admin,pending,2026-09-13T02:11:06.448738+00:00,"{""id"":""88985a53-4cb5-493d-817b-a51f758eef8b"",""due_at"":""2027-11-21T04:00:00+00:00"",""status"":""pending"",""created_at"":""2026-09-13T02:11:06.448738+00:00"",""subject_id"":""56f3cf25-84ad-4746-934d-a50e371bf561"",""performed_at"":null,""activity_name"":""col151-fa3f27672f1c admin"",""authority_class"":""facility"",""execution_state"":""none"",""effective_receipt_id"":null,""requirement_version_id"":""7954828e-2856-44ae-8a51-5b4d32ed3c93"",""facility_requirement_id"":""a7da2d96-da69-43b4-bc16-950864034a4f""}",[],[],[],
occurrence,8e47efd3-04d5-4eee-9be3-0c2429b08210,col151-fa3f27672f1c admin,pending,2026-09-13T02:11:06.448738+00:00,"{""id"":""8e47efd3-04d5-4eee-9be3-0c2429b08210"",""due_at"":""2026-11-29T04:00:00+00:00"",""status"":""pending"",""created_at"":""2026-09-13T02:11:06.448738+00:00"",""subject_id"":""56f3cf25-84ad-4746-934d-a50e371bf561"",""performed_at"":null,""activity_name"":""col151-fa3f27672f1c admin"",""authority_class"":""facility"",""execution_state"":""none"",""effective_receipt_id"":null,""requirement_version_id"":""7954828e-2856-44ae-8a51-5b4d32ed3c93"",""facility_requirement_id"":""a7da2d96-da69-43b4-bc16-950864034a4f""}",[],[],[],
occurrence,938f95bb-cfb5-47f4-9400-df570317bdf6,col151-fa3f27672f1c admin,pending,2026-09-13T02:11:06.448738+00:00,"{""id"":""938f95bb-cfb5-47f4-9400-df570317bdf6"",""due_at"":""2026-09-27T03:00:00+00:00"",""status"":""pending"",""created_at"":""2026-09-13T02:11:06.448738+00:00"",""subject_id"":""56f3cf25-84ad-4746-934d-a50e371bf561"",""performed_at"":null,""activity_name"":""col151-fa3f27672f1c admin"",""authority_class"":""facility"",""execution_state"":""none"",""effective_receipt_id"":null,""requirement_version_id"":""7954828e-2856-44ae-8a51-5b4d32ed3c93"",""facility_requirement_id"":""a7da2d96-da69-43b4-bc16-950864034a4f""}",[],[],[],
occurrence,9633bb6f-d613-40e1-b6df-f3bd1396c59d,col151-fa3f27672f1c admin,pending,2026-09-13T02:11:06.448738+00:00,"{""id"":""9633bb6f-d613-40e1-b6df-f3bd1396c59d"",""due_at"":""2028-03-12T04:00:00+00:00"",""status"":""pending"",""created_at"":""2026-09-13T02:11:06.448738+00:00"",""subject_id"":""56f3cf25-84ad-4746-934d-a50e371bf561"",""performed_at"":null,""activity_name"":""col151-fa3f27672f1c admin"",""authority_class"":""facility"",""execution_state"":""none"",""effective_receipt_id"":null,""requirement_version_id"":""7954828e-2856-44ae-8a51-5b4d32ed3c93"",""facility_requirement_id"":""a7da2d96-da69-43b4-bc16-950864034a4f""}",[],[],[],
occurrence,984e3638-a716-4c01-887f-5290c87de8a5,col151-fa3f27672f1c admin,pending,2026-09-13T02:11:06.448738+00:00,"{""id"":""984e3638-a716-4c01-887f-5290c87de8a5"",""due_at"":""2027-01-31T04:00:00+00:00"",""status"":""pending"",""created_at"":""2026-09-13T02:11:06.448738+00:00"",""subject_id"":""56f3cf25-84ad-4746-934d-a50e371bf561"",""performed_at"":null,""activity_name"":""col151-fa3f27672f1c admin"",""authority_class"":""facility"",""execution_state"":""none"",""effective_receipt_id"":null,""requirement_version_id"":""7954828e-2856-44ae-8a51-5b4d32ed3c93"",""facility_requirement_id"":""a7da2d96-da69-43b4-bc16-950864034a4f""}",[],[],[],
occurrence,98b7fc37-8d3d-4cba-86be-536273493f01,col151-fa3f27672f1c admin,pending,2026-09-13T02:11:06.448738+00:00,"{""id"":""98b7fc37-8d3d-4cba-86be-536273493f01"",""due_at"":""2028-08-13T03:00:00+00:00"",""status"":""pending"",""created_at"":""2026-09-13T02:11:06.448738+00:00"",""subject_id"":""56f3cf25-84ad-4746-934d-a50e371bf561"",""performed_at"":null,""activity_name"":""col151-fa3f27672f1c admin"",""authority_class"":""facility"",""execution_state"":""none"",""effective_receipt_id"":null,""requirement_version_id"":""7954828e-2856-44ae-8a51-5b4d32ed3c93"",""facility_requirement_id"":""a7da2d96-da69-43b4-bc16-950864034a4f""}",[],[],[],
occurrence,9938aaf8-3c00-4ee6-a142-e90164f927fc,col151-fa3f27672f1c admin,pending,2026-09-13T02:11:06.448738+00:00,"{""id"":""9938aaf8-3c00-4ee6-a142-e90164f927fc"",""due_at"":""2026-11-15T04:00:00+00:00"",""status"":""pending"",""created_at"":""2026-09-13T02:11:06.448738+00:00"",""subject_id"":""56f3cf25-84ad-4746-934d-a50e371bf561"",""performed_at"":null,""activity_name"":""col151-fa3f27672f1c admin"",""authority_class"":""facility"",""execution_state"":""none"",""effective_receipt_id"":null,""requirement_version_id"":""7954828e-2856-44ae-8a51-5b4d32ed3c93"",""facility_requirement_id"":""a7da2d96-da69-43b4-bc16-950864034a4f""}",[],[],[],
occurrence,9a7c10cb-81ef-486f-8beb-59b881bd2a7c,col151-fa3f27672f1c admin,pending,2026-09-13T02:11:06.448738+00:00,"{""id"":""9a7c10cb-81ef-486f-8beb-59b881bd2a7c"",""due_at"":""2027-07-11T03:00:00+00:00"",""status"":""pending"",""created_at"":""2026-09-13T02:11:06.448738+00:00"",""subject_id"":""56f3cf25-84ad-4746-934d-a50e371bf561"",""performed_at"":null,""activity_name"":""col151-fa3f27672f1c admin"",""authority_class"":""facility"",""execution_state"":""none"",""effective_receipt_id"":null,""requirement_version_id"":""7954828e-2856-44ae-8a51-5b4d32ed3c93"",""facility_requirement_id"":""a7da2d96-da69-43b4-bc16-950864034a4f""}",[],[],[],
occurrence,a25a0df7-beda-424b-a289-654c3ce74dde,col151-fa3f27672f1c admin,pending,2026-09-13T02:11:06.448738+00:00,"{""id"":""a25a0df7-beda-424b-a289-654c3ce74dde"",""due_at"":""2027-06-13T03:00:00+00:00"",""status"":""pending"",""created_at"":""2026-09-13T02:11:06.448738+00:00"",""subject_id"":""56f3cf25-84ad-4746-934d-a50e371bf561"",""performed_at"":null,""activity_name"":""col151-fa3f27672f1c admin"",""authority_class"":""facility"",""execution_state"":""none"",""effective_receipt_id"":null,""requirement_version_id"":""7954828e-2856-44ae-8a51-5b4d32ed3c93"",""facility_requirement_id"":""a7da2d96-da69-43b4-bc16-950864034a4f""}",[],[],[],
occurrence,a753836b-301f-4c40-b83f-804ee79dc721,col151-fa3f27672f1c admin,pending,2026-09-13T02:11:06.448738+00:00,"{""id"":""a753836b-301f-4c40-b83f-804ee79dc721"",""due_at"":""2028-07-23T03:00:00+00:00"",""status"":""pending"",""created_at"":""2026-09-13T02:11:06.448738+00:00"",""subject_id"":""56f3cf25-84ad-4746-934d-a50e371bf561"",""performed_at"":null,""activity_name"":""col151-fa3f27672f1c admin"",""authority_class"":""facility"",""execution_state"":""none"",""effective_receipt_id"":null,""requirement_version_id"":""7954828e-2856-44ae-8a51-5b4d32ed3c93"",""facility_requirement_id"":""a7da2d96-da69-43b4-bc16-950864034a4f""}",[],[],[],
occurrence,a8ebbbb7-a062-48b2-b946-3ce701b119a7,col151-fa3f27672f1c admin,pending,2026-09-13T02:11:06.448738+00:00,"{""id"":""a8ebbbb7-a062-48b2-b946-3ce701b119a7"",""due_at"":""2027-11-14T04:00:00+00:00"",""status"":""pending"",""created_at"":""2026-09-13T02:11:06.448738+00:00"",""subject_id"":""56f3cf25-84ad-4746-934d-a50e371bf561"",""performed_at"":null,""activity_name"":""col151-fa3f27672f1c admin"",""authority_class"":""facility"",""execution_state"":""none"",""effective_receipt_id"":null,""requirement_version_id"":""7954828e-2856-44ae-8a51-5b4d32ed3c93"",""facility_requirement_id"":""a7da2d96-da69-43b4-bc16-950864034a4f""}",[],[],[],
occurrence,ab7650a9-c7c1-4d64-bb35-f833ad19bfc9,col151-fa3f27672f1c admin,pending,2026-09-13T02:11:06.448738+00:00,"{""id"":""ab7650a9-c7c1-4d64-bb35-f833ad19bfc9"",""due_at"":""2027-09-26T03:00:00+00:00"",""status"":""pending"",""created_at"":""2026-09-13T02:11:06.448738+00:00"",""subject_id"":""56f3cf25-84ad-4746-934d-a50e371bf561"",""performed_at"":null,""activity_name"":""col151-fa3f27672f1c admin"",""authority_class"":""facility"",""execution_state"":""none"",""effective_receipt_id"":null,""requirement_version_id"":""7954828e-2856-44ae-8a51-5b4d32ed3c93"",""facility_requirement_id"":""a7da2d96-da69-43b4-bc16-950864034a4f""}",[],[],[],
occurrence,acde20a0-1b85-4634-91b0-451d3bdd34da,col151-fa3f27672f1c admin,pending,2026-09-13T02:11:06.448738+00:00,"{""id"":""acde20a0-1b85-4634-91b0-451d3bdd34da"",""due_at"":""2027-03-28T03:00:00+00:00"",""status"":""pending"",""created_at"":""2026-09-13T02:11:06.448738+00:00"",""subject_id"":""56f3cf25-84ad-4746-934d-a50e371bf561"",""performed_at"":null,""activity_name"":""col151-fa3f27672f1c admin"",""authority_class"":""facility"",""execution_state"":""none"",""effective_receipt_id"":null,""requirement_version_id"":""7954828e-2856-44ae-8a51-5b4d32ed3c93"",""facility_requirement_id"":""a7da2d96-da69-43b4-bc16-950864034a4f""}",[],[],[],
occurrence,b6c93d4e-93d6-4dec-abe5-043cbc9795ed,col151-fa3f27672f1c admin,pending,2026-09-13T02:11:06.448738+00:00,"{""id"":""b6c93d4e-93d6-4dec-abe5-043cbc9795ed"",""due_at"":""2028-04-16T03:00:00+00:00"",""status"":""pending"",""created_at"":""2026-09-13T02:11:06.448738+00:00"",""subject_id"":""56f3cf25-84ad-4746-934d-a50e371bf561"",""performed_at"":null,""activity_name"":""col151-fa3f27672f1c admin"",""authority_class"":""facility"",""execution_state"":""none"",""effective_receipt_id"":null,""requirement_version_id"":""7954828e-2856-44ae-8a51-5b4d32ed3c93"",""facility_requirement_id"":""a7da2d96-da69-43b4-bc16-950864034a4f""}",[],[],[],
occurrence,b94ca974-7f5b-40d9-a5e3-5b2dfdc31561,col151-fa3f27672f1c admin,pending,2026-09-13T02:11:06.448738+00:00,"{""id"":""b94ca974-7f5b-40d9-a5e3-5b2dfdc31561"",""due_at"":""2027-09-12T03:00:00+00:00"",""status"":""pending"",""created_at"":""2026-09-13T02:11:06.448738+00:00"",""subject_id"":""56f3cf25-84ad-4746-934d-a50e371bf561"",""performed_at"":null,""activity_name"":""col151-fa3f27672f1c admin"",""authority_class"":""facility"",""execution_state"":""none"",""effective_receipt_id"":null,""requirement_version_id"":""7954828e-2856-44ae-8a51-5b4d32ed3c93"",""facility_requirement_id"":""a7da2d96-da69-43b4-bc16-950864034a4f""}",[],[],[],
occurrence,b9f6ccd4-1cab-4965-ba6b-4c52175e688b,col151-fa3f27672f1c admin,pending,2026-09-13T02:11:06.448738+00:00,"{""id"":""b9f6ccd4-1cab-4965-ba6b-4c52175e688b"",""due_at"":""2027-11-07T03:00:00+00:00"",""status"":""pending"",""created_at"":""2026-09-13T02:11:06.448738+00:00"",""subject_id"":""56f3cf25-84ad-4746-934d-a50e371bf561"",""performed_at"":null,""activity_name"":""col151-fa3f27672f1c admin"",""authority_class"":""facility"",""execution_state"":""none"",""effective_receipt_id"":null,""requirement_version_id"":""7954828e-2856-44ae-8a51-5b4d32ed3c93"",""facility_requirement_id"":""a7da2d96-da69-43b4-bc16-950864034a4f""}",[],[],[],
occurrence,bab322d3-a7f0-476f-b364-4f3f913ba666,col151-fa3f27672f1c admin,pending,2026-09-13T02:11:06.448738+00:00,"{""id"":""bab322d3-a7f0-476f-b364-4f3f913ba666"",""due_at"":""2027-10-10T03:00:00+00:00"",""status"":""pending"",""created_at"":""2026-09-13T02:11:06.448738+00:00"",""subject_id"":""56f3cf25-84ad-4746-934d-a50e371bf561"",""performed_at"":null,""activity_name"":""col151-fa3f27672f1c admin"",""authority_class"":""facility"",""execution_state"":""none"",""effective_receipt_id"":null,""requirement_version_id"":""7954828e-2856-44ae-8a51-5b4d32ed3c93"",""facility_requirement_id"":""a7da2d96-da69-43b4-bc16-950864034a4f""}",[],[],[],
occurrence,bb965470-c9ee-4fe9-82a7-91541a0c4d5b,col151-fa3f27672f1c admin,pending,2026-09-13T02:11:06.448738+00:00,"{""id"":""bb965470-c9ee-4fe9-82a7-91541a0c4d5b"",""due_at"":""2026-09-20T03:00:00+00:00"",""status"":""pending"",""created_at"":""2026-09-13T02:11:06.448738+00:00"",""subject_id"":""56f3cf25-84ad-4746-934d-a50e371bf561"",""performed_at"":null,""activity_name"":""col151-fa3f27672f1c admin"",""authority_class"":""facility"",""execution_state"":""none"",""effective_receipt_id"":null,""requirement_version_id"":""7954828e-2856-44ae-8a51-5b4d32ed3c93"",""facility_requirement_id"":""a7da2d96-da69-43b4-bc16-950864034a4f""}",[],[],[],
occurrence,c1399cd7-43e5-4114-ba27-711b41662d26,col151-fa3f27672f1c admin,pending,2026-09-13T02:11:06.448738+00:00,"{""id"":""c1399cd7-43e5-4114-ba27-711b41662d26"",""due_at"":""2027-04-18T03:00:00+00:00"",""status"":""pending"",""created_at"":""2026-09-13T02:11:06.448738+00:00"",""subject_id"":""56f3cf25-84ad-4746-934d-a50e371bf561"",""performed_at"":null,""activity_name"":""col151-fa3f27672f1c admin"",""authority_class"":""facility"",""execution_state"":""none"",""effective_receipt_id"":null,""requirement_version_id"":""7954828e-2856-44ae-8a51-5b4d32ed3c93"",""facility_requirement_id"":""a7da2d96-da69-43b4-bc16-950864034a4f""}",[],[],[],
occurrence,c365c152-deef-49ad-b3d1-d7b50881c659,col151-fa3f27672f1c admin,pending,2026-09-13T02:11:06.448738+00:00,"{""id"":""c365c152-deef-49ad-b3d1-d7b50881c659"",""due_at"":""2026-10-18T03:00:00+00:00"",""status"":""pending"",""created_at"":""2026-09-13T02:11:06.448738+00:00"",""subject_id"":""56f3cf25-84ad-4746-934d-a50e371bf561"",""performed_at"":null,""activity_name"":""col151-fa3f27672f1c admin"",""authority_class"":""facility"",""execution_state"":""none"",""effective_receipt_id"":null,""requirement_version_id"":""7954828e-2856-44ae-8a51-5b4d32ed3c93"",""facility_requirement_id"":""a7da2d96-da69-43b4-bc16-950864034a4f""}",[],[],[],
occurrence,c424d49f-5002-47eb-ad59-d18b05a2c4fc,col151-fa3f27672f1c admin,pending,2026-09-13T02:11:06.448738+00:00,"{""id"":""c424d49f-5002-47eb-ad59-d18b05a2c4fc"",""due_at"":""2027-04-04T03:00:00+00:00"",""status"":""pending"",""created_at"":""2026-09-13T02:11:06.448738+00:00"",""subject_id"":""56f3cf25-84ad-4746-934d-a50e371bf561"",""performed_at"":null,""activity_name"":""col151-fa3f27672f1c admin"",""authority_class"":""facility"",""execution_state"":""none"",""effective_receipt_id"":null,""requirement_version_id"":""7954828e-2856-44ae-8a51-5b4d32ed3c93"",""facility_requirement_id"":""a7da2d96-da69-43b4-bc16-950864034a4f""}",[],[],[],
occurrence,c4950e63-d396-4b64-b23e-3cd66a671ca9,col151-fa3f27672f1c admin,pending,2026-09-13T02:11:06.448738+00:00,"{""id"":""c4950e63-d396-4b64-b23e-3cd66a671ca9"",""due_at"":""2026-11-22T04:00:00+00:00"",""status"":""pending"",""created_at"":""2026-09-13T02:11:06.448738+00:00"",""subject_id"":""56f3cf25-84ad-4746-934d-a50e371bf561"",""performed_at"":null,""activity_name"":""col151-fa3f27672f1c admin"",""authority_class"":""facility"",""execution_state"":""none"",""effective_receipt_id"":null,""requirement_version_id"":""7954828e-2856-44ae-8a51-5b4d32ed3c93"",""facility_requirement_id"":""a7da2d96-da69-43b4-bc16-950864034a4f""}",[],[],[],
occurrence,c69bee54-4111-429a-8963-57a8036f798c,col151-fa3f27672f1c admin,pending,2026-09-13T02:11:06.448738+00:00,"{""id"":""c69bee54-4111-429a-8963-57a8036f798c"",""due_at"":""2027-08-29T03:00:00+00:00"",""status"":""pending"",""created_at"":""2026-09-13T02:11:06.448738+00:00"",""subject_id"":""56f3cf25-84ad-4746-934d-a50e371bf561"",""performed_at"":null,""activity_name"":""col151-fa3f27672f1c admin"",""authority_class"":""facility"",""execution_state"":""none"",""effective_receipt_id"":null,""requirement_version_id"":""7954828e-2856-44ae-8a51-5b4d32ed3c93"",""facility_requirement_id"":""a7da2d96-da69-43b4-bc16-950864034a4f""}",[],[],[],
occurrence,c8cc30ac-4ed9-4455-8992-b2e440b318e5,col151-fa3f27672f1c admin,pending,2026-09-13T02:11:06.448738+00:00,"{""id"":""c8cc30ac-4ed9-4455-8992-b2e440b318e5"",""due_at"":""2027-12-05T04:00:00+00:00"",""status"":""pending"",""created_at"":""2026-09-13T02:11:06.448738+00:00"",""subject_id"":""56f3cf25-84ad-4746-934d-a50e371bf561"",""performed_at"":null,""activity_name"":""col151-fa3f27672f1c admin"",""authority_class"":""facility"",""execution_state"":""none"",""effective_receipt_id"":null,""requirement_version_id"":""7954828e-2856-44ae-8a51-5b4d32ed3c93"",""facility_requirement_id"":""a7da2d96-da69-43b4-bc16-950864034a4f""}",[],[],[],
occurrence,cb20c11a-c6e9-4c15-90d5-5ca94f3307e3,col151-fa3f27672f1c admin,pending,2026-09-13T02:11:06.448738+00:00,"{""id"":""cb20c11a-c6e9-4c15-90d5-5ca94f3307e3"",""due_at"":""2027-06-20T03:00:00+00:00"",""status"":""pending"",""created_at"":""2026-09-13T02:11:06.448738+00:00"",""subject_id"":""56f3cf25-84ad-4746-934d-a50e371bf561"",""performed_at"":null,""activity_name"":""col151-fa3f27672f1c admin"",""authority_class"":""facility"",""execution_state"":""none"",""effective_receipt_id"":null,""requirement_version_id"":""7954828e-2856-44ae-8a51-5b4d32ed3c93"",""facility_requirement_id"":""a7da2d96-da69-43b4-bc16-950864034a4f""}",[],[],[],
occurrence,cbaedde6-66e6-4263-97c9-74ffb8085f22,col151-fa3f27672f1c admin,pending,2026-09-13T02:11:06.448738+00:00,"{""id"":""cbaedde6-66e6-4263-97c9-74ffb8085f22"",""due_at"":""2026-10-04T03:00:00+00:00"",""status"":""pending"",""created_at"":""2026-09-13T02:11:06.448738+00:00"",""subject_id"":""56f3cf25-84ad-4746-934d-a50e371bf561"",""performed_at"":null,""activity_name"":""col151-fa3f27672f1c admin"",""authority_class"":""facility"",""execution_state"":""none"",""effective_receipt_id"":null,""requirement_version_id"":""7954828e-2856-44ae-8a51-5b4d32ed3c93"",""facility_requirement_id"":""a7da2d96-da69-43b4-bc16-950864034a4f""}",[],[],[],
occurrence,cd471160-38ed-436d-b6ac-3846a31f0998,col151-fa3f27672f1c admin,pending,2026-09-13T02:11:06.448738+00:00,"{""id"":""cd471160-38ed-436d-b6ac-3846a31f0998"",""due_at"":""2028-05-21T03:00:00+00:00"",""status"":""pending"",""created_at"":""2026-09-13T02:11:06.448738+00:00"",""subject_id"":""56f3cf25-84ad-4746-934d-a50e371bf561"",""performed_at"":null,""activity_name"":""col151-fa3f27672f1c admin"",""authority_class"":""facility"",""execution_state"":""none"",""effective_receipt_id"":null,""requirement_version_id"":""7954828e-2856-44ae-8a51-5b4d32ed3c93"",""facility_requirement_id"":""a7da2d96-da69-43b4-bc16-950864034a4f""}",[],[],[],
occurrence,ce74b8f9-a3d6-4fc1-991e-ca805e009307,col151-fa3f27672f1c admin,pending,2026-09-13T02:11:06.448738+00:00,"{""id"":""ce74b8f9-a3d6-4fc1-991e-ca805e009307"",""due_at"":""2027-10-17T03:00:00+00:00"",""status"":""pending"",""created_at"":""2026-09-13T02:11:06.448738+00:00"",""subject_id"":""56f3cf25-84ad-4746-934d-a50e371bf561"",""performed_at"":null,""activity_name"":""col151-fa3f27672f1c admin"",""authority_class"":""facility"",""execution_state"":""none"",""effective_receipt_id"":null,""requirement_version_id"":""7954828e-2856-44ae-8a51-5b4d32ed3c93"",""facility_requirement_id"":""a7da2d96-da69-43b4-bc16-950864034a4f""}",[],[],[],
occurrence,ced4d635-3cbf-4601-bb16-f1f1c925325a,col151-fa3f27672f1c admin,pending,2026-09-13T02:11:06.448738+00:00,"{""id"":""ced4d635-3cbf-4601-bb16-f1f1c925325a"",""due_at"":""2028-04-30T03:00:00+00:00"",""status"":""pending"",""created_at"":""2026-09-13T02:11:06.448738+00:00"",""subject_id"":""56f3cf25-84ad-4746-934d-a50e371bf561"",""performed_at"":null,""activity_name"":""col151-fa3f27672f1c admin"",""authority_class"":""facility"",""execution_state"":""none"",""effective_receipt_id"":null,""requirement_version_id"":""7954828e-2856-44ae-8a51-5b4d32ed3c93"",""facility_requirement_id"":""a7da2d96-da69-43b4-bc16-950864034a4f""}",[],[],[],
occurrence,d08c257c-a861-451f-b40e-583a956a428c,col151-fa3f27672f1c admin,pending,2026-09-13T02:11:06.448738+00:00,"{""id"":""d08c257c-a861-451f-b40e-583a956a428c"",""due_at"":""2027-08-22T03:00:00+00:00"",""status"":""pending"",""created_at"":""2026-09-13T02:11:06.448738+00:00"",""subject_id"":""56f3cf25-84ad-4746-934d-a50e371bf561"",""performed_at"":null,""activity_name"":""col151-fa3f27672f1c admin"",""authority_class"":""facility"",""execution_state"":""none"",""effective_receipt_id"":null,""requirement_version_id"":""7954828e-2856-44ae-8a51-5b4d32ed3c93"",""facility_requirement_id"":""a7da2d96-da69-43b4-bc16-950864034a4f""}",[],[],[],
occurrence,d13b6954-dee4-45ea-9415-482aa318a177,col151-fa3f27672f1c admin,pending,2026-09-13T02:11:06.448738+00:00,"{""id"":""d13b6954-dee4-45ea-9415-482aa318a177"",""due_at"":""2026-12-13T04:00:00+00:00"",""status"":""pending"",""created_at"":""2026-09-13T02:11:06.448738+00:00"",""subject_id"":""56f3cf25-84ad-4746-934d-a50e371bf561"",""performed_at"":null,""activity_name"":""col151-fa3f27672f1c admin"",""authority_class"":""facility"",""execution_state"":""none"",""effective_receipt_id"":null,""requirement_version_id"":""7954828e-2856-44ae-8a51-5b4d32ed3c93"",""facility_requirement_id"":""a7da2d96-da69-43b4-bc16-950864034a4f""}",[],[],[],
occurrence,d2e4e954-1728-478f-96e8-bf62880e9d1e,col151-fa3f27672f1c admin,pending,2026-09-13T02:11:06.448738+00:00,"{""id"":""d2e4e954-1728-478f-96e8-bf62880e9d1e"",""due_at"":""2026-10-25T03:00:00+00:00"",""status"":""pending"",""created_at"":""2026-09-13T02:11:06.448738+00:00"",""subject_id"":""56f3cf25-84ad-4746-934d-a50e371bf561"",""performed_at"":null,""activity_name"":""col151-fa3f27672f1c admin"",""authority_class"":""facility"",""execution_state"":""none"",""effective_receipt_id"":null,""requirement_version_id"":""7954828e-2856-44ae-8a51-5b4d32ed3c93"",""facility_requirement_id"":""a7da2d96-da69-43b4-bc16-950864034a4f""}",[],[],[],
occurrence,d86c7d15-4602-4276-8b5c-7a47183f3934,col151-fa3f27672f1c admin,pending,2026-09-13T02:11:06.448738+00:00,"{""id"":""d86c7d15-4602-4276-8b5c-7a47183f3934"",""due_at"":""2028-05-07T03:00:00+00:00"",""status"":""pending"",""created_at"":""2026-09-13T02:11:06.448738+00:00"",""subject_id"":""56f3cf25-84ad-4746-934d-a50e371bf561"",""performed_at"":null,""activity_name"":""col151-fa3f27672f1c admin"",""authority_class"":""facility"",""execution_state"":""none"",""effective_receipt_id"":null,""requirement_version_id"":""7954828e-2856-44ae-8a51-5b4d32ed3c93"",""facility_requirement_id"":""a7da2d96-da69-43b4-bc16-950864034a4f""}",[],[],[],
occurrence,db838f21-7133-469e-b8c5-f9c55d55a4f4,col151-fa3f27672f1c admin,pending,2026-09-13T02:11:06.448738+00:00,"{""id"":""db838f21-7133-469e-b8c5-f9c55d55a4f4"",""due_at"":""2027-07-04T03:00:00+00:00"",""status"":""pending"",""created_at"":""2026-09-13T02:11:06.448738+00:00"",""subject_id"":""56f3cf25-84ad-4746-934d-a50e371bf561"",""performed_at"":null,""activity_name"":""col151-fa3f27672f1c admin"",""authority_class"":""facility"",""execution_state"":""none"",""effective_receipt_id"":null,""requirement_version_id"":""7954828e-2856-44ae-8a51-5b4d32ed3c93"",""facility_requirement_id"":""a7da2d96-da69-43b4-bc16-950864034a4f""}",[],[],[],
occurrence,dd0f5603-4ccc-40f9-b0ee-ba63b004d106,col151-fa3f27672f1c admin,pending,2026-09-13T02:11:06.448738+00:00,"{""id"":""dd0f5603-4ccc-40f9-b0ee-ba63b004d106"",""due_at"":""2027-11-28T04:00:00+00:00"",""status"":""pending"",""created_at"":""2026-09-13T02:11:06.448738+00:00"",""subject_id"":""56f3cf25-84ad-4746-934d-a50e371bf561"",""performed_at"":null,""activity_name"":""col151-fa3f27672f1c admin"",""authority_class"":""facility"",""execution_state"":""none"",""effective_receipt_id"":null,""requirement_version_id"":""7954828e-2856-44ae-8a51-5b4d32ed3c93"",""facility_requirement_id"":""a7da2d96-da69-43b4-bc16-950864034a4f""}",[],[],[],
occurrence,dd678303-931f-46cb-8e60-4dfae1098228,col151-fa3f27672f1c admin,pending,2026-09-13T02:11:06.448738+00:00,"{""id"":""dd678303-931f-46cb-8e60-4dfae1098228"",""due_at"":""2027-10-24T03:00:00+00:00"",""status"":""pending"",""created_at"":""2026-09-13T02:11:06.448738+00:00"",""subject_id"":""56f3cf25-84ad-4746-934d-a50e371bf561"",""performed_at"":null,""activity_name"":""col151-fa3f27672f1c admin"",""authority_class"":""facility"",""execution_state"":""none"",""effective_receipt_id"":null,""requirement_version_id"":""7954828e-2856-44ae-8a51-5b4d32ed3c93"",""facility_requirement_id"":""a7da2d96-da69-43b4-bc16-950864034a4f""}",[],[],[],
occurrence,e1e8a3b4-4b8c-4d17-812d-c38f12c688e6,col151-fa3f27672f1c admin,pending,2026-09-13T02:11:06.448738+00:00,"{""id"":""e1e8a3b4-4b8c-4d17-812d-c38f12c688e6"",""due_at"":""2027-12-19T04:00:00+00:00"",""status"":""pending"",""created_at"":""2026-09-13T02:11:06.448738+00:00"",""subject_id"":""56f3cf25-84ad-4746-934d-a50e371bf561"",""performed_at"":null,""activity_name"":""col151-fa3f27672f1c admin"",""authority_class"":""facility"",""execution_state"":""none"",""effective_receipt_id"":null,""requirement_version_id"":""7954828e-2856-44ae-8a51-5b4d32ed3c93"",""facility_requirement_id"":""a7da2d96-da69-43b4-bc16-950864034a4f""}",[],[],[],
occurrence,e30a34c6-120c-45b9-8593-658dfa5f3eda,col151-fa3f27672f1c admin,pending,2026-09-13T02:11:06.448738+00:00,"{""id"":""e30a34c6-120c-45b9-8593-658dfa5f3eda"",""due_at"":""2027-06-06T03:00:00+00:00"",""status"":""pending"",""created_at"":""2026-09-13T02:11:06.448738+00:00"",""subject_id"":""56f3cf25-84ad-4746-934d-a50e371bf561"",""performed_at"":null,""activity_name"":""col151-fa3f27672f1c admin"",""authority_class"":""facility"",""execution_state"":""none"",""effective_receipt_id"":null,""requirement_version_id"":""7954828e-2856-44ae-8a51-5b4d32ed3c93"",""facility_requirement_id"":""a7da2d96-da69-43b4-bc16-950864034a4f""}",[],[],[],
occurrence,e48e8d12-542e-4117-b94e-1ef049a958e4,col151-fa3f27672f1c admin,pending,2026-09-13T02:11:06.448738+00:00,"{""id"":""e48e8d12-542e-4117-b94e-1ef049a958e4"",""due_at"":""2027-04-25T03:00:00+00:00"",""status"":""pending"",""created_at"":""2026-09-13T02:11:06.448738+00:00"",""subject_id"":""56f3cf25-84ad-4746-934d-a50e371bf561"",""performed_at"":null,""activity_name"":""col151-fa3f27672f1c admin"",""authority_class"":""facility"",""execution_state"":""none"",""effective_receipt_id"":null,""requirement_version_id"":""7954828e-2856-44ae-8a51-5b4d32ed3c93"",""facility_requirement_id"":""a7da2d96-da69-43b4-bc16-950864034a4f""}",[],[],[],
occurrence,e5a4b0ab-6f33-4aca-a7f7-a4a3e14f54e6,col151-fa3f27672f1c admin,pending,2026-09-13T02:11:06.448738+00:00,"{""id"":""e5a4b0ab-6f33-4aca-a7f7-a4a3e14f54e6"",""due_at"":""2028-02-20T04:00:00+00:00"",""status"":""pending"",""created_at"":""2026-09-13T02:11:06.448738+00:00"",""subject_id"":""56f3cf25-84ad-4746-934d-a50e371bf561"",""performed_at"":null,""activity_name"":""col151-fa3f27672f1c admin"",""authority_class"":""facility"",""execution_state"":""none"",""effective_receipt_id"":null,""requirement_version_id"":""7954828e-2856-44ae-8a51-5b4d32ed3c93"",""facility_requirement_id"":""a7da2d96-da69-43b4-bc16-950864034a4f""}",[],[],[],
occurrence,e7acf81c-27bd-4493-b946-c51e7ddeb291,col151-fa3f27672f1c admin,pending,2026-09-13T02:11:06.448738+00:00,"{""id"":""e7acf81c-27bd-4493-b946-c51e7ddeb291"",""due_at"":""2028-04-02T03:00:00+00:00"",""status"":""pending"",""created_at"":""2026-09-13T02:11:06.448738+00:00"",""subject_id"":""56f3cf25-84ad-4746-934d-a50e371bf561"",""performed_at"":null,""activity_name"":""col151-fa3f27672f1c admin"",""authority_class"":""facility"",""execution_state"":""none"",""effective_receipt_id"":null,""requirement_version_id"":""7954828e-2856-44ae-8a51-5b4d32ed3c93"",""facility_requirement_id"":""a7da2d96-da69-43b4-bc16-950864034a4f""}",[],[],[],
occurrence,ebda52ac-f579-40bf-b97f-431395572ab9,col151-fa3f27672f1c admin,pending,2026-09-13T02:11:06.448738+00:00,"{""id"":""ebda52ac-f579-40bf-b97f-431395572ab9"",""due_at"":""2027-01-24T04:00:00+00:00"",""status"":""pending"",""created_at"":""2026-09-13T02:11:06.448738+00:00"",""subject_id"":""56f3cf25-84ad-4746-934d-a50e371bf561"",""performed_at"":null,""activity_name"":""col151-fa3f27672f1c admin"",""authority_class"":""facility"",""execution_state"":""none"",""effective_receipt_id"":null,""requirement_version_id"":""7954828e-2856-44ae-8a51-5b4d32ed3c93"",""facility_requirement_id"":""a7da2d96-da69-43b4-bc16-950864034a4f""}",[],[],[],
occurrence,ec898ac9-d304-481f-8fc9-3a33bdbb0896,col151-fa3f27672f1c admin,pending,2026-09-13T02:11:06.448738+00:00,"{""id"":""ec898ac9-d304-481f-8fc9-3a33bdbb0896"",""due_at"":""2027-03-21T03:00:00+00:00"",""status"":""pending"",""created_at"":""2026-09-13T02:11:06.448738+00:00"",""subject_id"":""56f3cf25-84ad-4746-934d-a50e371bf561"",""performed_at"":null,""activity_name"":""col151-fa3f27672f1c admin"",""authority_class"":""facility"",""execution_state"":""none"",""effective_receipt_id"":null,""requirement_version_id"":""7954828e-2856-44ae-8a51-5b4d32ed3c93"",""facility_requirement_id"":""a7da2d96-da69-43b4-bc16-950864034a4f""}",[],[],[],
occurrence,ee4fec9f-32d3-4d7a-846b-426a890e4eb7,col151-fa3f27672f1c admin,pending,2026-09-13T02:11:06.448738+00:00,"{""id"":""ee4fec9f-32d3-4d7a-846b-426a890e4eb7"",""due_at"":""2028-06-18T03:00:00+00:00"",""status"":""pending"",""created_at"":""2026-09-13T02:11:06.448738+00:00"",""subject_id"":""56f3cf25-84ad-4746-934d-a50e371bf561"",""performed_at"":null,""activity_name"":""col151-fa3f27672f1c admin"",""authority_class"":""facility"",""execution_state"":""none"",""effective_receipt_id"":null,""requirement_version_id"":""7954828e-2856-44ae-8a51-5b4d32ed3c93"",""facility_requirement_id"":""a7da2d96-da69-43b4-bc16-950864034a4f""}",[],[],[],
occurrence,efbc6012-ef30-4a98-b0fb-ede5e55cf848,col151-fa3f27672f1c admin,pending,2026-09-13T02:11:06.448738+00:00,"{""id"":""efbc6012-ef30-4a98-b0fb-ede5e55cf848"",""due_at"":""2028-07-09T03:00:00+00:00"",""status"":""pending"",""created_at"":""2026-09-13T02:11:06.448738+00:00"",""subject_id"":""56f3cf25-84ad-4746-934d-a50e371bf561"",""performed_at"":null,""activity_name"":""col151-fa3f27672f1c admin"",""authority_class"":""facility"",""execution_state"":""none"",""effective_receipt_id"":null,""requirement_version_id"":""7954828e-2856-44ae-8a51-5b4d32ed3c93"",""facility_requirement_id"":""a7da2d96-da69-43b4-bc16-950864034a4f""}",[],[],[],
occurrence,f3e09839-3518-4eb4-973c-64637c6728b1,col151-fa3f27672f1c admin,pending,2026-09-13T02:11:06.448738+00:00,"{""id"":""f3e09839-3518-4eb4-973c-64637c6728b1"",""due_at"":""2028-01-16T04:00:00+00:00"",""status"":""pending"",""created_at"":""2026-09-13T02:11:06.448738+00:00"",""subject_id"":""56f3cf25-84ad-4746-934d-a50e371bf561"",""performed_at"":null,""activity_name"":""col151-fa3f27672f1c admin"",""authority_class"":""facility"",""execution_state"":""none"",""effective_receipt_id"":null,""requirement_version_id"":""7954828e-2856-44ae-8a51-5b4d32ed3c93"",""facility_requirement_id"":""a7da2d96-da69-43b4-bc16-950864034a4f""}",[],[],[],
occurrence,fa6e6f86-5616-44c2-925c-3cb367ef2e48,col151-fa3f27672f1c admin,pending,2026-09-13T02:11:06.448738+00:00,"{""id"":""fa6e6f86-5616-44c2-925c-3cb367ef2e48"",""due_at"":""2027-09-19T03:00:00+00:00"",""status"":""pending"",""created_at"":""2026-09-13T02:11:06.448738+00:00"",""subject_id"":""56f3cf25-84ad-4746-934d-a50e371bf561"",""performed_at"":null,""activity_name"":""col151-fa3f27672f1c admin"",""authority_class"":""facility"",""execution_state"":""none"",""effective_receipt_id"":null,""requirement_version_id"":""7954828e-2856-44ae-8a51-5b4d32ed3c93"",""facility_requirement_id"":""a7da2d96-da69-43b4-bc16-950864034a4f""}",[],[],[],
occurrence,fb87e35d-7ef9-44c0-bd57-e49cd4372eeb,col151-fa3f27672f1c admin,pending,2026-09-13T02:11:06.448738+00:00,"{""id"":""fb87e35d-7ef9-44c0-bd57-e49cd4372eeb"",""due_at"":""2028-07-30T03:00:00+00:00"",""status"":""pending"",""created_at"":""2026-09-13T02:11:06.448738+00:00"",""subject_id"":""56f3cf25-84ad-4746-934d-a50e371bf561"",""performed_at"":null,""activity_name"":""col151-fa3f27672f1c admin"",""authority_class"":""facility"",""execution_state"":""none"",""effective_receipt_id"":null,""requirement_version_id"":""7954828e-2856-44ae-8a51-5b4d32ed3c93"",""facility_requirement_id"":""a7da2d96-da69-43b4-bc16-950864034a4f""}",[],[],[],
occurrence,fe42c88d-ec16-4f0e-b074-7228edeb88a9,col151-fa3f27672f1c admin,pending,2026-09-13T02:11:06.448738+00:00,"{""id"":""fe42c88d-ec16-4f0e-b074-7228edeb88a9"",""due_at"":""2028-04-09T03:00:00+00:00"",""status"":""pending"",""created_at"":""2026-09-13T02:11:06.448738+00:00"",""subject_id"":""56f3cf25-84ad-4746-934d-a50e371bf561"",""performed_at"":null,""activity_name"":""col151-fa3f27672f1c admin"",""authority_class"":""facility"",""execution_state"":""none"",""effective_receipt_id"":null,""requirement_version_id"":""7954828e-2856-44ae-8a51-5b4d32ed3c93"",""facility_requirement_id"":""a7da2d96-da69-43b4-bc16-950864034a4f""}",[],[],[],
occurrence,fea84773-81f9-479d-9955-033747d7c5c6,col151-fa3f27672f1c admin,pending,2026-09-13T02:11:06.448738+00:00,"{""id"":""fea84773-81f9-479d-9955-033747d7c5c6"",""due_at"":""2028-07-16T03:00:00+00:00"",""status"":""pending"",""created_at"":""2026-09-13T02:11:06.448738+00:00"",""subject_id"":""56f3cf25-84ad-4746-934d-a50e371bf561"",""performed_at"":null,""activity_name"":""col151-fa3f27672f1c admin"",""authority_class"":""facility"",""execution_state"":""none"",""effective_receipt_id"":null,""requirement_version_id"":""7954828e-2856-44ae-8a51-5b4d32ed3c93"",""facility_requirement_id"":""a7da2d96-da69-43b4-bc16-950864034a4f""}",[],[],[],
occurrence,ff57ffec-e251-4dd9-ac4c-1b322bfc6124,col151-fa3f27672f1c admin,pending,2026-09-13T02:11:06.448738+00:00,"{""id"":""ff57ffec-e251-4dd9-ac4c-1b322bfc6124"",""due_at"":""2027-02-14T04:00:00+00:00"",""status"":""pending"",""created_at"":""2026-09-13T02:11:06.448738+00:00"",""subject_id"":""56f3cf25-84ad-4746-934d-a50e371bf561"",""performed_at"":null,""activity_name"":""col151-fa3f27672f1c admin"",""authority_class"":""facility"",""execution_state"":""none"",""effective_receipt_id"":null,""requirement_version_id"":""7954828e-2856-44ae-8a51-5b4d32ed3c93"",""facility_requirement_id"":""a7da2d96-da69-43b4-bc16-950864034a4f""}",[],[],[],
occurrence,0073ebaa-5ea3-40ac-804a-0291f6829cd8,col151-fa3f27672f1c admin,pending,2026-09-13T02:11:07.038904+00:00,"{""id"":""0073ebaa-5ea3-40ac-804a-0291f6829cd8"",""due_at"":""2029-08-05T03:00:00+00:00"",""status"":""pending"",""created_at"":""2026-09-13T02:11:07.038904+00:00"",""subject_id"":""56f3cf25-84ad-4746-934d-a50e371bf561"",""performed_at"":null,""activity_name"":""col151-fa3f27672f1c admin"",""authority_class"":""facility"",""execution_state"":""none"",""effective_receipt_id"":null,""requirement_version_id"":""7954828e-2856-44ae-8a51-5b4d32ed3c93"",""facility_requirement_id"":""a7da2d96-da69-43b4-bc16-950864034a4f""}",[],[],[],
occurrence,0294d7d9-9a60-477f-8ae2-8fc9715af7b6,col151-fa3f27672f1c admin,pending,2026-09-13T02:11:07.038904+00:00,"{""id"":""0294d7d9-9a60-477f-8ae2-8fc9715af7b6"",""due_at"":""2029-06-03T03:00:00+00:00"",""status"":""pending"",""created_at"":""2026-09-13T02:11:07.038904+00:00"",""subject_id"":""56f3cf25-84ad-4746-934d-a50e371bf561"",""performed_at"":null,""activity_name"":""col151-fa3f27672f1c admin"",""authority_class"":""facility"",""execution_state"":""none"",""effective_receipt_id"":null,""requirement_version_id"":""7954828e-2856-44ae-8a51-5b4d32ed3c93"",""facility_requirement_id"":""a7da2d96-da69-43b4-bc16-950864034a4f""}",[],[],[],
occurrence,07baf18a-708c-437a-b5e4-80de25c8dc50,col151-fa3f27672f1c admin,pending,2026-09-13T02:11:07.038904+00:00,"{""id"":""07baf18a-708c-437a-b5e4-80de25c8dc50"",""due_at"":""2029-04-22T03:00:00+00:00"",""status"":""pending"",""created_at"":""2026-09-13T02:11:07.038904+00:00"",""subject_id"":""56f3cf25-84ad-4746-934d-a50e371bf561"",""performed_at"":null,""activity_name"":""col151-fa3f27672f1c admin"",""authority_class"":""facility"",""execution_state"":""none"",""effective_receipt_id"":null,""requirement_version_id"":""7954828e-2856-44ae-8a51-5b4d32ed3c93"",""facility_requirement_id"":""a7da2d96-da69-43b4-bc16-950864034a4f""}",[],[],[],
occurrence,0acf5e33-0ea2-4177-a447-351cf2f5c068,col151-fa3f27672f1c admin,pending,2026-09-13T02:11:07.038904+00:00,"{""id"":""0acf5e33-0ea2-4177-a447-351cf2f5c068"",""due_at"":""2030-05-12T03:00:00+00:00"",""status"":""pending"",""created_at"":""2026-09-13T02:11:07.038904+00:00"",""subject_id"":""56f3cf25-84ad-4746-934d-a50e371bf561"",""performed_at"":null,""activity_name"":""col151-fa3f27672f1c admin"",""authority_class"":""facility"",""execution_state"":""none"",""effective_receipt_id"":null,""requirement_version_id"":""7954828e-2856-44ae-8a51-5b4d32ed3c93"",""facility_requirement_id"":""a7da2d96-da69-43b4-bc16-950864034a4f""}",[],[],[],
occurrence,0ad04abe-8b2d-42d2-ae8a-6ae8c1773e4b,col151-fa3f27672f1c admin,pending,2026-09-13T02:11:07.038904+00:00,"{""id"":""0ad04abe-8b2d-42d2-ae8a-6ae8c1773e4b"",""due_at"":""2030-01-27T04:00:00+00:00"",""status"":""pending"",""created_at"":""2026-09-13T02:11:07.038904+00:00"",""subject_id"":""56f3cf25-84ad-4746-934d-a50e371bf561"",""performed_at"":null,""activity_name"":""col151-fa3f27672f1c admin"",""authority_class"":""facility"",""execution_state"":""none"",""effective_receipt_id"":null,""requirement_version_id"":""7954828e-2856-44ae-8a51-5b4d32ed3c93"",""facility_requirement_id"":""a7da2d96-da69-43b4-bc16-950864034a4f""}",[],[],[],
occurrence,0f177c00-5596-4bda-88c3-df97cb4a0dc3,col151-fa3f27672f1c admin,pending,2026-09-13T02:11:07.038904+00:00,"{""id"":""0f177c00-5596-4bda-88c3-df97cb4a0dc3"",""due_at"":""2029-08-12T03:00:00+00:00"",""status"":""pending"",""created_at"":""2026-09-13T02:11:07.038904+00:00"",""subject_id"":""56f3cf25-84ad-4746-934d-a50e371bf561"",""performed_at"":null,""activity_name"":""col151-fa3f27672f1c admin"",""authority_class"":""facility"",""execution_state"":""none"",""effective_receipt_id"":null,""requirement_version_id"":""7954828e-2856-44ae-8a51-5b4d32ed3c93"",""facility_requirement_id"":""a7da2d96-da69-43b4-bc16-950864034a4f""}",[],[],[],
occurrence,10ca4613-279d-4ca7-bbe5-d66adc885419,col151-fa3f27672f1c admin,pending,2026-09-13T02:11:07.038904+00:00,"{""id"":""10ca4613-279d-4ca7-bbe5-d66adc885419"",""due_at"":""2029-09-16T03:00:00+00:00"",""status"":""pending"",""created_at"":""2026-09-13T02:11:07.038904+00:00"",""subject_id"":""56f3cf25-84ad-4746-934d-a50e371bf561"",""performed_at"":null,""activity_name"":""col151-fa3f27672f1c admin"",""authority_class"":""facility"",""execution_state"":""none"",""effective_receipt_id"":null,""requirement_version_id"":""7954828e-2856-44ae-8a51-5b4d32ed3c93"",""facility_requirement_id"":""a7da2d96-da69-43b4-bc16-950864034a4f""}",[],[],[],
occurrence,10ff8222-374f-4531-9950-fb051adf3ba9,col151-fa3f27672f1c admin,pending,2026-09-13T02:11:07.038904+00:00,"{""id"":""10ff8222-374f-4531-9950-fb051adf3ba9"",""due_at"":""2029-09-23T03:00:00+00:00"",""status"":""pending"",""created_at"":""2026-09-13T02:11:07.038904+00:00"",""subject_id"":""56f3cf25-84ad-4746-934d-a50e371bf561"",""performed_at"":null,""activity_name"":""col151-fa3f27672f1c admin"",""authority_class"":""facility"",""execution_state"":""none"",""effective_receipt_id"":null,""requirement_version_id"":""7954828e-2856-44ae-8a51-5b4d32ed3c93"",""facility_requirement_id"":""a7da2d96-da69-43b4-bc16-950864034a4f""}",[],[],[],
occurrence,1120b2a1-297a-4fef-9269-1d74c1e7c43f,col151-fa3f27672f1c admin,pending,2026-09-13T02:11:07.038904+00:00,"{""id"":""1120b2a1-297a-4fef-9269-1d74c1e7c43f"",""due_at"":""2029-02-04T04:00:00+00:00"",""status"":""pending"",""created_at"":""2026-09-13T02:11:07.038904+00:00"",""subject_id"":""56f3cf25-84ad-4746-934d-a50e371bf561"",""performed_at"":null,""activity_name"":""col151-fa3f27672f1c admin"",""authority_class"":""facility"",""execution_state"":""none"",""effective_receipt_id"":null,""requirement_version_id"":""7954828e-2856-44ae-8a51-5b4d32ed3c93"",""facility_requirement_id"":""a7da2d96-da69-43b4-bc16-950864034a4f""}",[],[],[],
occurrence,1359d918-fb70-4cf4-b72a-ac994fcbbe2a,col151-fa3f27672f1c admin,pending,2026-09-13T02:11:07.038904+00:00,"{""id"":""1359d918-fb70-4cf4-b72a-ac994fcbbe2a"",""due_at"":""2029-05-13T03:00:00+00:00"",""status"":""pending"",""created_at"":""2026-09-13T02:11:07.038904+00:00"",""subject_id"":""56f3cf25-84ad-4746-934d-a50e371bf561"",""performed_at"":null,""activity_name"":""col151-fa3f27672f1c admin"",""authority_class"":""facility"",""execution_state"":""none"",""effective_receipt_id"":null,""requirement_version_id"":""7954828e-2856-44ae-8a51-5b4d32ed3c93"",""facility_requirement_id"":""a7da2d96-da69-43b4-bc16-950864034a4f""}",[],[],[],
occurrence,13f14eb5-ce76-4676-854f-428d1c28918e,col151-fa3f27672f1c admin,pending,2026-09-13T02:11:07.038904+00:00,"{""id"":""13f14eb5-ce76-4676-854f-428d1c28918e"",""due_at"":""2029-01-14T04:00:00+00:00"",""status"":""pending"",""created_at"":""2026-09-13T02:11:07.038904+00:00"",""subject_id"":""56f3cf25-84ad-4746-934d-a50e371bf561"",""performed_at"":null,""activity_name"":""col151-fa3f27672f1c admin"",""authority_class"":""facility"",""execution_state"":""none"",""effective_receipt_id"":null,""requirement_version_id"":""7954828e-2856-44ae-8a51-5b4d32ed3c93"",""facility_requirement_id"":""a7da2d96-da69-43b4-bc16-950864034a4f""}",[],[],[],
occurrence,1631c238-dab0-47a0-a401-8845cf0bec80,col151-fa3f27672f1c admin,pending,2026-09-13T02:11:07.038904+00:00,"{""id"":""1631c238-dab0-47a0-a401-8845cf0bec80"",""due_at"":""2030-01-20T04:00:00+00:00"",""status"":""pending"",""created_at"":""2026-09-13T02:11:07.038904+00:00"",""subject_id"":""56f3cf25-84ad-4746-934d-a50e371bf561"",""performed_at"":null,""activity_name"":""col151-fa3f27672f1c admin"",""authority_class"":""facility"",""execution_state"":""none"",""effective_receipt_id"":null,""requirement_version_id"":""7954828e-2856-44ae-8a51-5b4d32ed3c93"",""facility_requirement_id"":""a7da2d96-da69-43b4-bc16-950864034a4f""}",[],[],[],
occurrence,1771e5a4-ea9c-4019-9c67-de9770c01780,col151-fa3f27672f1c admin,pending,2026-09-13T02:11:07.038904+00:00,"{""id"":""1771e5a4-ea9c-4019-9c67-de9770c01780"",""due_at"":""2028-12-31T04:00:00+00:00"",""status"":""pending"",""created_at"":""2026-09-13T02:11:07.038904+00:00"",""subject_id"":""56f3cf25-84ad-4746-934d-a50e371bf561"",""performed_at"":null,""activity_name"":""col151-fa3f27672f1c admin"",""authority_class"":""facility"",""execution_state"":""none"",""effective_receipt_id"":null,""requirement_version_id"":""7954828e-2856-44ae-8a51-5b4d32ed3c93"",""facility_requirement_id"":""a7da2d96-da69-43b4-bc16-950864034a4f""}",[],[],[],
occurrence,19424b20-e366-4857-bd7a-b5d8643cfeb2,col151-fa3f27672f1c admin,pending,2026-09-13T02:11:07.038904+00:00,"{""id"":""19424b20-e366-4857-bd7a-b5d8643cfeb2"",""due_at"":""2028-09-03T03:00:00+00:00"",""status"":""pending"",""created_at"":""2026-09-13T02:11:07.038904+00:00"",""subject_id"":""56f3cf25-84ad-4746-934d-a50e371bf561"",""performed_at"":null,""activity_name"":""col151-fa3f27672f1c admin"",""authority_class"":""facility"",""execution_state"":""none"",""effective_receipt_id"":null,""requirement_version_id"":""7954828e-2856-44ae-8a51-5b4d32ed3c93"",""facility_requirement_id"":""a7da2d96-da69-43b4-bc16-950864034a4f""}",[],[],[],
occurrence,1e6e0420-ed54-439b-93ea-c865e75b4c47,col151-fa3f27672f1c admin,pending,2026-09-13T02:11:07.038904+00:00,"{""id"":""1e6e0420-ed54-439b-93ea-c865e75b4c47"",""due_at"":""2029-09-09T03:00:00+00:00"",""status"":""pending"",""created_at"":""2026-09-13T02:11:07.038904+00:00"",""subject_id"":""56f3cf25-84ad-4746-934d-a50e371bf561"",""performed_at"":null,""activity_name"":""col151-fa3f27672f1c admin"",""authority_class"":""facility"",""execution_state"":""none"",""effective_receipt_id"":null,""requirement_version_id"":""7954828e-2856-44ae-8a51-5b4d32ed3c93"",""facility_requirement_id"":""a7da2d96-da69-43b4-bc16-950864034a4f""}",[],[],[],
occurrence,269bffa8-87ca-4265-a0ea-d669f01f2e97,col151-fa3f27672f1c admin,pending,2026-09-13T02:11:07.038904+00:00,"{""id"":""269bffa8-87ca-4265-a0ea-d669f01f2e97"",""due_at"":""2030-04-07T03:00:00+00:00"",""status"":""pending"",""created_at"":""2026-09-13T02:11:07.038904+00:00"",""subject_id"":""56f3cf25-84ad-4746-934d-a50e371bf561"",""performed_at"":null,""activity_name"":""col151-fa3f27672f1c admin"",""authority_class"":""facility"",""execution_state"":""none"",""effective_receipt_id"":null,""requirement_version_id"":""7954828e-2856-44ae-8a51-5b4d32ed3c93"",""facility_requirement_id"":""a7da2d96-da69-43b4-bc16-950864034a4f""}",[],[],[],
occurrence,292876c1-4e90-46da-a380-7f777681808c,col151-fa3f27672f1c admin,pending,2026-09-13T02:11:07.038904+00:00,"{""id"":""292876c1-4e90-46da-a380-7f777681808c"",""due_at"":""2028-12-24T04:00:00+00:00"",""status"":""pending"",""created_at"":""2026-09-13T02:11:07.038904+00:00"",""subject_id"":""56f3cf25-84ad-4746-934d-a50e371bf561"",""performed_at"":null,""activity_name"":""col151-fa3f27672f1c admin"",""authority_class"":""facility"",""execution_state"":""none"",""effective_receipt_id"":null,""requirement_version_id"":""7954828e-2856-44ae-8a51-5b4d32ed3c93"",""facility_requirement_id"":""a7da2d96-da69-43b4-bc16-950864034a4f""}",[],[],[],
occurrence,311765c8-77f0-4a75-b8f2-e87ea0de6e67,col151-fa3f27672f1c admin,pending,2026-09-13T02:11:07.038904+00:00,"{""id"":""311765c8-77f0-4a75-b8f2-e87ea0de6e67"",""due_at"":""2030-05-19T03:00:00+00:00"",""status"":""pending"",""created_at"":""2026-09-13T02:11:07.038904+00:00"",""subject_id"":""56f3cf25-84ad-4746-934d-a50e371bf561"",""performed_at"":null,""activity_name"":""col151-fa3f27672f1c admin"",""authority_class"":""facility"",""execution_state"":""none"",""effective_receipt_id"":null,""requirement_version_id"":""7954828e-2856-44ae-8a51-5b4d32ed3c93"",""facility_requirement_id"":""a7da2d96-da69-43b4-bc16-950864034a4f""}",[],[],[],
occurrence,3159685f-074f-47e8-8fd0-4840d1b63fd3,col151-fa3f27672f1c admin,pending,2026-09-13T02:11:07.038904+00:00,"{""id"":""3159685f-074f-47e8-8fd0-4840d1b63fd3"",""due_at"":""2028-12-10T04:00:00+00:00"",""status"":""pending"",""created_at"":""2026-09-13T02:11:07.038904+00:00"",""subject_id"":""56f3cf25-84ad-4746-934d-a50e371bf561"",""performed_at"":null,""activity_name"":""col151-fa3f27672f1c admin"",""authority_class"":""facility"",""execution_state"":""none"",""effective_receipt_id"":null,""requirement_version_id"":""7954828e-2856-44ae-8a51-5b4d32ed3c93"",""facility_requirement_id"":""a7da2d96-da69-43b4-bc16-950864034a4f""}",[],[],[],
occurrence,38597c05-f9ac-416a-9720-3563046cfb40,col151-fa3f27672f1c admin,pending,2026-09-13T02:11:07.038904+00:00,"{""id"":""38597c05-f9ac-416a-9720-3563046cfb40"",""due_at"":""2030-02-24T04:00:00+00:00"",""status"":""pending"",""created_at"":""2026-09-13T02:11:07.038904+00:00"",""subject_id"":""56f3cf25-84ad-4746-934d-a50e371bf561"",""performed_at"":null,""activity_name"":""col151-fa3f27672f1c admin"",""authority_class"":""facility"",""execution_state"":""none"",""effective_receipt_id"":null,""requirement_version_id"":""7954828e-2856-44ae-8a51-5b4d32ed3c93"",""facility_requirement_id"":""a7da2d96-da69-43b4-bc16-950864034a4f""}",[],[],[],
occurrence,393bd996-e49e-4194-a4fb-104755541554,col151-fa3f27672f1c admin,pending,2026-09-13T02:11:07.038904+00:00,"{""id"":""393bd996-e49e-4194-a4fb-104755541554"",""due_at"":""2029-03-04T04:00:00+00:00"",""status"":""pending"",""created_at"":""2026-09-13T02:11:07.038904+00:00"",""subject_id"":""56f3cf25-84ad-4746-934d-a50e371bf561"",""performed_at"":null,""activity_name"":""col151-fa3f27672f1c admin"",""authority_class"":""facility"",""execution_state"":""none"",""effective_receipt_id"":null,""requirement_version_id"":""7954828e-2856-44ae-8a51-5b4d32ed3c93"",""facility_requirement_id"":""a7da2d96-da69-43b4-bc16-950864034a4f""}",[],[],[],
occurrence,3aa4eb35-6abb-4361-9886-9708d71d8801,col151-fa3f27672f1c admin,pending,2026-09-13T02:11:07.038904+00:00,"{""id"":""3aa4eb35-6abb-4361-9886-9708d71d8801"",""due_at"":""2029-09-02T03:00:00+00:00"",""status"":""pending"",""created_at"":""2026-09-13T02:11:07.038904+00:00"",""subject_id"":""56f3cf25-84ad-4746-934d-a50e371bf561"",""performed_at"":null,""activity_name"":""col151-fa3f27672f1c admin"",""authority_class"":""facility"",""execution_state"":""none"",""effective_receipt_id"":null,""requirement_version_id"":""7954828e-2856-44ae-8a51-5b4d32ed3c93"",""facility_requirement_id"":""a7da2d96-da69-43b4-bc16-950864034a4f""}",[],[],[],
occurrence,41fadd99-f90b-4ae0-876c-8e93b4a71073,col151-fa3f27672f1c admin,pending,2026-09-13T02:11:07.038904+00:00,"{""id"":""41fadd99-f90b-4ae0-876c-8e93b4a71073"",""due_at"":""2028-08-20T03:00:00+00:00"",""status"":""pending"",""created_at"":""2026-09-13T02:11:07.038904+00:00"",""subject_id"":""56f3cf25-84ad-4746-934d-a50e371bf561"",""performed_at"":null,""activity_name"":""col151-fa3f27672f1c admin"",""authority_class"":""facility"",""execution_state"":""none"",""effective_receipt_id"":null,""requirement_version_id"":""7954828e-2856-44ae-8a51-5b4d32ed3c93"",""facility_requirement_id"":""a7da2d96-da69-43b4-bc16-950864034a4f""}",[],[],[],
occurrence,42a7a283-d874-40d7-a9f7-c5b99b8f9db8,col151-fa3f27672f1c admin,pending,2026-09-13T02:11:07.038904+00:00,"{""id"":""42a7a283-d874-40d7-a9f7-c5b99b8f9db8"",""due_at"":""2029-11-11T04:00:00+00:00"",""status"":""pending"",""created_at"":""2026-09-13T02:11:07.038904+00:00"",""subject_id"":""56f3cf25-84ad-4746-934d-a50e371bf561"",""performed_at"":null,""activity_name"":""col151-fa3f27672f1c admin"",""authority_class"":""facility"",""execution_state"":""none"",""effective_receipt_id"":null,""requirement_version_id"":""7954828e-2856-44ae-8a51-5b4d32ed3c93"",""facility_requirement_id"":""a7da2d96-da69-43b4-bc16-950864034a4f""}",[],[],[],
occurrence,43196f33-2242-49f5-8f99-4095859b608f,col151-fa3f27672f1c admin,pending,2026-09-13T02:11:07.038904+00:00,"{""id"":""43196f33-2242-49f5-8f99-4095859b608f"",""due_at"":""2030-03-17T03:00:00+00:00"",""status"":""pending"",""created_at"":""2026-09-13T02:11:07.038904+00:00"",""subject_id"":""56f3cf25-84ad-4746-934d-a50e371bf561"",""performed_at"":null,""activity_name"":""col151-fa3f27672f1c admin"",""authority_class"":""facility"",""execution_state"":""none"",""effective_receipt_id"":null,""requirement_version_id"":""7954828e-2856-44ae-8a51-5b4d32ed3c93"",""facility_requirement_id"":""a7da2d96-da69-43b4-bc16-950864034a4f""}",[],[],[],
occurrence,48d32c78-c8be-40db-8ec3-c5d4814e8e7f,col151-fa3f27672f1c admin,pending,2026-09-13T02:11:07.038904+00:00,"{""id"":""48d32c78-c8be-40db-8ec3-c5d4814e8e7f"",""due_at"":""2030-03-10T04:00:00+00:00"",""status"":""pending"",""created_at"":""2026-09-13T02:11:07.038904+00:00"",""subject_id"":""56f3cf25-84ad-4746-934d-a50e371bf561"",""performed_at"":null,""activity_name"":""col151-fa3f27672f1c admin"",""authority_class"":""facility"",""execution_state"":""none"",""effective_receipt_id"":null,""requirement_version_id"":""7954828e-2856-44ae-8a51-5b4d32ed3c93"",""facility_requirement_id"":""a7da2d96-da69-43b4-bc16-950864034a4f""}",[],[],[],
occurrence,492e259d-0ef9-417c-bcee-c20de13aa0f7,col151-fa3f27672f1c admin,pending,2026-09-13T02:11:07.038904+00:00,"{""id"":""492e259d-0ef9-417c-bcee-c20de13aa0f7"",""due_at"":""2030-01-06T04:00:00+00:00"",""status"":""pending"",""created_at"":""2026-09-13T02:11:07.038904+00:00"",""subject_id"":""56f3cf25-84ad-4746-934d-a50e371bf561"",""performed_at"":null,""activity_name"":""col151-fa3f27672f1c admin"",""authority_class"":""facility"",""execution_state"":""none"",""effective_receipt_id"":null,""requirement_version_id"":""7954828e-2856-44ae-8a51-5b4d32ed3c93"",""facility_requirement_id"":""a7da2d96-da69-43b4-bc16-950864034a4f""}",[],[],[],
occurrence,4bc84f5f-131e-477e-9219-192e17925281,col151-fa3f27672f1c admin,pending,2026-09-13T02:11:07.038904+00:00,"{""id"":""4bc84f5f-131e-477e-9219-192e17925281"",""due_at"":""2029-06-10T03:00:00+00:00"",""status"":""pending"",""created_at"":""2026-09-13T02:11:07.038904+00:00"",""subject_id"":""56f3cf25-84ad-4746-934d-a50e371bf561"",""performed_at"":null,""activity_name"":""col151-fa3f27672f1c admin"",""authority_class"":""facility"",""execution_state"":""none"",""effective_receipt_id"":null,""requirement_version_id"":""7954828e-2856-44ae-8a51-5b4d32ed3c93"",""facility_requirement_id"":""a7da2d96-da69-43b4-bc16-950864034a4f""}",[],[],[],
occurrence,4f91a020-0ed9-45a6-9465-0c2631de756f,col151-fa3f27672f1c admin,pending,2026-09-13T02:11:07.038904+00:00,"{""id"":""4f91a020-0ed9-45a6-9465-0c2631de756f"",""due_at"":""2028-12-17T04:00:00+00:00"",""status"":""pending"",""created_at"":""2026-09-13T02:11:07.038904+00:00"",""subject_id"":""56f3cf25-84ad-4746-934d-a50e371bf561"",""performed_at"":null,""activity_name"":""col151-fa3f27672f1c admin"",""authority_class"":""facility"",""execution_state"":""none"",""effective_receipt_id"":null,""requirement_version_id"":""7954828e-2856-44ae-8a51-5b4d32ed3c93"",""facility_requirement_id"":""a7da2d96-da69-43b4-bc16-950864034a4f""}",[],[],[],
occurrence,53a69fd0-6892-487c-9404-e27143483942,col151-fa3f27672f1c admin,pending,2026-09-13T02:11:07.038904+00:00,"{""id"":""53a69fd0-6892-487c-9404-e27143483942"",""due_at"":""2029-07-08T03:00:00+00:00"",""status"":""pending"",""created_at"":""2026-09-13T02:11:07.038904+00:00"",""subject_id"":""56f3cf25-84ad-4746-934d-a50e371bf561"",""performed_at"":null,""activity_name"":""col151-fa3f27672f1c admin"",""authority_class"":""facility"",""execution_state"":""none"",""effective_receipt_id"":null,""requirement_version_id"":""7954828e-2856-44ae-8a51-5b4d32ed3c93"",""facility_requirement_id"":""a7da2d96-da69-43b4-bc16-950864034a4f""}",[],[],[],
occurrence,56b3cdd0-23e1-426e-b043-ec2ddb5eecfe,col151-fa3f27672f1c admin,pending,2026-09-13T02:11:07.038904+00:00,"{""id"":""56b3cdd0-23e1-426e-b043-ec2ddb5eecfe"",""due_at"":""2030-02-17T04:00:00+00:00"",""status"":""pending"",""created_at"":""2026-09-13T02:11:07.038904+00:00"",""subject_id"":""56f3cf25-84ad-4746-934d-a50e371bf561"",""performed_at"":null,""activity_name"":""col151-fa3f27672f1c admin"",""authority_class"":""facility"",""execution_state"":""none"",""effective_receipt_id"":null,""requirement_version_id"":""7954828e-2856-44ae-8a51-5b4d32ed3c93"",""facility_requirement_id"":""a7da2d96-da69-43b4-bc16-950864034a4f""}",[],[],[],
occurrence,5745e7d5-3e77-4f06-ba8c-19316427502e,col151-fa3f27672f1c admin,pending,2026-09-13T02:11:07.038904+00:00,"{""id"":""5745e7d5-3e77-4f06-ba8c-19316427502e"",""due_at"":""2028-10-08T03:00:00+00:00"",""status"":""pending"",""created_at"":""2026-09-13T02:11:07.038904+00:00"",""subject_id"":""56f3cf25-84ad-4746-934d-a50e371bf561"",""performed_at"":null,""activity_name"":""col151-fa3f27672f1c admin"",""authority_class"":""facility"",""execution_state"":""none"",""effective_receipt_id"":null,""requirement_version_id"":""7954828e-2856-44ae-8a51-5b4d32ed3c93"",""facility_requirement_id"":""a7da2d96-da69-43b4-bc16-950864034a4f""}",[],[],[],
occurrence,59d18356-d319-479b-85d3-2b64dfe84129,col151-fa3f27672f1c admin,pending,2026-09-13T02:11:07.038904+00:00,"{""id"":""59d18356-d319-479b-85d3-2b64dfe84129"",""due_at"":""2029-03-18T03:00:00+00:00"",""status"":""pending"",""created_at"":""2026-09-13T02:11:07.038904+00:00"",""subject_id"":""56f3cf25-84ad-4746-934d-a50e371bf561"",""performed_at"":null,""activity_name"":""col151-fa3f27672f1c admin"",""authority_class"":""facility"",""execution_state"":""none"",""effective_receipt_id"":null,""requirement_version_id"":""7954828e-2856-44ae-8a51-5b4d32ed3c93"",""facility_requirement_id"":""a7da2d96-da69-43b4-bc16-950864034a4f""}",[],[],[],
occurrence,5f44f8d1-2dff-4891-b168-68189560d72f,col151-fa3f27672f1c admin,pending,2026-09-13T02:11:07.038904+00:00,"{""id"":""5f44f8d1-2dff-4891-b168-68189560d72f"",""due_at"":""2030-06-23T03:00:00+00:00"",""status"":""pending"",""created_at"":""2026-09-13T02:11:07.038904+00:00"",""subject_id"":""56f3cf25-84ad-4746-934d-a50e371bf561"",""performed_at"":null,""activity_name"":""col151-fa3f27672f1c admin"",""authority_class"":""facility"",""execution_state"":""none"",""effective_receipt_id"":null,""requirement_version_id"":""7954828e-2856-44ae-8a51-5b4d32ed3c93"",""facility_requirement_id"":""a7da2d96-da69-43b4-bc16-950864034a4f""}",[],[],[],
occurrence,6316b41f-1eb9-4bc6-8c70-c65628999f39,col151-fa3f27672f1c admin,pending,2026-09-13T02:11:07.038904+00:00,"{""id"":""6316b41f-1eb9-4bc6-8c70-c65628999f39"",""due_at"":""2029-10-07T03:00:00+00:00"",""status"":""pending"",""created_at"":""2026-09-13T02:11:07.038904+00:00"",""subject_id"":""56f3cf25-84ad-4746-934d-a50e371bf561"",""performed_at"":null,""activity_name"":""col151-fa3f27672f1c admin"",""authority_class"":""facility"",""execution_state"":""none"",""effective_receipt_id"":null,""requirement_version_id"":""7954828e-2856-44ae-8a51-5b4d32ed3c93"",""facility_requirement_id"":""a7da2d96-da69-43b4-bc16-950864034a4f""}",[],[],[],
occurrence,652132eb-99c7-42b3-b475-f9dde79c93a6,col151-fa3f27672f1c admin,pending,2026-09-13T02:11:07.038904+00:00,"{""id"":""652132eb-99c7-42b3-b475-f9dde79c93a6"",""due_at"":""2029-01-28T04:00:00+00:00"",""status"":""pending"",""created_at"":""2026-09-13T02:11:07.038904+00:00"",""subject_id"":""56f3cf25-84ad-4746-934d-a50e371bf561"",""performed_at"":null,""activity_name"":""col151-fa3f27672f1c admin"",""authority_class"":""facility"",""execution_state"":""none"",""effective_receipt_id"":null,""requirement_version_id"":""7954828e-2856-44ae-8a51-5b4d32ed3c93"",""facility_requirement_id"":""a7da2d96-da69-43b4-bc16-950864034a4f""}",[],[],[],
occurrence,6939e85e-deaa-4636-84ec-6cf86b6ac5d1,col151-fa3f27672f1c admin,pending,2026-09-13T02:11:07.038904+00:00,"{""id"":""6939e85e-deaa-4636-84ec-6cf86b6ac5d1"",""due_at"":""2030-04-21T03:00:00+00:00"",""status"":""pending"",""created_at"":""2026-09-13T02:11:07.038904+00:00"",""subject_id"":""56f3cf25-84ad-4746-934d-a50e371bf561"",""performed_at"":null,""activity_name"":""col151-fa3f27672f1c admin"",""authority_class"":""facility"",""execution_state"":""none"",""effective_receipt_id"":null,""requirement_version_id"":""7954828e-2856-44ae-8a51-5b4d32ed3c93"",""facility_requirement_id"":""a7da2d96-da69-43b4-bc16-950864034a4f""}",[],[],[],
occurrence,6a7ad0f6-889b-4493-bc29-cc7326d12939,col151-fa3f27672f1c admin,pending,2026-09-13T02:11:07.038904+00:00,"{""id"":""6a7ad0f6-889b-4493-bc29-cc7326d12939"",""due_at"":""2029-05-06T03:00:00+00:00"",""status"":""pending"",""created_at"":""2026-09-13T02:11:07.038904+00:00"",""subject_id"":""56f3cf25-84ad-4746-934d-a50e371bf561"",""performed_at"":null,""activity_name"":""col151-fa3f27672f1c admin"",""authority_class"":""facility"",""execution_state"":""none"",""effective_receipt_id"":null,""requirement_version_id"":""7954828e-2856-44ae-8a51-5b4d32ed3c93"",""facility_requirement_id"":""a7da2d96-da69-43b4-bc16-950864034a4f""}",[],[],[],
occurrence,6d54cb75-725d-45bd-914b-0ee51c7df2b3,col151-fa3f27672f1c admin,pending,2026-09-13T02:11:07.038904+00:00,"{""id"":""6d54cb75-725d-45bd-914b-0ee51c7df2b3"",""due_at"":""2029-12-16T04:00:00+00:00"",""status"":""pending"",""created_at"":""2026-09-13T02:11:07.038904+00:00"",""subject_id"":""56f3cf25-84ad-4746-934d-a50e371bf561"",""performed_at"":null,""activity_name"":""col151-fa3f27672f1c admin"",""authority_class"":""facility"",""execution_state"":""none"",""effective_receipt_id"":null,""requirement_version_id"":""7954828e-2856-44ae-8a51-5b4d32ed3c93"",""facility_requirement_id"":""a7da2d96-da69-43b4-bc16-950864034a4f""}",[],[],[],
occurrence,6eed5ff7-d164-4eff-aa0c-a3088c1f6830,col151-fa3f27672f1c admin,pending,2026-09-13T02:11:07.038904+00:00,"{""id"":""6eed5ff7-d164-4eff-aa0c-a3088c1f6830"",""due_at"":""2028-11-19T04:00:00+00:00"",""status"":""pending"",""created_at"":""2026-09-13T02:11:07.038904+00:00"",""subject_id"":""56f3cf25-84ad-4746-934d-a50e371bf561"",""performed_at"":null,""activity_name"":""col151-fa3f27672f1c admin"",""authority_class"":""facility"",""execution_state"":""none"",""effective_receipt_id"":null,""requirement_version_id"":""7954828e-2856-44ae-8a51-5b4d32ed3c93"",""facility_requirement_id"":""a7da2d96-da69-43b4-bc16-950864034a4f""}",[],[],[],
occurrence,6f7047ed-912d-4009-b74a-140fea7cb307,col151-fa3f27672f1c admin,pending,2026-09-13T02:11:07.038904+00:00,"{""id"":""6f7047ed-912d-4009-b74a-140fea7cb307"",""due_at"":""2030-05-05T03:00:00+00:00"",""status"":""pending"",""created_at"":""2026-09-13T02:11:07.038904+00:00"",""subject_id"":""56f3cf25-84ad-4746-934d-a50e371bf561"",""performed_at"":null,""activity_name"":""col151-fa3f27672f1c admin"",""authority_class"":""facility"",""execution_state"":""none"",""effective_receipt_id"":null,""requirement_version_id"":""7954828e-2856-44ae-8a51-5b4d32ed3c93"",""facility_requirement_id"":""a7da2d96-da69-43b4-bc16-950864034a4f""}",[],[],[],
occurrence,702ef30c-1463-494f-9bbb-cfa36e910437,col151-fa3f27672f1c admin,pending,2026-09-13T02:11:07.038904+00:00,"{""id"":""702ef30c-1463-494f-9bbb-cfa36e910437"",""due_at"":""2030-01-13T04:00:00+00:00"",""status"":""pending"",""created_at"":""2026-09-13T02:11:07.038904+00:00"",""subject_id"":""56f3cf25-84ad-4746-934d-a50e371bf561"",""performed_at"":null,""activity_name"":""col151-fa3f27672f1c admin"",""authority_class"":""facility"",""execution_state"":""none"",""effective_receipt_id"":null,""requirement_version_id"":""7954828e-2856-44ae-8a51-5b4d32ed3c93"",""facility_requirement_id"":""a7da2d96-da69-43b4-bc16-950864034a4f""}",[],[],[],
occurrence,7138f931-1d64-41f5-b895-d0b65dff3a40,col151-fa3f27672f1c admin,pending,2026-09-13T02:11:07.038904+00:00,"{""id"":""7138f931-1d64-41f5-b895-d0b65dff3a40"",""due_at"":""2029-10-21T03:00:00+00:00"",""status"":""pending"",""created_at"":""2026-09-13T02:11:07.038904+00:00"",""subject_id"":""56f3cf25-84ad-4746-934d-a50e371bf561"",""performed_at"":null,""activity_name"":""col151-fa3f27672f1c admin"",""authority_class"":""facility"",""execution_state"":""none"",""effective_receipt_id"":null,""requirement_version_id"":""7954828e-2856-44ae-8a51-5b4d32ed3c93"",""facility_requirement_id"":""a7da2d96-da69-43b4-bc16-950864034a4f""}",[],[],[],
occurrence,71b1e762-6834-4ec3-ac64-3c47284a9e1f,col151-fa3f27672f1c admin,pending,2026-09-13T02:11:07.038904+00:00,"{""id"":""71b1e762-6834-4ec3-ac64-3c47284a9e1f"",""due_at"":""2029-02-18T04:00:00+00:00"",""status"":""pending"",""created_at"":""2026-09-13T02:11:07.038904+00:00"",""subject_id"":""56f3cf25-84ad-4746-934d-a50e371bf561"",""performed_at"":null,""activity_name"":""col151-fa3f27672f1c admin"",""authority_class"":""facility"",""execution_state"":""none"",""effective_receipt_id"":null,""requirement_version_id"":""7954828e-2856-44ae-8a51-5b4d32ed3c93"",""facility_requirement_id"":""a7da2d96-da69-43b4-bc16-950864034a4f""}",[],[],[],
occurrence,71c635b4-5d50-4f09-8a52-fa97f1b97604,col151-fa3f27672f1c admin,pending,2026-09-13T02:11:07.038904+00:00,"{""id"":""71c635b4-5d50-4f09-8a52-fa97f1b97604"",""due_at"":""2028-11-05T03:00:00+00:00"",""status"":""pending"",""created_at"":""2026-09-13T02:11:07.038904+00:00"",""subject_id"":""56f3cf25-84ad-4746-934d-a50e371bf561"",""performed_at"":null,""activity_name"":""col151-fa3f27672f1c admin"",""authority_class"":""facility"",""execution_state"":""none"",""effective_receipt_id"":null,""requirement_version_id"":""7954828e-2856-44ae-8a51-5b4d32ed3c93"",""facility_requirement_id"":""a7da2d96-da69-43b4-bc16-950864034a4f""}",[],[],[],
occurrence,728e9c16-5db1-44dc-bc1f-3228ac84bfff,col151-fa3f27672f1c admin,pending,2026-09-13T02:11:07.038904+00:00,"{""id"":""728e9c16-5db1-44dc-bc1f-3228ac84bfff"",""due_at"":""2029-12-23T04:00:00+00:00"",""status"":""pending"",""created_at"":""2026-09-13T02:11:07.038904+00:00"",""subject_id"":""56f3cf25-84ad-4746-934d-a50e371bf561"",""performed_at"":null,""activity_name"":""col151-fa3f27672f1c admin"",""authority_class"":""facility"",""execution_state"":""none"",""effective_receipt_id"":null,""requirement_version_id"":""7954828e-2856-44ae-8a51-5b4d32ed3c93"",""facility_requirement_id"":""a7da2d96-da69-43b4-bc16-950864034a4f""}",[],[],[],
occurrence,7353f6f3-3eda-480d-8812-447f0fbc0692,col151-fa3f27672f1c admin,pending,2026-09-13T02:11:07.038904+00:00,"{""id"":""7353f6f3-3eda-480d-8812-447f0fbc0692"",""due_at"":""2030-02-03T04:00:00+00:00"",""status"":""pending"",""created_at"":""2026-09-13T02:11:07.038904+00:00"",""subject_id"":""56f3cf25-84ad-4746-934d-a50e371bf561"",""performed_at"":null,""activity_name"":""col151-fa3f27672f1c admin"",""authority_class"":""facility"",""execution_state"":""none"",""effective_receipt_id"":null,""requirement_version_id"":""7954828e-2856-44ae-8a51-5b4d32ed3c93"",""facility_requirement_id"":""a7da2d96-da69-43b4-bc16-950864034a4f""}",[],[],[],
occurrence,77f008b2-8e58-4eb9-846f-b1bb19c10658,col151-fa3f27672f1c admin,pending,2026-09-13T02:11:07.038904+00:00,"{""id"":""77f008b2-8e58-4eb9-846f-b1bb19c10658"",""due_at"":""2028-10-22T03:00:00+00:00"",""status"":""pending"",""created_at"":""2026-09-13T02:11:07.038904+00:00"",""subject_id"":""56f3cf25-84ad-4746-934d-a50e371bf561"",""performed_at"":null,""activity_name"":""col151-fa3f27672f1c admin"",""authority_class"":""facility"",""execution_state"":""none"",""effective_receipt_id"":null,""requirement_version_id"":""7954828e-2856-44ae-8a51-5b4d32ed3c93"",""facility_requirement_id"":""a7da2d96-da69-43b4-bc16-950864034a4f""}",[],[],[],
occurrence,787b646b-2a0b-4f20-aee7-e4a89c90f733,col151-fa3f27672f1c admin,pending,2026-09-13T02:11:07.038904+00:00,"{""id"":""787b646b-2a0b-4f20-aee7-e4a89c90f733"",""due_at"":""2029-10-28T03:00:00+00:00"",""status"":""pending"",""created_at"":""2026-09-13T02:11:07.038904+00:00"",""subject_id"":""56f3cf25-84ad-4746-934d-a50e371bf561"",""performed_at"":null,""activity_name"":""col151-fa3f27672f1c admin"",""authority_class"":""facility"",""execution_state"":""none"",""effective_receipt_id"":null,""requirement_version_id"":""7954828e-2856-44ae-8a51-5b4d32ed3c93"",""facility_requirement_id"":""a7da2d96-da69-43b4-bc16-950864034a4f""}",[],[],[],
occurrence,7b9d5caa-6f00-4570-a09a-43ded4482563,col151-fa3f27672f1c admin,pending,2026-09-13T02:11:07.038904+00:00,"{""id"":""7b9d5caa-6f00-4570-a09a-43ded4482563"",""due_at"":""2029-07-29T03:00:00+00:00"",""status"":""pending"",""created_at"":""2026-09-13T02:11:07.038904+00:00"",""subject_id"":""56f3cf25-84ad-4746-934d-a50e371bf561"",""performed_at"":null,""activity_name"":""col151-fa3f27672f1c admin"",""authority_class"":""facility"",""execution_state"":""none"",""effective_receipt_id"":null,""requirement_version_id"":""7954828e-2856-44ae-8a51-5b4d32ed3c93"",""facility_requirement_id"":""a7da2d96-da69-43b4-bc16-950864034a4f""}",[],[],[],
occurrence,7f570b57-e39a-4aba-a2ee-83ae09ebd8af,col151-fa3f27672f1c admin,pending,2026-09-13T02:11:07.038904+00:00,"{""id"":""7f570b57-e39a-4aba-a2ee-83ae09ebd8af"",""due_at"":""2030-06-16T03:00:00+00:00"",""status"":""pending"",""created_at"":""2026-09-13T02:11:07.038904+00:00"",""subject_id"":""56f3cf25-84ad-4746-934d-a50e371bf561"",""performed_at"":null,""activity_name"":""col151-fa3f27672f1c admin"",""authority_class"":""facility"",""execution_state"":""none"",""effective_receipt_id"":null,""requirement_version_id"":""7954828e-2856-44ae-8a51-5b4d32ed3c93"",""facility_requirement_id"":""a7da2d96-da69-43b4-bc16-950864034a4f""}",[],[],[],
occurrence,8092d1f7-bec9-42b6-9318-597f490fb7c1,col151-fa3f27672f1c admin,pending,2026-09-13T02:11:07.038904+00:00,"{""id"":""8092d1f7-bec9-42b6-9318-597f490fb7c1"",""due_at"":""2030-02-10T04:00:00+00:00"",""status"":""pending"",""created_at"":""2026-09-13T02:11:07.038904+00:00"",""subject_id"":""56f3cf25-84ad-4746-934d-a50e371bf561"",""performed_at"":null,""activity_name"":""col151-fa3f27672f1c admin"",""authority_class"":""facility"",""execution_state"":""none"",""effective_receipt_id"":null,""requirement_version_id"":""7954828e-2856-44ae-8a51-5b4d32ed3c93"",""facility_requirement_id"":""a7da2d96-da69-43b4-bc16-950864034a4f""}",[],[],[],
occurrence,84b07272-dd89-4e43-9b10-28006dd10fbe,col151-fa3f27672f1c admin,pending,2026-09-13T02:11:07.038904+00:00,"{""id"":""84b07272-dd89-4e43-9b10-28006dd10fbe"",""due_at"":""2029-08-26T03:00:00+00:00"",""status"":""pending"",""created_at"":""2026-09-13T02:11:07.038904+00:00"",""subject_id"":""56f3cf25-84ad-4746-934d-a50e371bf561"",""performed_at"":null,""activity_name"":""col151-fa3f27672f1c admin"",""authority_class"":""facility"",""execution_state"":""none"",""effective_receipt_id"":null,""requirement_version_id"":""7954828e-2856-44ae-8a51-5b4d32ed3c93"",""facility_requirement_id"":""a7da2d96-da69-43b4-bc16-950864034a4f""}",[],[],[],
occurrence,8aca2fd2-b1bc-439f-a0b8-306054742c7c,col151-fa3f27672f1c admin,pending,2026-09-13T02:11:07.038904+00:00,"{""id"":""8aca2fd2-b1bc-439f-a0b8-306054742c7c"",""due_at"":""2030-06-09T03:00:00+00:00"",""status"":""pending"",""created_at"":""2026-09-13T02:11:07.038904+00:00"",""subject_id"":""56f3cf25-84ad-4746-934d-a50e371bf561"",""performed_at"":null,""activity_name"":""col151-fa3f27672f1c admin"",""authority_class"":""facility"",""execution_state"":""none"",""effective_receipt_id"":null,""requirement_version_id"":""7954828e-2856-44ae-8a51-5b4d32ed3c93"",""facility_requirement_id"":""a7da2d96-da69-43b4-bc16-950864034a4f""}",[],[],[],
occurrence,90294d4b-96a6-4b9a-a716-02b30ca6b987,col151-fa3f27672f1c admin,pending,2026-09-13T02:11:07.038904+00:00,"{""id"":""90294d4b-96a6-4b9a-a716-02b30ca6b987"",""due_at"":""2030-07-14T03:00:00+00:00"",""status"":""pending"",""created_at"":""2026-09-13T02:11:07.038904+00:00"",""subject_id"":""56f3cf25-84ad-4746-934d-a50e371bf561"",""performed_at"":null,""activity_name"":""col151-fa3f27672f1c admin"",""authority_class"":""facility"",""execution_state"":""none"",""effective_receipt_id"":null,""requirement_version_id"":""7954828e-2856-44ae-8a51-5b4d32ed3c93"",""facility_requirement_id"":""a7da2d96-da69-43b4-bc16-950864034a4f""}",[],[],[],
occurrence,90598c4e-e64a-46fb-914b-a975634127af,col151-fa3f27672f1c admin,pending,2026-09-13T02:11:07.038904+00:00,"{""id"":""90598c4e-e64a-46fb-914b-a975634127af"",""due_at"":""2029-05-20T03:00:00+00:00"",""status"":""pending"",""created_at"":""2026-09-13T02:11:07.038904+00:00"",""subject_id"":""56f3cf25-84ad-4746-934d-a50e371bf561"",""performed_at"":null,""activity_name"":""col151-fa3f27672f1c admin"",""authority_class"":""facility"",""execution_state"":""none"",""effective_receipt_id"":null,""requirement_version_id"":""7954828e-2856-44ae-8a51-5b4d32ed3c93"",""facility_requirement_id"":""a7da2d96-da69-43b4-bc16-950864034a4f""}",[],[],[],
occurrence,9136f06b-abce-4b24-8a4c-f1e849aca0e3,col151-fa3f27672f1c admin,pending,2026-09-13T02:11:07.038904+00:00,"{""id"":""9136f06b-abce-4b24-8a4c-f1e849aca0e3"",""due_at"":""2029-01-07T04:00:00+00:00"",""status"":""pending"",""created_at"":""2026-09-13T02:11:07.038904+00:00"",""subject_id"":""56f3cf25-84ad-4746-934d-a50e371bf561"",""performed_at"":null,""activity_name"":""col151-fa3f27672f1c admin"",""authority_class"":""facility"",""execution_state"":""none"",""effective_receipt_id"":null,""requirement_version_id"":""7954828e-2856-44ae-8a51-5b4d32ed3c93"",""facility_requirement_id"":""a7da2d96-da69-43b4-bc16-950864034a4f""}",[],[],[],
occurrence,91fa6224-6368-4bbc-8cb1-525b7d35b12a,col151-fa3f27672f1c admin,pending,2026-09-13T02:11:07.038904+00:00,"{""id"":""91fa6224-6368-4bbc-8cb1-525b7d35b12a"",""due_at"":""2029-07-22T03:00:00+00:00"",""status"":""pending"",""created_at"":""2026-09-13T02:11:07.038904+00:00"",""subject_id"":""56f3cf25-84ad-4746-934d-a50e371bf561"",""performed_at"":null,""activity_name"":""col151-fa3f27672f1c admin"",""authority_class"":""facility"",""execution_state"":""none"",""effective_receipt_id"":null,""requirement_version_id"":""7954828e-2856-44ae-8a51-5b4d32ed3c93"",""facility_requirement_id"":""a7da2d96-da69-43b4-bc16-950864034a4f""}",[],[],[],
occurrence,92c1f90b-4bf6-4803-bdea-65594718b1e0,col151-fa3f27672f1c admin,pending,2026-09-13T02:11:07.038904+00:00,"{""id"":""92c1f90b-4bf6-4803-bdea-65594718b1e0"",""due_at"":""2028-11-26T04:00:00+00:00"",""status"":""pending"",""created_at"":""2026-09-13T02:11:07.038904+00:00"",""subject_id"":""56f3cf25-84ad-4746-934d-a50e371bf561"",""performed_at"":null,""activity_name"":""col151-fa3f27672f1c admin"",""authority_class"":""facility"",""execution_state"":""none"",""effective_receipt_id"":null,""requirement_version_id"":""7954828e-2856-44ae-8a51-5b4d32ed3c93"",""facility_requirement_id"":""a7da2d96-da69-43b4-bc16-950864034a4f""}",[],[],[],
occurrence,956222a7-8350-4d74-89d2-fcaf51923e03,col151-fa3f27672f1c admin,pending,2026-09-13T02:11:07.038904+00:00,"{""id"":""956222a7-8350-4d74-89d2-fcaf51923e03"",""due_at"":""2029-07-15T03:00:00+00:00"",""status"":""pending"",""created_at"":""2026-09-13T02:11:07.038904+00:00"",""subject_id"":""56f3cf25-84ad-4746-934d-a50e371bf561"",""performed_at"":null,""activity_name"":""col151-fa3f27672f1c admin"",""authority_class"":""facility"",""execution_state"":""none"",""effective_receipt_id"":null,""requirement_version_id"":""7954828e-2856-44ae-8a51-5b4d32ed3c93"",""facility_requirement_id"":""a7da2d96-da69-43b4-bc16-950864034a4f""}",[],[],[],
occurrence,95f21307-db1d-4261-99af-3080cbba2a4d,col151-fa3f27672f1c admin,pending,2026-09-13T02:11:07.038904+00:00,"{""id"":""95f21307-db1d-4261-99af-3080cbba2a4d"",""due_at"":""2030-04-14T03:00:00+00:00"",""status"":""pending"",""created_at"":""2026-09-13T02:11:07.038904+00:00"",""subject_id"":""56f3cf25-84ad-4746-934d-a50e371bf561"",""performed_at"":null,""activity_name"":""col151-fa3f27672f1c admin"",""authority_class"":""facility"",""execution_state"":""none"",""effective_receipt_id"":null,""requirement_version_id"":""7954828e-2856-44ae-8a51-5b4d32ed3c93"",""facility_requirement_id"":""a7da2d96-da69-43b4-bc16-950864034a4f""}",[],[],[],
occurrence,96e9020b-bf8f-475d-99ff-74f1e879db4d,col151-fa3f27672f1c admin,pending,2026-09-13T02:11:07.038904+00:00,"{""id"":""96e9020b-bf8f-475d-99ff-74f1e879db4d"",""due_at"":""2030-04-28T03:00:00+00:00"",""status"":""pending"",""created_at"":""2026-09-13T02:11:07.038904+00:00"",""subject_id"":""56f3cf25-84ad-4746-934d-a50e371bf561"",""performed_at"":null,""activity_name"":""col151-fa3f27672f1c admin"",""authority_class"":""facility"",""execution_state"":""none"",""effective_receipt_id"":null,""requirement_version_id"":""7954828e-2856-44ae-8a51-5b4d32ed3c93"",""facility_requirement_id"":""a7da2d96-da69-43b4-bc16-950864034a4f""}",[],[],[],
occurrence,9b1f5be0-4501-4363-ab99-9f3cffd1bad2,col151-fa3f27672f1c admin,pending,2026-09-13T02:11:07.038904+00:00,"{""id"":""9b1f5be0-4501-4363-ab99-9f3cffd1bad2"",""due_at"":""2030-03-03T04:00:00+00:00"",""status"":""pending"",""created_at"":""2026-09-13T02:11:07.038904+00:00"",""subject_id"":""56f3cf25-84ad-4746-934d-a50e371bf561"",""performed_at"":null,""activity_name"":""col151-fa3f27672f1c admin"",""authority_class"":""facility"",""execution_state"":""none"",""effective_receipt_id"":null,""requirement_version_id"":""7954828e-2856-44ae-8a51-5b4d32ed3c93"",""facility_requirement_id"":""a7da2d96-da69-43b4-bc16-950864034a4f""}",[],[],[],
occurrence,9ec4ce96-1f30-4d61-a594-85747ac2c157,col151-fa3f27672f1c admin,pending,2026-09-13T02:11:07.038904+00:00,"{""id"":""9ec4ce96-1f30-4d61-a594-85747ac2c157"",""due_at"":""2029-12-30T04:00:00+00:00"",""status"":""pending"",""created_at"":""2026-09-13T02:11:07.038904+00:00"",""subject_id"":""56f3cf25-84ad-4746-934d-a50e371bf561"",""performed_at"":null,""activity_name"":""col151-fa3f27672f1c admin"",""authority_class"":""facility"",""execution_state"":""none"",""effective_receipt_id"":null,""requirement_version_id"":""7954828e-2856-44ae-8a51-5b4d32ed3c93"",""facility_requirement_id"":""a7da2d96-da69-43b4-bc16-950864034a4f""}",[],[],[],
occurrence,a89a1c32-4c51-4c4d-949c-5af7ec49fefa,col151-fa3f27672f1c admin,pending,2026-09-13T02:11:07.038904+00:00,"{""id"":""a89a1c32-4c51-4c4d-949c-5af7ec49fefa"",""due_at"":""2028-09-24T03:00:00+00:00"",""status"":""pending"",""created_at"":""2026-09-13T02:11:07.038904+00:00"",""subject_id"":""56f3cf25-84ad-4746-934d-a50e371bf561"",""performed_at"":null,""activity_name"":""col151-fa3f27672f1c admin"",""authority_class"":""facility"",""execution_state"":""none"",""effective_receipt_id"":null,""requirement_version_id"":""7954828e-2856-44ae-8a51-5b4d32ed3c93"",""facility_requirement_id"":""a7da2d96-da69-43b4-bc16-950864034a4f""}",[],[],[],
occurrence,aabbc1d5-8030-4a26-8f63-8c1010fb14c5,col151-fa3f27672f1c admin,pending,2026-09-13T02:11:07.038904+00:00,"{""id"":""aabbc1d5-8030-4a26-8f63-8c1010fb14c5"",""due_at"":""2029-08-19T03:00:00+00:00"",""status"":""pending"",""created_at"":""2026-09-13T02:11:07.038904+00:00"",""subject_id"":""56f3cf25-84ad-4746-934d-a50e371bf561"",""performed_at"":null,""activity_name"":""col151-fa3f27672f1c admin"",""authority_class"":""facility"",""execution_state"":""none"",""effective_receipt_id"":null,""requirement_version_id"":""7954828e-2856-44ae-8a51-5b4d32ed3c93"",""facility_requirement_id"":""a7da2d96-da69-43b4-bc16-950864034a4f""}",[],[],[],
occurrence,ab70ab6b-b002-4b58-8776-5bb5a14777d0,col151-fa3f27672f1c admin,pending,2026-09-13T02:11:07.038904+00:00,"{""id"":""ab70ab6b-b002-4b58-8776-5bb5a14777d0"",""due_at"":""2029-12-09T04:00:00+00:00"",""status"":""pending"",""created_at"":""2026-09-13T02:11:07.038904+00:00"",""subject_id"":""56f3cf25-84ad-4746-934d-a50e371bf561"",""performed_at"":null,""activity_name"":""col151-fa3f27672f1c admin"",""authority_class"":""facility"",""execution_state"":""none"",""effective_receipt_id"":null,""requirement_version_id"":""7954828e-2856-44ae-8a51-5b4d32ed3c93"",""facility_requirement_id"":""a7da2d96-da69-43b4-bc16-950864034a4f""}",[],[],[],
occurrence,adf5556c-1514-4221-9f07-8fcebad1ee4b,col151-fa3f27672f1c admin,pending,2026-09-13T02:11:07.038904+00:00,"{""id"":""adf5556c-1514-4221-9f07-8fcebad1ee4b"",""due_at"":""2028-12-03T04:00:00+00:00"",""status"":""pending"",""created_at"":""2026-09-13T02:11:07.038904+00:00"",""subject_id"":""56f3cf25-84ad-4746-934d-a50e371bf561"",""performed_at"":null,""activity_name"":""col151-fa3f27672f1c admin"",""authority_class"":""facility"",""execution_state"":""none"",""effective_receipt_id"":null,""requirement_version_id"":""7954828e-2856-44ae-8a51-5b4d32ed3c93"",""facility_requirement_id"":""a7da2d96-da69-43b4-bc16-950864034a4f""}",[],[],[],
occurrence,aead5775-e48e-4cfc-bf14-ac5d582c24f7,col151-fa3f27672f1c admin,pending,2026-09-13T02:11:07.038904+00:00,"{""id"":""aead5775-e48e-4cfc-bf14-ac5d582c24f7"",""due_at"":""2029-12-02T04:00:00+00:00"",""status"":""pending"",""created_at"":""2026-09-13T02:11:07.038904+00:00"",""subject_id"":""56f3cf25-84ad-4746-934d-a50e371bf561"",""performed_at"":null,""activity_name"":""col151-fa3f27672f1c admin"",""authority_class"":""facility"",""execution_state"":""none"",""effective_receipt_id"":null,""requirement_version_id"":""7954828e-2856-44ae-8a51-5b4d32ed3c93"",""facility_requirement_id"":""a7da2d96-da69-43b4-bc16-950864034a4f""}",[],[],[],
occurrence,afb3d6fd-56b0-4131-851e-85afb24f9dff,col151-fa3f27672f1c admin,pending,2026-09-13T02:11:07.038904+00:00,"{""id"":""afb3d6fd-56b0-4131-851e-85afb24f9dff"",""due_at"":""2029-01-21T04:00:00+00:00"",""status"":""pending"",""created_at"":""2026-09-13T02:11:07.038904+00:00"",""subject_id"":""56f3cf25-84ad-4746-934d-a50e371bf561"",""performed_at"":null,""activity_name"":""col151-fa3f27672f1c admin"",""authority_class"":""facility"",""execution_state"":""none"",""effective_receipt_id"":null,""requirement_version_id"":""7954828e-2856-44ae-8a51-5b4d32ed3c93"",""facility_requirement_id"":""a7da2d96-da69-43b4-bc16-950864034a4f""}",[],[],[],
occurrence,b00f3643-87cf-45d9-bef8-065dd19927e6,col151-fa3f27672f1c admin,pending,2026-09-13T02:11:07.038904+00:00,"{""id"":""b00f3643-87cf-45d9-bef8-065dd19927e6"",""due_at"":""2030-03-31T03:00:00+00:00"",""status"":""pending"",""created_at"":""2026-09-13T02:11:07.038904+00:00"",""subject_id"":""56f3cf25-84ad-4746-934d-a50e371bf561"",""performed_at"":null,""activity_name"":""col151-fa3f27672f1c admin"",""authority_class"":""facility"",""execution_state"":""none"",""effective_receipt_id"":null,""requirement_version_id"":""7954828e-2856-44ae-8a51-5b4d32ed3c93"",""facility_requirement_id"":""a7da2d96-da69-43b4-bc16-950864034a4f""}",[],[],[],
occurrence,b1d9dea4-1560-43ff-a887-9b94a84dc243,col151-fa3f27672f1c admin,pending,2026-09-13T02:11:07.038904+00:00,"{""id"":""b1d9dea4-1560-43ff-a887-9b94a84dc243"",""due_at"":""2028-10-15T03:00:00+00:00"",""status"":""pending"",""created_at"":""2026-09-13T02:11:07.038904+00:00"",""subject_id"":""56f3cf25-84ad-4746-934d-a50e371bf561"",""performed_at"":null,""activity_name"":""col151-fa3f27672f1c admin"",""authority_class"":""facility"",""execution_state"":""none"",""effective_receipt_id"":null,""requirement_version_id"":""7954828e-2856-44ae-8a51-5b4d32ed3c93"",""facility_requirement_id"":""a7da2d96-da69-43b4-bc16-950864034a4f""}",[],[],[],
occurrence,b38ca228-16d6-4c2a-9743-c5825c7e834a,col151-fa3f27672f1c admin,pending,2026-09-13T02:11:07.038904+00:00,"{""id"":""b38ca228-16d6-4c2a-9743-c5825c7e834a"",""due_at"":""2030-06-02T03:00:00+00:00"",""status"":""pending"",""created_at"":""2026-09-13T02:11:07.038904+00:00"",""subject_id"":""56f3cf25-84ad-4746-934d-a50e371bf561"",""performed_at"":null,""activity_name"":""col151-fa3f27672f1c admin"",""authority_class"":""facility"",""execution_state"":""none"",""effective_receipt_id"":null,""requirement_version_id"":""7954828e-2856-44ae-8a51-5b4d32ed3c93"",""facility_requirement_id"":""a7da2d96-da69-43b4-bc16-950864034a4f""}",[],[],[],
occurrence,b5119a88-6fc0-48e5-977d-5863f02cc312,col151-fa3f27672f1c admin,pending,2026-09-13T02:11:07.038904+00:00,"{""id"":""b5119a88-6fc0-48e5-977d-5863f02cc312"",""due_at"":""2028-08-27T03:00:00+00:00"",""status"":""pending"",""created_at"":""2026-09-13T02:11:07.038904+00:00"",""subject_id"":""56f3cf25-84ad-4746-934d-a50e371bf561"",""performed_at"":null,""activity_name"":""col151-fa3f27672f1c admin"",""authority_class"":""facility"",""execution_state"":""none"",""effective_receipt_id"":null,""requirement_version_id"":""7954828e-2856-44ae-8a51-5b4d32ed3c93"",""facility_requirement_id"":""a7da2d96-da69-43b4-bc16-950864034a4f""}",[],[],[],
occurrence,b52f50c3-43c0-4da0-a982-11c0165426f4,col151-fa3f27672f1c admin,pending,2026-09-13T02:11:07.038904+00:00,"{""id"":""b52f50c3-43c0-4da0-a982-11c0165426f4"",""due_at"":""2029-04-15T03:00:00+00:00"",""status"":""pending"",""created_at"":""2026-09-13T02:11:07.038904+00:00"",""subject_id"":""56f3cf25-84ad-4746-934d-a50e371bf561"",""performed_at"":null,""activity_name"":""col151-fa3f27672f1c admin"",""authority_class"":""facility"",""execution_state"":""none"",""effective_receipt_id"":null,""requirement_version_id"":""7954828e-2856-44ae-8a51-5b4d32ed3c93"",""facility_requirement_id"":""a7da2d96-da69-43b4-bc16-950864034a4f""}",[],[],[],
occurrence,bb8bd73f-4701-4aac-9ce8-75a2ce2b4517,col151-fa3f27672f1c admin,pending,2026-09-13T02:11:07.038904+00:00,"{""id"":""bb8bd73f-4701-4aac-9ce8-75a2ce2b4517"",""due_at"":""2028-10-29T03:00:00+00:00"",""status"":""pending"",""created_at"":""2026-09-13T02:11:07.038904+00:00"",""subject_id"":""56f3cf25-84ad-4746-934d-a50e371bf561"",""performed_at"":null,""activity_name"":""col151-fa3f27672f1c admin"",""authority_class"":""facility"",""execution_state"":""none"",""effective_receipt_id"":null,""requirement_version_id"":""7954828e-2856-44ae-8a51-5b4d32ed3c93"",""facility_requirement_id"":""a7da2d96-da69-43b4-bc16-950864034a4f""}",[],[],[],
occurrence,bc54e743-7004-4281-a398-0b5508f061d7,col151-fa3f27672f1c admin,pending,2026-09-13T02:11:07.038904+00:00,"{""id"":""bc54e743-7004-4281-a398-0b5508f061d7"",""due_at"":""2029-06-17T03:00:00+00:00"",""status"":""pending"",""created_at"":""2026-09-13T02:11:07.038904+00:00"",""subject_id"":""56f3cf25-84ad-4746-934d-a50e371bf561"",""performed_at"":null,""activity_name"":""col151-fa3f27672f1c admin"",""authority_class"":""facility"",""execution_state"":""none"",""effective_receipt_id"":null,""requirement_version_id"":""7954828e-2856-44ae-8a51-5b4d32ed3c93"",""facility_requirement_id"":""a7da2d96-da69-43b4-bc16-950864034a4f""}",[],[],[],
occurrence,bd4736e4-3807-4666-ba4a-c51ae7d4384a,col151-fa3f27672f1c admin,pending,2026-09-13T02:11:07.038904+00:00,"{""id"":""bd4736e4-3807-4666-ba4a-c51ae7d4384a"",""due_at"":""2029-11-18T04:00:00+00:00"",""status"":""pending"",""created_at"":""2026-09-13T02:11:07.038904+00:00"",""subject_id"":""56f3cf25-84ad-4746-934d-a50e371bf561"",""performed_at"":null,""activity_name"":""col151-fa3f27672f1c admin"",""authority_class"":""facility"",""execution_state"":""none"",""effective_receipt_id"":null,""requirement_version_id"":""7954828e-2856-44ae-8a51-5b4d32ed3c93"",""facility_requirement_id"":""a7da2d96-da69-43b4-bc16-950864034a4f""}",[],[],[],
occurrence,c4430be1-7a41-4a91-bd9f-92d680857f4a,col151-fa3f27672f1c admin,pending,2026-09-13T02:11:07.038904+00:00,"{""id"":""c4430be1-7a41-4a91-bd9f-92d680857f4a"",""due_at"":""2029-06-24T03:00:00+00:00"",""status"":""pending"",""created_at"":""2026-09-13T02:11:07.038904+00:00"",""subject_id"":""56f3cf25-84ad-4746-934d-a50e371bf561"",""performed_at"":null,""activity_name"":""col151-fa3f27672f1c admin"",""authority_class"":""facility"",""execution_state"":""none"",""effective_receipt_id"":null,""requirement_version_id"":""7954828e-2856-44ae-8a51-5b4d32ed3c93"",""facility_requirement_id"":""a7da2d96-da69-43b4-bc16-950864034a4f""}",[],[],[],
occurrence,ce00ae62-7b33-4417-aa6c-0dc9c2a87ce8,col151-fa3f27672f1c admin,pending,2026-09-13T02:11:07.038904+00:00,"{""id"":""ce00ae62-7b33-4417-aa6c-0dc9c2a87ce8"",""due_at"":""2029-04-01T03:00:00+00:00"",""status"":""pending"",""created_at"":""2026-09-13T02:11:07.038904+00:00"",""subject_id"":""56f3cf25-84ad-4746-934d-a50e371bf561"",""performed_at"":null,""activity_name"":""col151-fa3f27672f1c admin"",""authority_class"":""facility"",""execution_state"":""none"",""effective_receipt_id"":null,""requirement_version_id"":""7954828e-2856-44ae-8a51-5b4d32ed3c93"",""facility_requirement_id"":""a7da2d96-da69-43b4-bc16-950864034a4f""}",[],[],[],
occurrence,d01caae0-c97f-484c-8e64-e3f5ac35bf5a,col151-fa3f27672f1c admin,pending,2026-09-13T02:11:07.038904+00:00,"{""id"":""d01caae0-c97f-484c-8e64-e3f5ac35bf5a"",""due_at"":""2029-02-25T04:00:00+00:00"",""status"":""pending"",""created_at"":""2026-09-13T02:11:07.038904+00:00"",""subject_id"":""56f3cf25-84ad-4746-934d-a50e371bf561"",""performed_at"":null,""activity_name"":""col151-fa3f27672f1c admin"",""authority_class"":""facility"",""execution_state"":""none"",""effective_receipt_id"":null,""requirement_version_id"":""7954828e-2856-44ae-8a51-5b4d32ed3c93"",""facility_requirement_id"":""a7da2d96-da69-43b4-bc16-950864034a4f""}",[],[],[],
occurrence,d1df1849-594d-4a88-b5dc-8943d4c93c52,col151-fa3f27672f1c admin,pending,2026-09-13T02:11:07.038904+00:00,"{""id"":""d1df1849-594d-4a88-b5dc-8943d4c93c52"",""due_at"":""2029-11-04T03:00:00+00:00"",""status"":""pending"",""created_at"":""2026-09-13T02:11:07.038904+00:00"",""subject_id"":""56f3cf25-84ad-4746-934d-a50e371bf561"",""performed_at"":null,""activity_name"":""col151-fa3f27672f1c admin"",""authority_class"":""facility"",""execution_state"":""none"",""effective_receipt_id"":null,""requirement_version_id"":""7954828e-2856-44ae-8a51-5b4d32ed3c93"",""facility_requirement_id"":""a7da2d96-da69-43b4-bc16-950864034a4f""}",[],[],[],
occurrence,d230ec43-28a8-4a22-a8d6-6e7b16954788,col151-fa3f27672f1c admin,pending,2026-09-13T02:11:07.038904+00:00,"{""id"":""d230ec43-28a8-4a22-a8d6-6e7b16954788"",""due_at"":""2029-09-30T03:00:00+00:00"",""status"":""pending"",""created_at"":""2026-09-13T02:11:07.038904+00:00"",""subject_id"":""56f3cf25-84ad-4746-934d-a50e371bf561"",""performed_at"":null,""activity_name"":""col151-fa3f27672f1c admin"",""authority_class"":""facility"",""execution_state"":""none"",""effective_receipt_id"":null,""requirement_version_id"":""7954828e-2856-44ae-8a51-5b4d32ed3c93"",""facility_requirement_id"":""a7da2d96-da69-43b4-bc16-950864034a4f""}",[],[],[],
occurrence,d5a6e6d4-c04d-4a74-a251-1f19730dc104,col151-fa3f27672f1c admin,pending,2026-09-13T02:11:07.038904+00:00,"{""id"":""d5a6e6d4-c04d-4a74-a251-1f19730dc104"",""due_at"":""2030-05-26T03:00:00+00:00"",""status"":""pending"",""created_at"":""2026-09-13T02:11:07.038904+00:00"",""subject_id"":""56f3cf25-84ad-4746-934d-a50e371bf561"",""performed_at"":null,""activity_name"":""col151-fa3f27672f1c admin"",""authority_class"":""facility"",""execution_state"":""none"",""effective_receipt_id"":null,""requirement_version_id"":""7954828e-2856-44ae-8a51-5b4d32ed3c93"",""facility_requirement_id"":""a7da2d96-da69-43b4-bc16-950864034a4f""}",[],[],[],
occurrence,d622a88d-65fb-44c1-8dd4-a5debc1009f1,col151-fa3f27672f1c admin,pending,2026-09-13T02:11:07.038904+00:00,"{""id"":""d622a88d-65fb-44c1-8dd4-a5debc1009f1"",""due_at"":""2028-09-17T03:00:00+00:00"",""status"":""pending"",""created_at"":""2026-09-13T02:11:07.038904+00:00"",""subject_id"":""56f3cf25-84ad-4746-934d-a50e371bf561"",""performed_at"":null,""activity_name"":""col151-fa3f27672f1c admin"",""authority_class"":""facility"",""execution_state"":""none"",""effective_receipt_id"":null,""requirement_version_id"":""7954828e-2856-44ae-8a51-5b4d32ed3c93"",""facility_requirement_id"":""a7da2d96-da69-43b4-bc16-950864034a4f""}",[],[],[],
occurrence,d92c9559-39bc-4738-b492-ac881a467db2,col151-fa3f27672f1c admin,pending,2026-09-13T02:11:07.038904+00:00,"{""id"":""d92c9559-39bc-4738-b492-ac881a467db2"",""due_at"":""2029-04-29T03:00:00+00:00"",""status"":""pending"",""created_at"":""2026-09-13T02:11:07.038904+00:00"",""subject_id"":""56f3cf25-84ad-4746-934d-a50e371bf561"",""performed_at"":null,""activity_name"":""col151-fa3f27672f1c admin"",""authority_class"":""facility"",""execution_state"":""none"",""effective_receipt_id"":null,""requirement_version_id"":""7954828e-2856-44ae-8a51-5b4d32ed3c93"",""facility_requirement_id"":""a7da2d96-da69-43b4-bc16-950864034a4f""}",[],[],[],
occurrence,d959e038-b10b-4acf-bba7-df40eec1de03,col151-fa3f27672f1c admin,pending,2026-09-13T02:11:07.038904+00:00,"{""id"":""d959e038-b10b-4acf-bba7-df40eec1de03"",""due_at"":""2028-09-10T03:00:00+00:00"",""status"":""pending"",""created_at"":""2026-09-13T02:11:07.038904+00:00"",""subject_id"":""56f3cf25-84ad-4746-934d-a50e371bf561"",""performed_at"":null,""activity_name"":""col151-fa3f27672f1c admin"",""authority_class"":""facility"",""execution_state"":""none"",""effective_receipt_id"":null,""requirement_version_id"":""7954828e-2856-44ae-8a51-5b4d32ed3c93"",""facility_requirement_id"":""a7da2d96-da69-43b4-bc16-950864034a4f""}",[],[],[],
occurrence,db2da2de-ef45-4ca8-997c-58bb5d2c9d27,col151-fa3f27672f1c admin,pending,2026-09-13T02:11:07.038904+00:00,"{""id"":""db2da2de-ef45-4ca8-997c-58bb5d2c9d27"",""due_at"":""2029-03-11T04:00:00+00:00"",""status"":""pending"",""created_at"":""2026-09-13T02:11:07.038904+00:00"",""subject_id"":""56f3cf25-84ad-4746-934d-a50e371bf561"",""performed_at"":null,""activity_name"":""col151-fa3f27672f1c admin"",""authority_class"":""facility"",""execution_state"":""none"",""effective_receipt_id"":null,""requirement_version_id"":""7954828e-2856-44ae-8a51-5b4d32ed3c93"",""facility_requirement_id"":""a7da2d96-da69-43b4-bc16-950864034a4f""}",[],[],[],
occurrence,dca376d7-39fd-4cea-be8d-8fc5008c43c5,col151-fa3f27672f1c admin,pending,2026-09-13T02:11:07.038904+00:00,"{""id"":""dca376d7-39fd-4cea-be8d-8fc5008c43c5"",""due_at"":""2030-03-24T03:00:00+00:00"",""status"":""pending"",""created_at"":""2026-09-13T02:11:07.038904+00:00"",""subject_id"":""56f3cf25-84ad-4746-934d-a50e371bf561"",""performed_at"":null,""activity_name"":""col151-fa3f27672f1c admin"",""authority_class"":""facility"",""execution_state"":""none"",""effective_receipt_id"":null,""requirement_version_id"":""7954828e-2856-44ae-8a51-5b4d32ed3c93"",""facility_requirement_id"":""a7da2d96-da69-43b4-bc16-950864034a4f""}",[],[],[],
occurrence,e31cfae9-ff92-4a0b-b401-678370f87d4e,col151-fa3f27672f1c admin,pending,2026-09-13T02:11:07.038904+00:00,"{""id"":""e31cfae9-ff92-4a0b-b401-678370f87d4e"",""due_at"":""2029-05-27T03:00:00+00:00"",""status"":""pending"",""created_at"":""2026-09-13T02:11:07.038904+00:00"",""subject_id"":""56f3cf25-84ad-4746-934d-a50e371bf561"",""performed_at"":null,""activity_name"":""col151-fa3f27672f1c admin"",""authority_class"":""facility"",""execution_state"":""none"",""effective_receipt_id"":null,""requirement_version_id"":""7954828e-2856-44ae-8a51-5b4d32ed3c93"",""facility_requirement_id"":""a7da2d96-da69-43b4-bc16-950864034a4f""}",[],[],[],
occurrence,e334a7d2-5e9b-4ec0-b981-6121e24b20f3,col151-fa3f27672f1c admin,pending,2026-09-13T02:11:07.038904+00:00,"{""id"":""e334a7d2-5e9b-4ec0-b981-6121e24b20f3"",""due_at"":""2030-06-30T03:00:00+00:00"",""status"":""pending"",""created_at"":""2026-09-13T02:11:07.038904+00:00"",""subject_id"":""56f3cf25-84ad-4746-934d-a50e371bf561"",""performed_at"":null,""activity_name"":""col151-fa3f27672f1c admin"",""authority_class"":""facility"",""execution_state"":""none"",""effective_receipt_id"":null,""requirement_version_id"":""7954828e-2856-44ae-8a51-5b4d32ed3c93"",""facility_requirement_id"":""a7da2d96-da69-43b4-bc16-950864034a4f""}",[],[],[],
occurrence,e663e78c-1d29-48a5-8ed7-9db93b9c66fc,col151-fa3f27672f1c admin,pending,2026-09-13T02:11:07.038904+00:00,"{""id"":""e663e78c-1d29-48a5-8ed7-9db93b9c66fc"",""due_at"":""2030-07-07T03:00:00+00:00"",""status"":""pending"",""created_at"":""2026-09-13T02:11:07.038904+00:00"",""subject_id"":""56f3cf25-84ad-4746-934d-a50e371bf561"",""performed_at"":null,""activity_name"":""col151-fa3f27672f1c admin"",""authority_class"":""facility"",""execution_state"":""none"",""effective_receipt_id"":null,""requirement_version_id"":""7954828e-2856-44ae-8a51-5b4d32ed3c93"",""facility_requirement_id"":""a7da2d96-da69-43b4-bc16-950864034a4f""}",[],[],[],
occurrence,e69293c5-3ede-4828-bb0a-9c3c433913cf,col151-fa3f27672f1c admin,pending,2026-09-13T02:11:07.038904+00:00,"{""id"":""e69293c5-3ede-4828-bb0a-9c3c433913cf"",""due_at"":""2028-11-12T04:00:00+00:00"",""status"":""pending"",""created_at"":""2026-09-13T02:11:07.038904+00:00"",""subject_id"":""56f3cf25-84ad-4746-934d-a50e371bf561"",""performed_at"":null,""activity_name"":""col151-fa3f27672f1c admin"",""authority_class"":""facility"",""execution_state"":""none"",""effective_receipt_id"":null,""requirement_version_id"":""7954828e-2856-44ae-8a51-5b4d32ed3c93"",""facility_requirement_id"":""a7da2d96-da69-43b4-bc16-950864034a4f""}",[],[],[],
occurrence,e69f88cd-8324-4c71-8bfb-33413952af09,col151-fa3f27672f1c admin,pending,2026-09-13T02:11:07.038904+00:00,"{""id"":""e69f88cd-8324-4c71-8bfb-33413952af09"",""due_at"":""2029-10-14T03:00:00+00:00"",""status"":""pending"",""created_at"":""2026-09-13T02:11:07.038904+00:00"",""subject_id"":""56f3cf25-84ad-4746-934d-a50e371bf561"",""performed_at"":null,""activity_name"":""col151-fa3f27672f1c admin"",""authority_class"":""facility"",""execution_state"":""none"",""effective_receipt_id"":null,""requirement_version_id"":""7954828e-2856-44ae-8a51-5b4d32ed3c93"",""facility_requirement_id"":""a7da2d96-da69-43b4-bc16-950864034a4f""}",[],[],[],
occurrence,ed7e695a-af10-497d-8107-d9691b980d88,col151-fa3f27672f1c admin,pending,2026-09-13T02:11:07.038904+00:00,"{""id"":""ed7e695a-af10-497d-8107-d9691b980d88"",""due_at"":""2029-07-01T03:00:00+00:00"",""status"":""pending"",""created_at"":""2026-09-13T02:11:07.038904+00:00"",""subject_id"":""56f3cf25-84ad-4746-934d-a50e371bf561"",""performed_at"":null,""activity_name"":""col151-fa3f27672f1c admin"",""authority_class"":""facility"",""execution_state"":""none"",""effective_receipt_id"":null,""requirement_version_id"":""7954828e-2856-44ae-8a51-5b4d32ed3c93"",""facility_requirement_id"":""a7da2d96-da69-43b4-bc16-950864034a4f""}",[],[],[],
occurrence,f35e5378-5189-4dd1-9d62-765f9d287c49,col151-fa3f27672f1c admin,pending,2026-09-13T02:11:07.038904+00:00,"{""id"":""f35e5378-5189-4dd1-9d62-765f9d287c49"",""due_at"":""2029-03-25T03:00:00+00:00"",""status"":""pending"",""created_at"":""2026-09-13T02:11:07.038904+00:00"",""subject_id"":""56f3cf25-84ad-4746-934d-a50e371bf561"",""performed_at"":null,""activity_name"":""col151-fa3f27672f1c admin"",""authority_class"":""facility"",""execution_state"":""none"",""effective_receipt_id"":null,""requirement_version_id"":""7954828e-2856-44ae-8a51-5b4d32ed3c93"",""facility_requirement_id"":""a7da2d96-da69-43b4-bc16-950864034a4f""}",[],[],[],
occurrence,f90a7cd4-9bb8-403f-9fd2-e7002c23dee5,col151-fa3f27672f1c admin,pending,2026-09-13T02:11:07.038904+00:00,"{""id"":""f90a7cd4-9bb8-403f-9fd2-e7002c23dee5"",""due_at"":""2029-11-25T04:00:00+00:00"",""status"":""pending"",""created_at"":""2026-09-13T02:11:07.038904+00:00"",""subject_id"":""56f3cf25-84ad-4746-934d-a50e371bf561"",""performed_at"":null,""activity_name"":""col151-fa3f27672f1c admin"",""authority_class"":""facility"",""execution_state"":""none"",""effective_receipt_id"":null,""requirement_version_id"":""7954828e-2856-44ae-8a51-5b4d32ed3c93"",""facility_requirement_id"":""a7da2d96-da69-43b4-bc16-950864034a4f""}",[],[],[],
occurrence,fce7940c-43ac-4cc4-81b2-1074eb838aa7,col151-fa3f27672f1c admin,pending,2026-09-13T02:11:07.038904+00:00,"{""id"":""fce7940c-43ac-4cc4-81b2-1074eb838aa7"",""due_at"":""2029-02-11T04:00:00+00:00"",""status"":""pending"",""created_at"":""2026-09-13T02:11:07.038904+00:00"",""subject_id"":""56f3cf25-84ad-4746-934d-a50e371bf561"",""performed_at"":null,""activity_name"":""col151-fa3f27672f1c admin"",""authority_class"":""facility"",""execution_state"":""none"",""effective_receipt_id"":null,""requirement_version_id"":""7954828e-2856-44ae-8a51-5b4d32ed3c93"",""facility_requirement_id"":""a7da2d96-da69-43b4-bc16-950864034a4f""}",[],[],[],
occurrence,fda2951a-295e-45cb-ad8a-2fa815190ac7,col151-fa3f27672f1c admin,pending,2026-09-13T02:11:07.038904+00:00,"{""id"":""fda2951a-295e-45cb-ad8a-2fa815190ac7"",""due_at"":""2028-10-01T03:00:00+00:00"",""status"":""pending"",""created_at"":""2026-09-13T02:11:07.038904+00:00"",""subject_id"":""56f3cf25-84ad-4746-934d-a50e371bf561"",""performed_at"":null,""activity_name"":""col151-fa3f27672f1c admin"",""authority_class"":""facility"",""execution_state"":""none"",""effective_receipt_id"":null,""requirement_version_id"":""7954828e-2856-44ae-8a51-5b4d32ed3c93"",""facility_requirement_id"":""a7da2d96-da69-43b4-bc16-950864034a4f""}",[],[],[],
occurrence,feea05f5-1452-4a87-86a9-848e404f6353,col151-fa3f27672f1c admin,pending,2026-09-13T02:11:07.038904+00:00,"{""id"":""feea05f5-1452-4a87-86a9-848e404f6353"",""due_at"":""2029-04-08T03:00:00+00:00"",""status"":""pending"",""created_at"":""2026-09-13T02:11:07.038904+00:00"",""subject_id"":""56f3cf25-84ad-4746-934d-a50e371bf561"",""performed_at"":null,""activity_name"":""col151-fa3f27672f1c admin"",""authority_class"":""facility"",""execution_state"":""none"",""effective_receipt_id"":null,""requirement_version_id"":""7954828e-2856-44ae-8a51-5b4d32ed3c93"",""facility_requirement_id"":""a7da2d96-da69-43b4-bc16-950864034a4f""}",[],[],[],
occurrence,033c448e-a0bd-4a7a-899b-553d079a4741,col151-fa3f27672f1c admin,pending,2026-09-13T02:11:07.471076+00:00,"{""id"":""033c448e-a0bd-4a7a-899b-553d079a4741"",""due_at"":""2032-03-07T04:00:00+00:00"",""status"":""pending"",""created_at"":""2026-09-13T02:11:07.471076+00:00"",""subject_id"":""56f3cf25-84ad-4746-934d-a50e371bf561"",""performed_at"":null,""activity_name"":""col151-fa3f27672f1c admin"",""authority_class"":""facility"",""execution_state"":""none"",""effective_receipt_id"":null,""requirement_version_id"":""7954828e-2856-44ae-8a51-5b4d32ed3c93"",""facility_requirement_id"":""a7da2d96-da69-43b4-bc16-950864034a4f""}",[],[],[],
occurrence,0532e36e-aad4-4c10-8274-0a6683f00859,col151-fa3f27672f1c admin,pending,2026-09-13T02:11:07.471076+00:00,"{""id"":""0532e36e-aad4-4c10-8274-0a6683f00859"",""due_at"":""2030-11-10T04:00:00+00:00"",""status"":""pending"",""created_at"":""2026-09-13T02:11:07.471076+00:00"",""subject_id"":""56f3cf25-84ad-4746-934d-a50e371bf561"",""performed_at"":null,""activity_name"":""col151-fa3f27672f1c admin"",""authority_class"":""facility"",""execution_state"":""none"",""effective_receipt_id"":null,""requirement_version_id"":""7954828e-2856-44ae-8a51-5b4d32ed3c93"",""facility_requirement_id"":""a7da2d96-da69-43b4-bc16-950864034a4f""}",[],[],[],
occurrence,06eb02ed-1a2b-40ef-b39d-c115e70f97af,col151-fa3f27672f1c admin,pending,2026-09-13T02:11:07.471076+00:00,"{""id"":""06eb02ed-1a2b-40ef-b39d-c115e70f97af"",""due_at"":""2032-01-11T04:00:00+00:00"",""status"":""pending"",""created_at"":""2026-09-13T02:11:07.471076+00:00"",""subject_id"":""56f3cf25-84ad-4746-934d-a50e371bf561"",""performed_at"":null,""activity_name"":""col151-fa3f27672f1c admin"",""authority_class"":""facility"",""execution_state"":""none"",""effective_receipt_id"":null,""requirement_version_id"":""7954828e-2856-44ae-8a51-5b4d32ed3c93"",""facility_requirement_id"":""a7da2d96-da69-43b4-bc16-950864034a4f""}",[],[],[],
occurrence,0a477502-6730-4db4-9d7e-6f38a99691a0,col151-fa3f27672f1c admin,pending,2026-09-13T02:11:07.471076+00:00,"{""id"":""0a477502-6730-4db4-9d7e-6f38a99691a0"",""due_at"":""2031-03-30T03:00:00+00:00"",""status"":""pending"",""created_at"":""2026-09-13T02:11:07.471076+00:00"",""subject_id"":""56f3cf25-84ad-4746-934d-a50e371bf561"",""performed_at"":null,""activity_name"":""col151-fa3f27672f1c admin"",""authority_class"":""facility"",""execution_state"":""none"",""effective_receipt_id"":null,""requirement_version_id"":""7954828e-2856-44ae-8a51-5b4d32ed3c93"",""facility_requirement_id"":""a7da2d96-da69-43b4-bc16-950864034a4f""}",[],[],[],
occurrence,0b8baa9b-397e-487b-9b6f-9cc87342c45e,col151-fa3f27672f1c admin,pending,2026-09-13T02:11:07.471076+00:00,"{""id"":""0b8baa9b-397e-487b-9b6f-9cc87342c45e"",""due_at"":""2031-08-03T03:00:00+00:00"",""status"":""pending"",""created_at"":""2026-09-13T02:11:07.471076+00:00"",""subject_id"":""56f3cf25-84ad-4746-934d-a50e371bf561"",""performed_at"":null,""activity_name"":""col151-fa3f27672f1c admin"",""authority_class"":""facility"",""execution_state"":""none"",""effective_receipt_id"":null,""requirement_version_id"":""7954828e-2856-44ae-8a51-5b4d32ed3c93"",""facility_requirement_id"":""a7da2d96-da69-43b4-bc16-950864034a4f""}",[],[],[],
occurrence,0bf72b88-3453-4bbb-b627-c3995ee756ca,col151-fa3f27672f1c admin,pending,2026-09-13T02:11:07.471076+00:00,"{""id"":""0bf72b88-3453-4bbb-b627-c3995ee756ca"",""due_at"":""2030-09-22T03:00:00+00:00"",""status"":""pending"",""created_at"":""2026-09-13T02:11:07.471076+00:00"",""subject_id"":""56f3cf25-84ad-4746-934d-a50e371bf561"",""performed_at"":null,""activity_name"":""col151-fa3f27672f1c admin"",""authority_class"":""facility"",""execution_state"":""none"",""effective_receipt_id"":null,""requirement_version_id"":""7954828e-2856-44ae-8a51-5b4d32ed3c93"",""facility_requirement_id"":""a7da2d96-da69-43b4-bc16-950864034a4f""}",[],[],[],
occurrence,0cc14b2e-b81c-4f03-96c7-879a4768f075,col151-fa3f27672f1c admin,pending,2026-09-13T02:11:07.471076+00:00,"{""id"":""0cc14b2e-b81c-4f03-96c7-879a4768f075"",""due_at"":""2030-10-13T03:00:00+00:00"",""status"":""pending"",""created_at"":""2026-09-13T02:11:07.471076+00:00"",""subject_id"":""56f3cf25-84ad-4746-934d-a50e371bf561"",""performed_at"":null,""activity_name"":""col151-fa3f27672f1c admin"",""authority_class"":""facility"",""execution_state"":""none"",""effective_receipt_id"":null,""requirement_version_id"":""7954828e-2856-44ae-8a51-5b4d32ed3c93"",""facility_requirement_id"":""a7da2d96-da69-43b4-bc16-950864034a4f""}",[],[],[],
occurrence,0d353140-7685-4d90-9acc-6642253969a8,col151-fa3f27672f1c admin,pending,2026-09-13T02:11:07.471076+00:00,"{""id"":""0d353140-7685-4d90-9acc-6642253969a8"",""due_at"":""2031-03-16T03:00:00+00:00"",""status"":""pending"",""created_at"":""2026-09-13T02:11:07.471076+00:00"",""subject_id"":""56f3cf25-84ad-4746-934d-a50e371bf561"",""performed_at"":null,""activity_name"":""col151-fa3f27672f1c admin"",""authority_class"":""facility"",""execution_state"":""none"",""effective_receipt_id"":null,""requirement_version_id"":""7954828e-2856-44ae-8a51-5b4d32ed3c93"",""facility_requirement_id"":""a7da2d96-da69-43b4-bc16-950864034a4f""}",[],[],[],
occurrence,0db8c873-74bf-4fe9-9e32-5d1c4fc0779d,col151-fa3f27672f1c admin,pending,2026-09-13T02:11:07.471076+00:00,"{""id"":""0db8c873-74bf-4fe9-9e32-5d1c4fc0779d"",""due_at"":""2032-05-30T03:00:00+00:00"",""status"":""pending"",""created_at"":""2026-09-13T02:11:07.471076+00:00"",""subject_id"":""56f3cf25-84ad-4746-934d-a50e371bf561"",""performed_at"":null,""activity_name"":""col151-fa3f27672f1c admin"",""authority_class"":""facility"",""execution_state"":""none"",""effective_receipt_id"":null,""requirement_version_id"":""7954828e-2856-44ae-8a51-5b4d32ed3c93"",""facility_requirement_id"":""a7da2d96-da69-43b4-bc16-950864034a4f""}",[],[],[],
occurrence,0e0d59f6-4115-4454-b036-03117e7422c9,col151-fa3f27672f1c admin,pending,2026-09-13T02:11:07.471076+00:00,"{""id"":""0e0d59f6-4115-4454-b036-03117e7422c9"",""due_at"":""2032-06-06T03:00:00+00:00"",""status"":""pending"",""created_at"":""2026-09-13T02:11:07.471076+00:00"",""subject_id"":""56f3cf25-84ad-4746-934d-a50e371bf561"",""performed_at"":null,""activity_name"":""col151-fa3f27672f1c admin"",""authority_class"":""facility"",""execution_state"":""none"",""effective_receipt_id"":null,""requirement_version_id"":""7954828e-2856-44ae-8a51-5b4d32ed3c93"",""facility_requirement_id"":""a7da2d96-da69-43b4-bc16-950864034a4f""}",[],[],[],
occurrence,0f4e57b5-b530-44c2-ac22-c041ef7fc9e8,col151-fa3f27672f1c admin,pending,2026-09-13T02:11:07.471076+00:00,"{""id"":""0f4e57b5-b530-44c2-ac22-c041ef7fc9e8"",""due_at"":""2032-04-04T03:00:00+00:00"",""status"":""pending"",""created_at"":""2026-09-13T02:11:07.471076+00:00"",""subject_id"":""56f3cf25-84ad-4746-934d-a50e371bf561"",""performed_at"":null,""activity_name"":""col151-fa3f27672f1c admin"",""authority_class"":""facility"",""execution_state"":""none"",""effective_receipt_id"":null,""requirement_version_id"":""7954828e-2856-44ae-8a51-5b4d32ed3c93"",""facility_requirement_id"":""a7da2d96-da69-43b4-bc16-950864034a4f""}",[],[],[],
occurrence,101cbb63-ecf1-4ae0-b537-db3a85af4e68,col151-fa3f27672f1c admin,pending,2026-09-13T02:11:07.471076+00:00,"{""id"":""101cbb63-ecf1-4ae0-b537-db3a85af4e68"",""due_at"":""2030-11-03T03:00:00+00:00"",""status"":""pending"",""created_at"":""2026-09-13T02:11:07.471076+00:00"",""subject_id"":""56f3cf25-84ad-4746-934d-a50e371bf561"",""performed_at"":null,""activity_name"":""col151-fa3f27672f1c admin"",""authority_class"":""facility"",""execution_state"":""none"",""effective_receipt_id"":null,""requirement_version_id"":""7954828e-2856-44ae-8a51-5b4d32ed3c93"",""facility_requirement_id"":""a7da2d96-da69-43b4-bc16-950864034a4f""}",[],[],[],
occurrence,15e7e368-99b3-4792-a7d9-33080b0c137c,col151-fa3f27672f1c admin,pending,2026-09-13T02:11:07.471076+00:00,"{""id"":""15e7e368-99b3-4792-a7d9-33080b0c137c"",""due_at"":""2032-02-22T04:00:00+00:00"",""status"":""pending"",""created_at"":""2026-09-13T02:11:07.471076+00:00"",""subject_id"":""56f3cf25-84ad-4746-934d-a50e371bf561"",""performed_at"":null,""activity_name"":""col151-fa3f27672f1c admin"",""authority_class"":""facility"",""execution_state"":""none"",""effective_receipt_id"":null,""requirement_version_id"":""7954828e-2856-44ae-8a51-5b4d32ed3c93"",""facility_requirement_id"":""a7da2d96-da69-43b4-bc16-950864034a4f""}",[],[],[],
occurrence,166b131c-be68-43ec-97d6-bdb47fb29336,col151-fa3f27672f1c admin,pending,2026-09-13T02:11:07.471076+00:00,"{""id"":""166b131c-be68-43ec-97d6-bdb47fb29336"",""due_at"":""2031-07-27T03:00:00+00:00"",""status"":""pending"",""created_at"":""2026-09-13T02:11:07.471076+00:00"",""subject_id"":""56f3cf25-84ad-4746-934d-a50e371bf561"",""performed_at"":null,""activity_name"":""col151-fa3f27672f1c admin"",""authority_class"":""facility"",""execution_state"":""none"",""effective_receipt_id"":null,""requirement_version_id"":""7954828e-2856-44ae-8a51-5b4d32ed3c93"",""facility_requirement_id"":""a7da2d96-da69-43b4-bc16-950864034a4f""}",[],[],[],
occurrence,228b8443-6884-41c9-8792-5f115490e961,col151-fa3f27672f1c admin,pending,2026-09-13T02:11:07.471076+00:00,"{""id"":""228b8443-6884-41c9-8792-5f115490e961"",""due_at"":""2031-11-09T04:00:00+00:00"",""status"":""pending"",""created_at"":""2026-09-13T02:11:07.471076+00:00"",""subject_id"":""56f3cf25-84ad-4746-934d-a50e371bf561"",""performed_at"":null,""activity_name"":""col151-fa3f27672f1c admin"",""authority_class"":""facility"",""execution_state"":""none"",""effective_receipt_id"":null,""requirement_version_id"":""7954828e-2856-44ae-8a51-5b4d32ed3c93"",""facility_requirement_id"":""a7da2d96-da69-43b4-bc16-950864034a4f""}",[],[],[],
occurrence,2446551d-f02c-459f-8ed1-c384f07ea447,col151-fa3f27672f1c admin,pending,2026-09-13T02:11:07.471076+00:00,"{""id"":""2446551d-f02c-459f-8ed1-c384f07ea447"",""due_at"":""2031-06-08T03:00:00+00:00"",""status"":""pending"",""created_at"":""2026-09-13T02:11:07.471076+00:00"",""subject_id"":""56f3cf25-84ad-4746-934d-a50e371bf561"",""performed_at"":null,""activity_name"":""col151-fa3f27672f1c admin"",""authority_class"":""facility"",""execution_state"":""none"",""effective_receipt_id"":null,""requirement_version_id"":""7954828e-2856-44ae-8a51-5b4d32ed3c93"",""facility_requirement_id"":""a7da2d96-da69-43b4-bc16-950864034a4f""}",[],[],[],
occurrence,29069f94-08d2-4f34-b08d-6a5df1ac8a0b,col151-fa3f27672f1c admin,pending,2026-09-13T02:11:07.471076+00:00,"{""id"":""29069f94-08d2-4f34-b08d-6a5df1ac8a0b"",""due_at"":""2030-10-06T03:00:00+00:00"",""status"":""pending"",""created_at"":""2026-09-13T02:11:07.471076+00:00"",""subject_id"":""56f3cf25-84ad-4746-934d-a50e371bf561"",""performed_at"":null,""activity_name"":""col151-fa3f27672f1c admin"",""authority_class"":""facility"",""execution_state"":""none"",""effective_receipt_id"":null,""requirement_version_id"":""7954828e-2856-44ae-8a51-5b4d32ed3c93"",""facility_requirement_id"":""a7da2d96-da69-43b4-bc16-950864034a4f""}",[],[],[],
occurrence,2df8af08-d6e3-4d47-bc11-666aeafa899c,col151-fa3f27672f1c admin,pending,2026-09-13T02:11:07.471076+00:00,"{""id"":""2df8af08-d6e3-4d47-bc11-666aeafa899c"",""due_at"":""2030-09-15T03:00:00+00:00"",""status"":""pending"",""created_at"":""2026-09-13T02:11:07.471076+00:00"",""subject_id"":""56f3cf25-84ad-4746-934d-a50e371bf561"",""performed_at"":null,""activity_name"":""col151-fa3f27672f1c admin"",""authority_class"":""facility"",""execution_state"":""none"",""effective_receipt_id"":null,""requirement_version_id"":""7954828e-2856-44ae-8a51-5b4d32ed3c93"",""facility_requirement_id"":""a7da2d96-da69-43b4-bc16-950864034a4f""}",[],[],[],
occurrence,30c7a28c-72bf-41ee-90be-c92871369a3f,col151-fa3f27672f1c admin,pending,2026-09-13T02:11:07.471076+00:00,"{""id"":""30c7a28c-72bf-41ee-90be-c92871369a3f"",""due_at"":""2030-12-01T04:00:00+00:00"",""status"":""pending"",""created_at"":""2026-09-13T02:11:07.471076+00:00"",""subject_id"":""56f3cf25-84ad-4746-934d-a50e371bf561"",""performed_at"":null,""activity_name"":""col151-fa3f27672f1c admin"",""authority_class"":""facility"",""execution_state"":""none"",""effective_receipt_id"":null,""requirement_version_id"":""7954828e-2856-44ae-8a51-5b4d32ed3c93"",""facility_requirement_id"":""a7da2d96-da69-43b4-bc16-950864034a4f""}",[],[],[],
occurrence,31f89918-b9b7-4cb4-89e8-fe9a31d09838,col151-fa3f27672f1c admin,pending,2026-09-13T02:11:07.471076+00:00,"{""id"":""31f89918-b9b7-4cb4-89e8-fe9a31d09838"",""due_at"":""2030-12-22T04:00:00+00:00"",""status"":""pending"",""created_at"":""2026-09-13T02:11:07.471076+00:00"",""subject_id"":""56f3cf25-84ad-4746-934d-a50e371bf561"",""performed_at"":null,""activity_name"":""col151-fa3f27672f1c admin"",""authority_class"":""facility"",""execution_state"":""none"",""effective_receipt_id"":null,""requirement_version_id"":""7954828e-2856-44ae-8a51-5b4d32ed3c93"",""facility_requirement_id"":""a7da2d96-da69-43b4-bc16-950864034a4f""}",[],[],[],
occurrence,321402e6-c54d-4c4a-a5b7-c92fd40a7cd2,col151-fa3f27672f1c admin,pending,2026-09-13T02:11:07.471076+00:00,"{""id"":""321402e6-c54d-4c4a-a5b7-c92fd40a7cd2"",""due_at"":""2031-12-07T04:00:00+00:00"",""status"":""pending"",""created_at"":""2026-09-13T02:11:07.471076+00:00"",""subject_id"":""56f3cf25-84ad-4746-934d-a50e371bf561"",""performed_at"":null,""activity_name"":""col151-fa3f27672f1c admin"",""authority_class"":""facility"",""execution_state"":""none"",""effective_receipt_id"":null,""requirement_version_id"":""7954828e-2856-44ae-8a51-5b4d32ed3c93"",""facility_requirement_id"":""a7da2d96-da69-43b4-bc16-950864034a4f""}",[],[],[],
occurrence,333d943a-9d66-47bd-b001-beb36e16bce3,col151-fa3f27672f1c admin,pending,2026-09-13T02:11:07.471076+00:00,"{""id"":""333d943a-9d66-47bd-b001-beb36e16bce3"",""due_at"":""2031-08-31T03:00:00+00:00"",""status"":""pending"",""created_at"":""2026-09-13T02:11:07.471076+00:00"",""subject_id"":""56f3cf25-84ad-4746-934d-a50e371bf561"",""performed_at"":null,""activity_name"":""col151-fa3f27672f1c admin"",""authority_class"":""facility"",""execution_state"":""none"",""effective_receipt_id"":null,""requirement_version_id"":""7954828e-2856-44ae-8a51-5b4d32ed3c93"",""facility_requirement_id"":""a7da2d96-da69-43b4-bc16-950864034a4f""}",[],[],[],
occurrence,387daf86-1046-4c6e-b691-248368c0b02c,col151-fa3f27672f1c admin,pending,2026-09-13T02:11:07.471076+00:00,"{""id"":""387daf86-1046-4c6e-b691-248368c0b02c"",""due_at"":""2032-05-16T03:00:00+00:00"",""status"":""pending"",""created_at"":""2026-09-13T02:11:07.471076+00:00"",""subject_id"":""56f3cf25-84ad-4746-934d-a50e371bf561"",""performed_at"":null,""activity_name"":""col151-fa3f27672f1c admin"",""authority_class"":""facility"",""execution_state"":""none"",""effective_receipt_id"":null,""requirement_version_id"":""7954828e-2856-44ae-8a51-5b4d32ed3c93"",""facility_requirement_id"":""a7da2d96-da69-43b4-bc16-950864034a4f""}",[],[],[],
occurrence,388ab82c-5fa4-4927-ae8a-e4bf82109ffd,col151-fa3f27672f1c admin,pending,2026-09-13T02:11:07.471076+00:00,"{""id"":""388ab82c-5fa4-4927-ae8a-e4bf82109ffd"",""due_at"":""2032-03-28T03:00:00+00:00"",""status"":""pending"",""created_at"":""2026-09-13T02:11:07.471076+00:00"",""subject_id"":""56f3cf25-84ad-4746-934d-a50e371bf561"",""performed_at"":null,""activity_name"":""col151-fa3f27672f1c admin"",""authority_class"":""facility"",""execution_state"":""none"",""effective_receipt_id"":null,""requirement_version_id"":""7954828e-2856-44ae-8a51-5b4d32ed3c93"",""facility_requirement_id"":""a7da2d96-da69-43b4-bc16-950864034a4f""}",[],[],[],
occurrence,3ffb4596-01a1-4a93-992e-f33c59622c1e,col151-fa3f27672f1c admin,pending,2026-09-13T02:11:07.471076+00:00,"{""id"":""3ffb4596-01a1-4a93-992e-f33c59622c1e"",""due_at"":""2031-01-05T04:00:00+00:00"",""status"":""pending"",""created_at"":""2026-09-13T02:11:07.471076+00:00"",""subject_id"":""56f3cf25-84ad-4746-934d-a50e371bf561"",""performed_at"":null,""activity_name"":""col151-fa3f27672f1c admin"",""authority_class"":""facility"",""execution_state"":""none"",""effective_receipt_id"":null,""requirement_version_id"":""7954828e-2856-44ae-8a51-5b4d32ed3c93"",""facility_requirement_id"":""a7da2d96-da69-43b4-bc16-950864034a4f""}",[],[],[],
occurrence,40758a20-67dc-4f20-8202-c41baff8af11,col151-fa3f27672f1c admin,pending,2026-09-13T02:11:07.471076+00:00,"{""id"":""40758a20-67dc-4f20-8202-c41baff8af11"",""due_at"":""2031-02-16T04:00:00+00:00"",""status"":""pending"",""created_at"":""2026-09-13T02:11:07.471076+00:00"",""subject_id"":""56f3cf25-84ad-4746-934d-a50e371bf561"",""performed_at"":null,""activity_name"":""col151-fa3f27672f1c admin"",""authority_class"":""facility"",""execution_state"":""none"",""effective_receipt_id"":null,""requirement_version_id"":""7954828e-2856-44ae-8a51-5b4d32ed3c93"",""facility_requirement_id"":""a7da2d96-da69-43b4-bc16-950864034a4f""}",[],[],[],
occurrence,4521a8d1-6e60-456c-948a-dc42d9ca3418,col151-fa3f27672f1c admin,pending,2026-09-13T02:11:07.471076+00:00,"{""id"":""4521a8d1-6e60-456c-948a-dc42d9ca3418"",""due_at"":""2031-10-12T03:00:00+00:00"",""status"":""pending"",""created_at"":""2026-09-13T02:11:07.471076+00:00"",""subject_id"":""56f3cf25-84ad-4746-934d-a50e371bf561"",""performed_at"":null,""activity_name"":""col151-fa3f27672f1c admin"",""authority_class"":""facility"",""execution_state"":""none"",""effective_receipt_id"":null,""requirement_version_id"":""7954828e-2856-44ae-8a51-5b4d32ed3c93"",""facility_requirement_id"":""a7da2d96-da69-43b4-bc16-950864034a4f""}",[],[],[],
occurrence,48774d94-7795-4510-8a0b-4a5fcc1121aa,col151-fa3f27672f1c admin,pending,2026-09-13T02:11:07.471076+00:00,"{""id"":""48774d94-7795-4510-8a0b-4a5fcc1121aa"",""due_at"":""2030-09-29T03:00:00+00:00"",""status"":""pending"",""created_at"":""2026-09-13T02:11:07.471076+00:00"",""subject_id"":""56f3cf25-84ad-4746-934d-a50e371bf561"",""performed_at"":null,""activity_name"":""col151-fa3f27672f1c admin"",""authority_class"":""facility"",""execution_state"":""none"",""effective_receipt_id"":null,""requirement_version_id"":""7954828e-2856-44ae-8a51-5b4d32ed3c93"",""facility_requirement_id"":""a7da2d96-da69-43b4-bc16-950864034a4f""}",[],[],[],
occurrence,4906d878-3828-4321-8012-6f1e35a86945,col151-fa3f27672f1c admin,pending,2026-09-13T02:11:07.471076+00:00,"{""id"":""4906d878-3828-4321-8012-6f1e35a86945"",""due_at"":""2031-03-09T04:00:00+00:00"",""status"":""pending"",""created_at"":""2026-09-13T02:11:07.471076+00:00"",""subject_id"":""56f3cf25-84ad-4746-934d-a50e371bf561"",""performed_at"":null,""activity_name"":""col151-fa3f27672f1c admin"",""authority_class"":""facility"",""execution_state"":""none"",""effective_receipt_id"":null,""requirement_version_id"":""7954828e-2856-44ae-8a51-5b4d32ed3c93"",""facility_requirement_id"":""a7da2d96-da69-43b4-bc16-950864034a4f""}",[],[],[],
occurrence,4faa1c3d-0cd0-472d-b0cc-9f76ba86171a,col151-fa3f27672f1c admin,pending,2026-09-13T02:11:07.471076+00:00,"{""id"":""4faa1c3d-0cd0-472d-b0cc-9f76ba86171a"",""due_at"":""2031-04-13T03:00:00+00:00"",""status"":""pending"",""created_at"":""2026-09-13T02:11:07.471076+00:00"",""subject_id"":""56f3cf25-84ad-4746-934d-a50e371bf561"",""performed_at"":null,""activity_name"":""col151-fa3f27672f1c admin"",""authority_class"":""facility"",""execution_state"":""none"",""effective_receipt_id"":null,""requirement_version_id"":""7954828e-2856-44ae-8a51-5b4d32ed3c93"",""facility_requirement_id"":""a7da2d96-da69-43b4-bc16-950864034a4f""}",[],[],[],
occurrence,5201441d-4d3d-42b3-a8a1-088d82d97afe,col151-fa3f27672f1c admin,pending,2026-09-13T02:11:07.471076+00:00,"{""id"":""5201441d-4d3d-42b3-a8a1-088d82d97afe"",""due_at"":""2031-10-19T03:00:00+00:00"",""status"":""pending"",""created_at"":""2026-09-13T02:11:07.471076+00:00"",""subject_id"":""56f3cf25-84ad-4746-934d-a50e371bf561"",""performed_at"":null,""activity_name"":""col151-fa3f27672f1c admin"",""authority_class"":""facility"",""execution_state"":""none"",""effective_receipt_id"":null,""requirement_version_id"":""7954828e-2856-44ae-8a51-5b4d32ed3c93"",""facility_requirement_id"":""a7da2d96-da69-43b4-bc16-950864034a4f""}",[],[],[],
occurrence,58067dda-74ed-4c6e-867c-ca5a884b4eeb,col151-fa3f27672f1c admin,pending,2026-09-13T02:11:07.471076+00:00,"{""id"":""58067dda-74ed-4c6e-867c-ca5a884b4eeb"",""due_at"":""2031-06-29T03:00:00+00:00"",""status"":""pending"",""created_at"":""2026-09-13T02:11:07.471076+00:00"",""subject_id"":""56f3cf25-84ad-4746-934d-a50e371bf561"",""performed_at"":null,""activity_name"":""col151-fa3f27672f1c admin"",""authority_class"":""facility"",""execution_state"":""none"",""effective_receipt_id"":null,""requirement_version_id"":""7954828e-2856-44ae-8a51-5b4d32ed3c93"",""facility_requirement_id"":""a7da2d96-da69-43b4-bc16-950864034a4f""}",[],[],[],
occurrence,5a6374a4-8257-48ee-a74d-36641e4a2b3b,col151-fa3f27672f1c admin,pending,2026-09-13T02:11:07.471076+00:00,"{""id"":""5a6374a4-8257-48ee-a74d-36641e4a2b3b"",""due_at"":""2031-11-16T04:00:00+00:00"",""status"":""pending"",""created_at"":""2026-09-13T02:11:07.471076+00:00"",""subject_id"":""56f3cf25-84ad-4746-934d-a50e371bf561"",""performed_at"":null,""activity_name"":""col151-fa3f27672f1c admin"",""authority_class"":""facility"",""execution_state"":""none"",""effective_receipt_id"":null,""requirement_version_id"":""7954828e-2856-44ae-8a51-5b4d32ed3c93"",""facility_requirement_id"":""a7da2d96-da69-43b4-bc16-950864034a4f""}",[],[],[],
occurrence,5b13be20-5ae9-4505-97e8-27f0e729b9e2,col151-fa3f27672f1c admin,pending,2026-09-13T02:11:07.471076+00:00,"{""id"":""5b13be20-5ae9-4505-97e8-27f0e729b9e2"",""due_at"":""2031-02-09T04:00:00+00:00"",""status"":""pending"",""created_at"":""2026-09-13T02:11:07.471076+00:00"",""subject_id"":""56f3cf25-84ad-4746-934d-a50e371bf561"",""performed_at"":null,""activity_name"":""col151-fa3f27672f1c admin"",""authority_class"":""facility"",""execution_state"":""none"",""effective_receipt_id"":null,""requirement_version_id"":""7954828e-2856-44ae-8a51-5b4d32ed3c93"",""facility_requirement_id"":""a7da2d96-da69-43b4-bc16-950864034a4f""}",[],[],[],
occurrence,5e9ca792-45e4-43df-8275-ac37d4e64b9e,col151-fa3f27672f1c admin,pending,2026-09-13T02:11:07.471076+00:00,"{""id"":""5e9ca792-45e4-43df-8275-ac37d4e64b9e"",""due_at"":""2032-02-15T04:00:00+00:00"",""status"":""pending"",""created_at"":""2026-09-13T02:11:07.471076+00:00"",""subject_id"":""56f3cf25-84ad-4746-934d-a50e371bf561"",""performed_at"":null,""activity_name"":""col151-fa3f27672f1c admin"",""authority_class"":""facility"",""execution_state"":""none"",""effective_receipt_id"":null,""requirement_version_id"":""7954828e-2856-44ae-8a51-5b4d32ed3c93"",""facility_requirement_id"":""a7da2d96-da69-43b4-bc16-950864034a4f""}",[],[],[],
occurrence,644db698-935a-4efe-b9e6-e41e5ca8066b,col151-fa3f27672f1c admin,pending,2026-09-13T02:11:07.471076+00:00,"{""id"":""644db698-935a-4efe-b9e6-e41e5ca8066b"",""due_at"":""2030-11-24T04:00:00+00:00"",""status"":""pending"",""created_at"":""2026-09-13T02:11:07.471076+00:00"",""subject_id"":""56f3cf25-84ad-4746-934d-a50e371bf561"",""performed_at"":null,""activity_name"":""col151-fa3f27672f1c admin"",""authority_class"":""facility"",""execution_state"":""none"",""effective_receipt_id"":null,""requirement_version_id"":""7954828e-2856-44ae-8a51-5b4d32ed3c93"",""facility_requirement_id"":""a7da2d96-da69-43b4-bc16-950864034a4f""}",[],[],[],
occurrence,67e4bf22-cbe1-4ae5-9599-9cc6a2cb0edb,col151-fa3f27672f1c admin,pending,2026-09-13T02:11:07.471076+00:00,"{""id"":""67e4bf22-cbe1-4ae5-9599-9cc6a2cb0edb"",""due_at"":""2031-02-02T04:00:00+00:00"",""status"":""pending"",""created_at"":""2026-09-13T02:11:07.471076+00:00"",""subject_id"":""56f3cf25-84ad-4746-934d-a50e371bf561"",""performed_at"":null,""activity_name"":""col151-fa3f27672f1c admin"",""authority_class"":""facility"",""execution_state"":""none"",""effective_receipt_id"":null,""requirement_version_id"":""7954828e-2856-44ae-8a51-5b4d32ed3c93"",""facility_requirement_id"":""a7da2d96-da69-43b4-bc16-950864034a4f""}",[],[],[],
occurrence,6c15e826-0397-4dfd-9a00-719f221d4f3f,col151-fa3f27672f1c admin,pending,2026-09-13T02:11:07.471076+00:00,"{""id"":""6c15e826-0397-4dfd-9a00-719f221d4f3f"",""due_at"":""2032-01-18T04:00:00+00:00"",""status"":""pending"",""created_at"":""2026-09-13T02:11:07.471076+00:00"",""subject_id"":""56f3cf25-84ad-4746-934d-a50e371bf561"",""performed_at"":null,""activity_name"":""col151-fa3f27672f1c admin"",""authority_class"":""facility"",""execution_state"":""none"",""effective_receipt_id"":null,""requirement_version_id"":""7954828e-2856-44ae-8a51-5b4d32ed3c93"",""facility_requirement_id"":""a7da2d96-da69-43b4-bc16-950864034a4f""}",[],[],[],
occurrence,6d33267b-e682-4e55-83a3-964fde3e47e4,col151-fa3f27672f1c admin,pending,2026-09-13T02:11:07.471076+00:00,"{""id"":""6d33267b-e682-4e55-83a3-964fde3e47e4"",""due_at"":""2031-11-02T03:00:00+00:00"",""status"":""pending"",""created_at"":""2026-09-13T02:11:07.471076+00:00"",""subject_id"":""56f3cf25-84ad-4746-934d-a50e371bf561"",""performed_at"":null,""activity_name"":""col151-fa3f27672f1c admin"",""authority_class"":""facility"",""execution_state"":""none"",""effective_receipt_id"":null,""requirement_version_id"":""7954828e-2856-44ae-8a51-5b4d32ed3c93"",""facility_requirement_id"":""a7da2d96-da69-43b4-bc16-950864034a4f""}",[],[],[],
occurrence,6e58c551-f89c-4bcc-8a2d-f006cac101b1,col151-fa3f27672f1c admin,pending,2026-09-13T02:11:07.471076+00:00,"{""id"":""6e58c551-f89c-4bcc-8a2d-f006cac101b1"",""due_at"":""2031-05-25T03:00:00+00:00"",""status"":""pending"",""created_at"":""2026-09-13T02:11:07.471076+00:00"",""subject_id"":""56f3cf25-84ad-4746-934d-a50e371bf561"",""performed_at"":null,""activity_name"":""col151-fa3f27672f1c admin"",""authority_class"":""facility"",""execution_state"":""none"",""effective_receipt_id"":null,""requirement_version_id"":""7954828e-2856-44ae-8a51-5b4d32ed3c93"",""facility_requirement_id"":""a7da2d96-da69-43b4-bc16-950864034a4f""}",[],[],[],
occurrence,6fd45bc0-d44d-433d-b768-7643cae69d21,col151-fa3f27672f1c admin,pending,2026-09-13T02:11:07.471076+00:00,"{""id"":""6fd45bc0-d44d-433d-b768-7643cae69d21"",""due_at"":""2031-12-28T04:00:00+00:00"",""status"":""pending"",""created_at"":""2026-09-13T02:11:07.471076+00:00"",""subject_id"":""56f3cf25-84ad-4746-934d-a50e371bf561"",""performed_at"":null,""activity_name"":""col151-fa3f27672f1c admin"",""authority_class"":""facility"",""execution_state"":""none"",""effective_receipt_id"":null,""requirement_version_id"":""7954828e-2856-44ae-8a51-5b4d32ed3c93"",""facility_requirement_id"":""a7da2d96-da69-43b4-bc16-950864034a4f""}",[],[],[],
occurrence,730d972d-68f2-42c6-9596-d146113fa3cb,col151-fa3f27672f1c admin,pending,2026-09-13T02:11:07.471076+00:00,"{""id"":""730d972d-68f2-42c6-9596-d146113fa3cb"",""due_at"":""2031-11-23T04:00:00+00:00"",""status"":""pending"",""created_at"":""2026-09-13T02:11:07.471076+00:00"",""subject_id"":""56f3cf25-84ad-4746-934d-a50e371bf561"",""performed_at"":null,""activity_name"":""col151-fa3f27672f1c admin"",""authority_class"":""facility"",""execution_state"":""none"",""effective_receipt_id"":null,""requirement_version_id"":""7954828e-2856-44ae-8a51-5b4d32ed3c93"",""facility_requirement_id"":""a7da2d96-da69-43b4-bc16-950864034a4f""}",[],[],[],
occurrence,741cc52a-00c4-4cd7-9fc0-2482b83bb158,col151-fa3f27672f1c admin,pending,2026-09-13T02:11:07.471076+00:00,"{""id"":""741cc52a-00c4-4cd7-9fc0-2482b83bb158"",""due_at"":""2031-04-06T03:00:00+00:00"",""status"":""pending"",""created_at"":""2026-09-13T02:11:07.471076+00:00"",""subject_id"":""56f3cf25-84ad-4746-934d-a50e371bf561"",""performed_at"":null,""activity_name"":""col151-fa3f27672f1c admin"",""authority_class"":""facility"",""execution_state"":""none"",""effective_receipt_id"":null,""requirement_version_id"":""7954828e-2856-44ae-8a51-5b4d32ed3c93"",""facility_requirement_id"":""a7da2d96-da69-43b4-bc16-950864034a4f""}",[],[],[],
occurrence,7c9507f5-5500-4183-8604-6c0ba06e324d,col151-fa3f27672f1c admin,pending,2026-09-13T02:11:07.471076+00:00,"{""id"":""7c9507f5-5500-4183-8604-6c0ba06e324d"",""due_at"":""2031-08-24T03:00:00+00:00"",""status"":""pending"",""created_at"":""2026-09-13T02:11:07.471076+00:00"",""subject_id"":""56f3cf25-84ad-4746-934d-a50e371bf561"",""performed_at"":null,""activity_name"":""col151-fa3f27672f1c admin"",""authority_class"":""facility"",""execution_state"":""none"",""effective_receipt_id"":null,""requirement_version_id"":""7954828e-2856-44ae-8a51-5b4d32ed3c93"",""facility_requirement_id"":""a7da2d96-da69-43b4-bc16-950864034a4f""}",[],[],[],
occurrence,7d563241-3e29-4cc6-887b-a5ef921784dd,col151-fa3f27672f1c admin,pending,2026-09-13T02:11:07.471076+00:00,"{""id"":""7d563241-3e29-4cc6-887b-a5ef921784dd"",""due_at"":""2031-11-30T04:00:00+00:00"",""status"":""pending"",""created_at"":""2026-09-13T02:11:07.471076+00:00"",""subject_id"":""56f3cf25-84ad-4746-934d-a50e371bf561"",""performed_at"":null,""activity_name"":""col151-fa3f27672f1c admin"",""authority_class"":""facility"",""execution_state"":""none"",""effective_receipt_id"":null,""requirement_version_id"":""7954828e-2856-44ae-8a51-5b4d32ed3c93"",""facility_requirement_id"":""a7da2d96-da69-43b4-bc16-950864034a4f""}",[],[],[],
occurrence,7e2979c8-59c6-4661-8d6b-54a6f4a06d22,col151-fa3f27672f1c admin,pending,2026-09-13T02:11:07.471076+00:00,"{""id"":""7e2979c8-59c6-4661-8d6b-54a6f4a06d22"",""due_at"":""2031-09-28T03:00:00+00:00"",""status"":""pending"",""created_at"":""2026-09-13T02:11:07.471076+00:00"",""subject_id"":""56f3cf25-84ad-4746-934d-a50e371bf561"",""performed_at"":null,""activity_name"":""col151-fa3f27672f1c admin"",""authority_class"":""facility"",""execution_state"":""none"",""effective_receipt_id"":null,""requirement_version_id"":""7954828e-2856-44ae-8a51-5b4d32ed3c93"",""facility_requirement_id"":""a7da2d96-da69-43b4-bc16-950864034a4f""}",[],[],[],
occurrence,7ee07d85-87bd-40bc-a08f-5eb3641e0120,col151-fa3f27672f1c admin,pending,2026-09-13T02:11:07.471076+00:00,"{""id"":""7ee07d85-87bd-40bc-a08f-5eb3641e0120"",""due_at"":""2032-02-01T04:00:00+00:00"",""status"":""pending"",""created_at"":""2026-09-13T02:11:07.471076+00:00"",""subject_id"":""56f3cf25-84ad-4746-934d-a50e371bf561"",""performed_at"":null,""activity_name"":""col151-fa3f27672f1c admin"",""authority_class"":""facility"",""execution_state"":""none"",""effective_receipt_id"":null,""requirement_version_id"":""7954828e-2856-44ae-8a51-5b4d32ed3c93"",""facility_requirement_id"":""a7da2d96-da69-43b4-bc16-950864034a4f""}",[],[],[],
occurrence,84cc81d5-04d6-43de-ba71-6554daec8590,col151-fa3f27672f1c admin,pending,2026-09-13T02:11:07.471076+00:00,"{""id"":""84cc81d5-04d6-43de-ba71-6554daec8590"",""due_at"":""2031-01-19T04:00:00+00:00"",""status"":""pending"",""created_at"":""2026-09-13T02:11:07.471076+00:00"",""subject_id"":""56f3cf25-84ad-4746-934d-a50e371bf561"",""performed_at"":null,""activity_name"":""col151-fa3f27672f1c admin"",""authority_class"":""facility"",""execution_state"":""none"",""effective_receipt_id"":null,""requirement_version_id"":""7954828e-2856-44ae-8a51-5b4d32ed3c93"",""facility_requirement_id"":""a7da2d96-da69-43b4-bc16-950864034a4f""}",[],[],[],
occurrence,8500c5a3-badc-40e4-b8fd-aba08c0f7bc9,col151-fa3f27672f1c admin,pending,2026-09-13T02:11:07.471076+00:00,"{""id"":""8500c5a3-badc-40e4-b8fd-aba08c0f7bc9"",""due_at"":""2031-05-04T03:00:00+00:00"",""status"":""pending"",""created_at"":""2026-09-13T02:11:07.471076+00:00"",""subject_id"":""56f3cf25-84ad-4746-934d-a50e371bf561"",""performed_at"":null,""activity_name"":""col151-fa3f27672f1c admin"",""authority_class"":""facility"",""execution_state"":""none"",""effective_receipt_id"":null,""requirement_version_id"":""7954828e-2856-44ae-8a51-5b4d32ed3c93"",""facility_requirement_id"":""a7da2d96-da69-43b4-bc16-950864034a4f""}",[],[],[],
occurrence,85c9140a-fff0-4876-9bd2-b793b9e4a193,col151-fa3f27672f1c admin,pending,2026-09-13T02:11:07.471076+00:00,"{""id"":""85c9140a-fff0-4876-9bd2-b793b9e4a193"",""due_at"":""2031-07-13T03:00:00+00:00"",""status"":""pending"",""created_at"":""2026-09-13T02:11:07.471076+00:00"",""subject_id"":""56f3cf25-84ad-4746-934d-a50e371bf561"",""performed_at"":null,""activity_name"":""col151-fa3f27672f1c admin"",""authority_class"":""facility"",""execution_state"":""none"",""effective_receipt_id"":null,""requirement_version_id"":""7954828e-2856-44ae-8a51-5b4d32ed3c93"",""facility_requirement_id"":""a7da2d96-da69-43b4-bc16-950864034a4f""}",[],[],[],
occurrence,85ed3bb4-63a9-4048-a41e-4c60453f0f56,col151-fa3f27672f1c admin,pending,2026-09-13T02:11:07.471076+00:00,"{""id"":""85ed3bb4-63a9-4048-a41e-4c60453f0f56"",""due_at"":""2030-07-21T03:00:00+00:00"",""status"":""pending"",""created_at"":""2026-09-13T02:11:07.471076+00:00"",""subject_id"":""56f3cf25-84ad-4746-934d-a50e371bf561"",""performed_at"":null,""activity_name"":""col151-fa3f27672f1c admin"",""authority_class"":""facility"",""execution_state"":""none"",""effective_receipt_id"":null,""requirement_version_id"":""7954828e-2856-44ae-8a51-5b4d32ed3c93"",""facility_requirement_id"":""a7da2d96-da69-43b4-bc16-950864034a4f""}",[],[],[],
occurrence,85ef3269-d388-45aa-9683-659d31297049,col151-fa3f27672f1c admin,pending,2026-09-13T02:11:07.471076+00:00,"{""id"":""85ef3269-d388-45aa-9683-659d31297049"",""due_at"":""2032-05-02T03:00:00+00:00"",""status"":""pending"",""created_at"":""2026-09-13T02:11:07.471076+00:00"",""subject_id"":""56f3cf25-84ad-4746-934d-a50e371bf561"",""performed_at"":null,""activity_name"":""col151-fa3f27672f1c admin"",""authority_class"":""facility"",""execution_state"":""none"",""effective_receipt_id"":null,""requirement_version_id"":""7954828e-2856-44ae-8a51-5b4d32ed3c93"",""facility_requirement_id"":""a7da2d96-da69-43b4-bc16-950864034a4f""}",[],[],[],
occurrence,8a470ee5-1915-476c-ad66-0fe105dd01ad,col151-fa3f27672f1c admin,pending,2026-09-13T02:11:07.471076+00:00,"{""id"":""8a470ee5-1915-476c-ad66-0fe105dd01ad"",""due_at"":""2031-07-06T03:00:00+00:00"",""status"":""pending"",""created_at"":""2026-09-13T02:11:07.471076+00:00"",""subject_id"":""56f3cf25-84ad-4746-934d-a50e371bf561"",""performed_at"":null,""activity_name"":""col151-fa3f27672f1c admin"",""authority_class"":""facility"",""execution_state"":""none"",""effective_receipt_id"":null,""requirement_version_id"":""7954828e-2856-44ae-8a51-5b4d32ed3c93"",""facility_requirement_id"":""a7da2d96-da69-43b4-bc16-950864034a4f""}",[],[],[],
occurrence,93668898-bc1c-41ab-99a6-44851045b77d,col151-fa3f27672f1c admin,pending,2026-09-13T02:11:07.471076+00:00,"{""id"":""93668898-bc1c-41ab-99a6-44851045b77d"",""due_at"":""2032-06-13T03:00:00+00:00"",""status"":""pending"",""created_at"":""2026-09-13T02:11:07.471076+00:00"",""subject_id"":""56f3cf25-84ad-4746-934d-a50e371bf561"",""performed_at"":null,""activity_name"":""col151-fa3f27672f1c admin"",""authority_class"":""facility"",""execution_state"":""none"",""effective_receipt_id"":null,""requirement_version_id"":""7954828e-2856-44ae-8a51-5b4d32ed3c93"",""facility_requirement_id"":""a7da2d96-da69-43b4-bc16-950864034a4f""}",[],[],[],
occurrence,9748bb05-f58e-457e-8124-13469e6e3260,col151-fa3f27672f1c admin,pending,2026-09-13T02:11:07.471076+00:00,"{""id"":""9748bb05-f58e-457e-8124-13469e6e3260"",""due_at"":""2030-08-18T03:00:00+00:00"",""status"":""pending"",""created_at"":""2026-09-13T02:11:07.471076+00:00"",""subject_id"":""56f3cf25-84ad-4746-934d-a50e371bf561"",""performed_at"":null,""activity_name"":""col151-fa3f27672f1c admin"",""authority_class"":""facility"",""execution_state"":""none"",""effective_receipt_id"":null,""requirement_version_id"":""7954828e-2856-44ae-8a51-5b4d32ed3c93"",""facility_requirement_id"":""a7da2d96-da69-43b4-bc16-950864034a4f""}",[],[],[],
occurrence,984aa8ec-16db-4ac9-9dc1-ffaa776847f1,col151-fa3f27672f1c admin,pending,2026-09-13T02:11:07.471076+00:00,"{""id"":""984aa8ec-16db-4ac9-9dc1-ffaa776847f1"",""due_at"":""2030-12-29T04:00:00+00:00"",""status"":""pending"",""created_at"":""2026-09-13T02:11:07.471076+00:00"",""subject_id"":""56f3cf25-84ad-4746-934d-a50e371bf561"",""performed_at"":null,""activity_name"":""col151-fa3f27672f1c admin"",""authority_class"":""facility"",""execution_state"":""none"",""effective_receipt_id"":null,""requirement_version_id"":""7954828e-2856-44ae-8a51-5b4d32ed3c93"",""facility_requirement_id"":""a7da2d96-da69-43b4-bc16-950864034a4f""}",[],[],[],
occurrence,9b168a2b-ab35-4b8f-ae80-26f6e603b280,col151-fa3f27672f1c admin,pending,2026-09-13T02:11:07.471076+00:00,"{""id"":""9b168a2b-ab35-4b8f-ae80-26f6e603b280"",""due_at"":""2031-10-26T03:00:00+00:00"",""status"":""pending"",""created_at"":""2026-09-13T02:11:07.471076+00:00"",""subject_id"":""56f3cf25-84ad-4746-934d-a50e371bf561"",""performed_at"":null,""activity_name"":""col151-fa3f27672f1c admin"",""authority_class"":""facility"",""execution_state"":""none"",""effective_receipt_id"":null,""requirement_version_id"":""7954828e-2856-44ae-8a51-5b4d32ed3c93"",""facility_requirement_id"":""a7da2d96-da69-43b4-bc16-950864034a4f""}",[],[],[],
occurrence,9e8fc9c4-8be0-4978-aca8-33ce71929861,col151-fa3f27672f1c admin,pending,2026-09-13T02:11:07.471076+00:00,"{""id"":""9e8fc9c4-8be0-4978-aca8-33ce71929861"",""due_at"":""2030-10-20T03:00:00+00:00"",""status"":""pending"",""created_at"":""2026-09-13T02:11:07.471076+00:00"",""subject_id"":""56f3cf25-84ad-4746-934d-a50e371bf561"",""performed_at"":null,""activity_name"":""col151-fa3f27672f1c admin"",""authority_class"":""facility"",""execution_state"":""none"",""effective_receipt_id"":null,""requirement_version_id"":""7954828e-2856-44ae-8a51-5b4d32ed3c93"",""facility_requirement_id"":""a7da2d96-da69-43b4-bc16-950864034a4f""}",[],[],[],
occurrence,9f8ca7fc-a530-4e1a-90f6-b63852922055,col151-fa3f27672f1c admin,pending,2026-09-13T02:11:07.471076+00:00,"{""id"":""9f8ca7fc-a530-4e1a-90f6-b63852922055"",""due_at"":""2030-08-04T03:00:00+00:00"",""status"":""pending"",""created_at"":""2026-09-13T02:11:07.471076+00:00"",""subject_id"":""56f3cf25-84ad-4746-934d-a50e371bf561"",""performed_at"":null,""activity_name"":""col151-fa3f27672f1c admin"",""authority_class"":""facility"",""execution_state"":""none"",""effective_receipt_id"":null,""requirement_version_id"":""7954828e-2856-44ae-8a51-5b4d32ed3c93"",""facility_requirement_id"":""a7da2d96-da69-43b4-bc16-950864034a4f""}",[],[],[],
occurrence,a1405be6-68b9-414b-8877-2f0e08e390c4,col151-fa3f27672f1c admin,pending,2026-09-13T02:11:07.471076+00:00,"{""id"":""a1405be6-68b9-414b-8877-2f0e08e390c4"",""due_at"":""2031-09-21T03:00:00+00:00"",""status"":""pending"",""created_at"":""2026-09-13T02:11:07.471076+00:00"",""subject_id"":""56f3cf25-84ad-4746-934d-a50e371bf561"",""performed_at"":null,""activity_name"":""col151-fa3f27672f1c admin"",""authority_class"":""facility"",""execution_state"":""none"",""effective_receipt_id"":null,""requirement_version_id"":""7954828e-2856-44ae-8a51-5b4d32ed3c93"",""facility_requirement_id"":""a7da2d96-da69-43b4-bc16-950864034a4f""}",[],[],[],
occurrence,a1e309b0-a9e1-4282-9a97-e5f882cea81f,col151-fa3f27672f1c admin,pending,2026-09-13T02:11:07.471076+00:00,"{""id"":""a1e309b0-a9e1-4282-9a97-e5f882cea81f"",""due_at"":""2032-04-18T03:00:00+00:00"",""status"":""pending"",""created_at"":""2026-09-13T02:11:07.471076+00:00"",""subject_id"":""56f3cf25-84ad-4746-934d-a50e371bf561"",""performed_at"":null,""activity_name"":""col151-fa3f27672f1c admin"",""authority_class"":""facility"",""execution_state"":""none"",""effective_receipt_id"":null,""requirement_version_id"":""7954828e-2856-44ae-8a51-5b4d32ed3c93"",""facility_requirement_id"":""a7da2d96-da69-43b4-bc16-950864034a4f""}",[],[],[],
occurrence,a9f7ab87-e3be-40a8-aa81-1ebc9bb1b80b,col151-fa3f27672f1c admin,pending,2026-09-13T02:11:07.471076+00:00,"{""id"":""a9f7ab87-e3be-40a8-aa81-1ebc9bb1b80b"",""due_at"":""2030-09-08T03:00:00+00:00"",""status"":""pending"",""created_at"":""2026-09-13T02:11:07.471076+00:00"",""subject_id"":""56f3cf25-84ad-4746-934d-a50e371bf561"",""performed_at"":null,""activity_name"":""col151-fa3f27672f1c admin"",""authority_class"":""facility"",""execution_state"":""none"",""effective_receipt_id"":null,""requirement_version_id"":""7954828e-2856-44ae-8a51-5b4d32ed3c93"",""facility_requirement_id"":""a7da2d96-da69-43b4-bc16-950864034a4f""}",[],[],[],
occurrence,aa8cc69e-6a96-49dd-aa31-7d1012b673fb,col151-fa3f27672f1c admin,pending,2026-09-13T02:11:07.471076+00:00,"{""id"":""aa8cc69e-6a96-49dd-aa31-7d1012b673fb"",""due_at"":""2030-09-01T03:00:00+00:00"",""status"":""pending"",""created_at"":""2026-09-13T02:11:07.471076+00:00"",""subject_id"":""56f3cf25-84ad-4746-934d-a50e371bf561"",""performed_at"":null,""activity_name"":""col151-fa3f27672f1c admin"",""authority_class"":""facility"",""execution_state"":""none"",""effective_receipt_id"":null,""requirement_version_id"":""7954828e-2856-44ae-8a51-5b4d32ed3c93"",""facility_requirement_id"":""a7da2d96-da69-43b4-bc16-950864034a4f""}",[],[],[],
occurrence,af858d7d-d5f0-4c46-a882-e70634db4f8c,col151-fa3f27672f1c admin,pending,2026-09-13T02:11:07.471076+00:00,"{""id"":""af858d7d-d5f0-4c46-a882-e70634db4f8c"",""due_at"":""2031-12-14T04:00:00+00:00"",""status"":""pending"",""created_at"":""2026-09-13T02:11:07.471076+00:00"",""subject_id"":""56f3cf25-84ad-4746-934d-a50e371bf561"",""performed_at"":null,""activity_name"":""col151-fa3f27672f1c admin"",""authority_class"":""facility"",""execution_state"":""none"",""effective_receipt_id"":null,""requirement_version_id"":""7954828e-2856-44ae-8a51-5b4d32ed3c93"",""facility_requirement_id"":""a7da2d96-da69-43b4-bc16-950864034a4f""}",[],[],[],
occurrence,b259a172-5b98-458e-9eaf-67db747427de,col151-fa3f27672f1c admin,pending,2026-09-13T02:11:07.471076+00:00,"{""id"":""b259a172-5b98-458e-9eaf-67db747427de"",""due_at"":""2031-06-01T03:00:00+00:00"",""status"":""pending"",""created_at"":""2026-09-13T02:11:07.471076+00:00"",""subject_id"":""56f3cf25-84ad-4746-934d-a50e371bf561"",""performed_at"":null,""activity_name"":""col151-fa3f27672f1c admin"",""authority_class"":""facility"",""execution_state"":""none"",""effective_receipt_id"":null,""requirement_version_id"":""7954828e-2856-44ae-8a51-5b4d32ed3c93"",""facility_requirement_id"":""a7da2d96-da69-43b4-bc16-950864034a4f""}",[],[],[],
occurrence,b3459162-1157-4528-9686-797131a59532,col151-fa3f27672f1c admin,pending,2026-09-13T02:11:07.471076+00:00,"{""id"":""b3459162-1157-4528-9686-797131a59532"",""due_at"":""2030-12-15T04:00:00+00:00"",""status"":""pending"",""created_at"":""2026-09-13T02:11:07.471076+00:00"",""subject_id"":""56f3cf25-84ad-4746-934d-a50e371bf561"",""performed_at"":null,""activity_name"":""col151-fa3f27672f1c admin"",""authority_class"":""facility"",""execution_state"":""none"",""effective_receipt_id"":null,""requirement_version_id"":""7954828e-2856-44ae-8a51-5b4d32ed3c93"",""facility_requirement_id"":""a7da2d96-da69-43b4-bc16-950864034a4f""}",[],[],[],
occurrence,ba8702d5-9f9b-4a6b-b6b8-1eef72774526,col151-fa3f27672f1c admin,pending,2026-09-13T02:11:07.471076+00:00,"{""id"":""ba8702d5-9f9b-4a6b-b6b8-1eef72774526"",""due_at"":""2031-10-05T03:00:00+00:00"",""status"":""pending"",""created_at"":""2026-09-13T02:11:07.471076+00:00"",""subject_id"":""56f3cf25-84ad-4746-934d-a50e371bf561"",""performed_at"":null,""activity_name"":""col151-fa3f27672f1c admin"",""authority_class"":""facility"",""execution_state"":""none"",""effective_receipt_id"":null,""requirement_version_id"":""7954828e-2856-44ae-8a51-5b4d32ed3c93"",""facility_requirement_id"":""a7da2d96-da69-43b4-bc16-950864034a4f""}",[],[],[],
occurrence,babb7dd4-9b2a-462e-9beb-35e4c2e3ca7c,col151-fa3f27672f1c admin,pending,2026-09-13T02:11:07.471076+00:00,"{""id"":""babb7dd4-9b2a-462e-9beb-35e4c2e3ca7c"",""due_at"":""2031-04-27T03:00:00+00:00"",""status"":""pending"",""created_at"":""2026-09-13T02:11:07.471076+00:00"",""subject_id"":""56f3cf25-84ad-4746-934d-a50e371bf561"",""performed_at"":null,""activity_name"":""col151-fa3f27672f1c admin"",""authority_class"":""facility"",""execution_state"":""none"",""effective_receipt_id"":null,""requirement_version_id"":""7954828e-2856-44ae-8a51-5b4d32ed3c93"",""facility_requirement_id"":""a7da2d96-da69-43b4-bc16-950864034a4f""}",[],[],[],
occurrence,bb2d1995-922f-4354-97e7-84afad0980d5,col151-fa3f27672f1c admin,pending,2026-09-13T02:11:07.471076+00:00,"{""id"":""bb2d1995-922f-4354-97e7-84afad0980d5"",""due_at"":""2031-06-15T03:00:00+00:00"",""status"":""pending"",""created_at"":""2026-09-13T02:11:07.471076+00:00"",""subject_id"":""56f3cf25-84ad-4746-934d-a50e371bf561"",""performed_at"":null,""activity_name"":""col151-fa3f27672f1c admin"",""authority_class"":""facility"",""execution_state"":""none"",""effective_receipt_id"":null,""requirement_version_id"":""7954828e-2856-44ae-8a51-5b4d32ed3c93"",""facility_requirement_id"":""a7da2d96-da69-43b4-bc16-950864034a4f""}",[],[],[],
occurrence,bc043338-ebd4-4bd7-ac6d-524cca31c92e,col151-fa3f27672f1c admin,pending,2026-09-13T02:11:07.471076+00:00,"{""id"":""bc043338-ebd4-4bd7-ac6d-524cca31c92e"",""due_at"":""2031-01-26T04:00:00+00:00"",""status"":""pending"",""created_at"":""2026-09-13T02:11:07.471076+00:00"",""subject_id"":""56f3cf25-84ad-4746-934d-a50e371bf561"",""performed_at"":null,""activity_name"":""col151-fa3f27672f1c admin"",""authority_class"":""facility"",""execution_state"":""none"",""effective_receipt_id"":null,""requirement_version_id"":""7954828e-2856-44ae-8a51-5b4d32ed3c93"",""facility_requirement_id"":""a7da2d96-da69-43b4-bc16-950864034a4f""}",[],[],[],
occurrence,be5e39f2-423e-4a9f-831c-a30b01a0b285,col151-fa3f27672f1c admin,pending,2026-09-13T02:11:07.471076+00:00,"{""id"":""be5e39f2-423e-4a9f-831c-a30b01a0b285"",""due_at"":""2032-02-29T04:00:00+00:00"",""status"":""pending"",""created_at"":""2026-09-13T02:11:07.471076+00:00"",""subject_id"":""56f3cf25-84ad-4746-934d-a50e371bf561"",""performed_at"":null,""activity_name"":""col151-fa3f27672f1c admin"",""authority_class"":""facility"",""execution_state"":""none"",""effective_receipt_id"":null,""requirement_version_id"":""7954828e-2856-44ae-8a51-5b4d32ed3c93"",""facility_requirement_id"":""a7da2d96-da69-43b4-bc16-950864034a4f""}",[],[],[],
occurrence,c57fae5f-6ea3-40d6-a171-6bd00434a012,col151-fa3f27672f1c admin,pending,2026-09-13T02:11:07.471076+00:00,"{""id"":""c57fae5f-6ea3-40d6-a171-6bd00434a012"",""due_at"":""2031-04-20T03:00:00+00:00"",""status"":""pending"",""created_at"":""2026-09-13T02:11:07.471076+00:00"",""subject_id"":""56f3cf25-84ad-4746-934d-a50e371bf561"",""performed_at"":null,""activity_name"":""col151-fa3f27672f1c admin"",""authority_class"":""facility"",""execution_state"":""none"",""effective_receipt_id"":null,""requirement_version_id"":""7954828e-2856-44ae-8a51-5b4d32ed3c93"",""facility_requirement_id"":""a7da2d96-da69-43b4-bc16-950864034a4f""}",[],[],[],
occurrence,c87584ff-fa68-4c87-8b0d-93614e1bdd35,col151-fa3f27672f1c admin,pending,2026-09-13T02:11:07.471076+00:00,"{""id"":""c87584ff-fa68-4c87-8b0d-93614e1bdd35"",""due_at"":""2031-09-07T03:00:00+00:00"",""status"":""pending"",""created_at"":""2026-09-13T02:11:07.471076+00:00"",""subject_id"":""56f3cf25-84ad-4746-934d-a50e371bf561"",""performed_at"":null,""activity_name"":""col151-fa3f27672f1c admin"",""authority_class"":""facility"",""execution_state"":""none"",""effective_receipt_id"":null,""requirement_version_id"":""7954828e-2856-44ae-8a51-5b4d32ed3c93"",""facility_requirement_id"":""a7da2d96-da69-43b4-bc16-950864034a4f""}",[],[],[],
occurrence,cf55fd71-df37-40b5-b9db-a7ee9d17c6e1,col151-fa3f27672f1c admin,pending,2026-09-13T02:11:07.471076+00:00,"{""id"":""cf55fd71-df37-40b5-b9db-a7ee9d17c6e1"",""due_at"":""2031-05-18T03:00:00+00:00"",""status"":""pending"",""created_at"":""2026-09-13T02:11:07.471076+00:00"",""subject_id"":""56f3cf25-84ad-4746-934d-a50e371bf561"",""performed_at"":null,""activity_name"":""col151-fa3f27672f1c admin"",""authority_class"":""facility"",""execution_state"":""none"",""effective_receipt_id"":null,""requirement_version_id"":""7954828e-2856-44ae-8a51-5b4d32ed3c93"",""facility_requirement_id"":""a7da2d96-da69-43b4-bc16-950864034a4f""}",[],[],[],
occurrence,cfc6f0a7-0b5b-4845-9e6b-f572a38c66ee,col151-fa3f27672f1c admin,pending,2026-09-13T02:11:07.471076+00:00,"{""id"":""cfc6f0a7-0b5b-4845-9e6b-f572a38c66ee"",""due_at"":""2032-03-14T04:00:00+00:00"",""status"":""pending"",""created_at"":""2026-09-13T02:11:07.471076+00:00"",""subject_id"":""56f3cf25-84ad-4746-934d-a50e371bf561"",""performed_at"":null,""activity_name"":""col151-fa3f27672f1c admin"",""authority_class"":""facility"",""execution_state"":""none"",""effective_receipt_id"":null,""requirement_version_id"":""7954828e-2856-44ae-8a51-5b4d32ed3c93"",""facility_requirement_id"":""a7da2d96-da69-43b4-bc16-950864034a4f""}",[],[],[],
occurrence,d3911e1e-f49e-46e5-8673-2226f63bf201,col151-fa3f27672f1c admin,pending,2026-09-13T02:11:07.471076+00:00,"{""id"":""d3911e1e-f49e-46e5-8673-2226f63bf201"",""due_at"":""2030-11-17T04:00:00+00:00"",""status"":""pending"",""created_at"":""2026-09-13T02:11:07.471076+00:00"",""subject_id"":""56f3cf25-84ad-4746-934d-a50e371bf561"",""performed_at"":null,""activity_name"":""col151-fa3f27672f1c admin"",""authority_class"":""facility"",""execution_state"":""none"",""effective_receipt_id"":null,""requirement_version_id"":""7954828e-2856-44ae-8a51-5b4d32ed3c93"",""facility_requirement_id"":""a7da2d96-da69-43b4-bc16-950864034a4f""}",[],[],[],
occurrence,d46b05c2-ef6a-433f-a06f-91471197a47a,col151-fa3f27672f1c admin,pending,2026-09-13T02:11:07.471076+00:00,"{""id"":""d46b05c2-ef6a-433f-a06f-91471197a47a"",""due_at"":""2031-07-20T03:00:00+00:00"",""status"":""pending"",""created_at"":""2026-09-13T02:11:07.471076+00:00"",""subject_id"":""56f3cf25-84ad-4746-934d-a50e371bf561"",""performed_at"":null,""activity_name"":""col151-fa3f27672f1c admin"",""authority_class"":""facility"",""execution_state"":""none"",""effective_receipt_id"":null,""requirement_version_id"":""7954828e-2856-44ae-8a51-5b4d32ed3c93"",""facility_requirement_id"":""a7da2d96-da69-43b4-bc16-950864034a4f""}",[],[],[],
occurrence,d46f2cfc-679d-4ca7-94d1-1617a50d08b0,col151-fa3f27672f1c admin,pending,2026-09-13T02:11:07.471076+00:00,"{""id"":""d46f2cfc-679d-4ca7-94d1-1617a50d08b0"",""due_at"":""2031-06-22T03:00:00+00:00"",""status"":""pending"",""created_at"":""2026-09-13T02:11:07.471076+00:00"",""subject_id"":""56f3cf25-84ad-4746-934d-a50e371bf561"",""performed_at"":null,""activity_name"":""col151-fa3f27672f1c admin"",""authority_class"":""facility"",""execution_state"":""none"",""effective_receipt_id"":null,""requirement_version_id"":""7954828e-2856-44ae-8a51-5b4d32ed3c93"",""facility_requirement_id"":""a7da2d96-da69-43b4-bc16-950864034a4f""}",[],[],[],
occurrence,d966a3d0-0e59-4a69-a1ab-cba7b3885f53,col151-fa3f27672f1c admin,pending,2026-09-13T02:11:07.471076+00:00,"{""id"":""d966a3d0-0e59-4a69-a1ab-cba7b3885f53"",""due_at"":""2030-08-11T03:00:00+00:00"",""status"":""pending"",""created_at"":""2026-09-13T02:11:07.471076+00:00"",""subject_id"":""56f3cf25-84ad-4746-934d-a50e371bf561"",""performed_at"":null,""activity_name"":""col151-fa3f27672f1c admin"",""authority_class"":""facility"",""execution_state"":""none"",""effective_receipt_id"":null,""requirement_version_id"":""7954828e-2856-44ae-8a51-5b4d32ed3c93"",""facility_requirement_id"":""a7da2d96-da69-43b4-bc16-950864034a4f""}",[],[],[],
occurrence,daca933f-7225-4155-a039-dd8cfa8e3271,col151-fa3f27672f1c admin,pending,2026-09-13T02:11:07.471076+00:00,"{""id"":""daca933f-7225-4155-a039-dd8cfa8e3271"",""due_at"":""2032-04-25T03:00:00+00:00"",""status"":""pending"",""created_at"":""2026-09-13T02:11:07.471076+00:00"",""subject_id"":""56f3cf25-84ad-4746-934d-a50e371bf561"",""performed_at"":null,""activity_name"":""col151-fa3f27672f1c admin"",""authority_class"":""facility"",""execution_state"":""none"",""effective_receipt_id"":null,""requirement_version_id"":""7954828e-2856-44ae-8a51-5b4d32ed3c93"",""facility_requirement_id"":""a7da2d96-da69-43b4-bc16-950864034a4f""}",[],[],[],
occurrence,dc040c89-bfd9-4192-be6e-fc53c0eb60ed,col151-fa3f27672f1c admin,pending,2026-09-13T02:11:07.471076+00:00,"{""id"":""dc040c89-bfd9-4192-be6e-fc53c0eb60ed"",""due_at"":""2031-08-17T03:00:00+00:00"",""status"":""pending"",""created_at"":""2026-09-13T02:11:07.471076+00:00"",""subject_id"":""56f3cf25-84ad-4746-934d-a50e371bf561"",""performed_at"":null,""activity_name"":""col151-fa3f27672f1c admin"",""authority_class"":""facility"",""execution_state"":""none"",""effective_receipt_id"":null,""requirement_version_id"":""7954828e-2856-44ae-8a51-5b4d32ed3c93"",""facility_requirement_id"":""a7da2d96-da69-43b4-bc16-950864034a4f""}",[],[],[],
occurrence,deb73b57-9d2f-4cdb-b09e-e643cab02673,col151-fa3f27672f1c admin,pending,2026-09-13T02:11:07.471076+00:00,"{""id"":""deb73b57-9d2f-4cdb-b09e-e643cab02673"",""due_at"":""2032-04-11T03:00:00+00:00"",""status"":""pending"",""created_at"":""2026-09-13T02:11:07.471076+00:00"",""subject_id"":""56f3cf25-84ad-4746-934d-a50e371bf561"",""performed_at"":null,""activity_name"":""col151-fa3f27672f1c admin"",""authority_class"":""facility"",""execution_state"":""none"",""effective_receipt_id"":null,""requirement_version_id"":""7954828e-2856-44ae-8a51-5b4d32ed3c93"",""facility_requirement_id"":""a7da2d96-da69-43b4-bc16-950864034a4f""}",[],[],[],
occurrence,e07657c0-b4e8-4a0a-8634-f9f881eff0af,col151-fa3f27672f1c admin,pending,2026-09-13T02:11:07.471076+00:00,"{""id"":""e07657c0-b4e8-4a0a-8634-f9f881eff0af"",""due_at"":""2032-03-21T03:00:00+00:00"",""status"":""pending"",""created_at"":""2026-09-13T02:11:07.471076+00:00"",""subject_id"":""56f3cf25-84ad-4746-934d-a50e371bf561"",""performed_at"":null,""activity_name"":""col151-fa3f27672f1c admin"",""authority_class"":""facility"",""execution_state"":""none"",""effective_receipt_id"":null,""requirement_version_id"":""7954828e-2856-44ae-8a51-5b4d32ed3c93"",""facility_requirement_id"":""a7da2d96-da69-43b4-bc16-950864034a4f""}",[],[],[],
occurrence,e1017e9f-69cb-42bb-8f76-22241abed65c,col151-fa3f27672f1c admin,pending,2026-09-13T02:11:07.471076+00:00,"{""id"":""e1017e9f-69cb-42bb-8f76-22241abed65c"",""due_at"":""2032-01-25T04:00:00+00:00"",""status"":""pending"",""created_at"":""2026-09-13T02:11:07.471076+00:00"",""subject_id"":""56f3cf25-84ad-4746-934d-a50e371bf561"",""performed_at"":null,""activity_name"":""col151-fa3f27672f1c admin"",""authority_class"":""facility"",""execution_state"":""none"",""effective_receipt_id"":null,""requirement_version_id"":""7954828e-2856-44ae-8a51-5b4d32ed3c93"",""facility_requirement_id"":""a7da2d96-da69-43b4-bc16-950864034a4f""}",[],[],[],
occurrence,e266fe29-042d-42af-bc67-c529cfd36483,col151-fa3f27672f1c admin,pending,2026-09-13T02:11:07.471076+00:00,"{""id"":""e266fe29-042d-42af-bc67-c529cfd36483"",""due_at"":""2031-01-12T04:00:00+00:00"",""status"":""pending"",""created_at"":""2026-09-13T02:11:07.471076+00:00"",""subject_id"":""56f3cf25-84ad-4746-934d-a50e371bf561"",""performed_at"":null,""activity_name"":""col151-fa3f27672f1c admin"",""authority_class"":""facility"",""execution_state"":""none"",""effective_receipt_id"":null,""requirement_version_id"":""7954828e-2856-44ae-8a51-5b4d32ed3c93"",""facility_requirement_id"":""a7da2d96-da69-43b4-bc16-950864034a4f""}",[],[],[],
occurrence,e312874c-38fc-4938-ab38-02453bd5a8f3,col151-fa3f27672f1c admin,pending,2026-09-13T02:11:07.471076+00:00,"{""id"":""e312874c-38fc-4938-ab38-02453bd5a8f3"",""due_at"":""2031-02-23T04:00:00+00:00"",""status"":""pending"",""created_at"":""2026-09-13T02:11:07.471076+00:00"",""subject_id"":""56f3cf25-84ad-4746-934d-a50e371bf561"",""performed_at"":null,""activity_name"":""col151-fa3f27672f1c admin"",""authority_class"":""facility"",""execution_state"":""none"",""effective_receipt_id"":null,""requirement_version_id"":""7954828e-2856-44ae-8a51-5b4d32ed3c93"",""facility_requirement_id"":""a7da2d96-da69-43b4-bc16-950864034a4f""}",[],[],[],
occurrence,e3c340e4-c32b-4708-9648-92426642659d,col151-fa3f27672f1c admin,pending,2026-09-13T02:11:07.471076+00:00,"{""id"":""e3c340e4-c32b-4708-9648-92426642659d"",""due_at"":""2031-09-14T03:00:00+00:00"",""status"":""pending"",""created_at"":""2026-09-13T02:11:07.471076+00:00"",""subject_id"":""56f3cf25-84ad-4746-934d-a50e371bf561"",""performed_at"":null,""activity_name"":""col151-fa3f27672f1c admin"",""authority_class"":""facility"",""execution_state"":""none"",""effective_receipt_id"":null,""requirement_version_id"":""7954828e-2856-44ae-8a51-5b4d32ed3c93"",""facility_requirement_id"":""a7da2d96-da69-43b4-bc16-950864034a4f""}",[],[],[],
occurrence,e8764a21-5856-4e60-952d-1643ca6ab546,col151-fa3f27672f1c admin,pending,2026-09-13T02:11:07.471076+00:00,"{""id"":""e8764a21-5856-4e60-952d-1643ca6ab546"",""due_at"":""2030-07-28T03:00:00+00:00"",""status"":""pending"",""created_at"":""2026-09-13T02:11:07.471076+00:00"",""subject_id"":""56f3cf25-84ad-4746-934d-a50e371bf561"",""performed_at"":null,""activity_name"":""col151-fa3f27672f1c admin"",""authority_class"":""facility"",""execution_state"":""none"",""effective_receipt_id"":null,""requirement_version_id"":""7954828e-2856-44ae-8a51-5b4d32ed3c93"",""facility_requirement_id"":""a7da2d96-da69-43b4-bc16-950864034a4f""}",[],[],[],
occurrence,ec67cfee-df5a-4099-8f01-d5d3b948ebd9,col151-fa3f27672f1c admin,pending,2026-09-13T02:11:07.471076+00:00,"{""id"":""ec67cfee-df5a-4099-8f01-d5d3b948ebd9"",""due_at"":""2031-08-10T03:00:00+00:00"",""status"":""pending"",""created_at"":""2026-09-13T02:11:07.471076+00:00"",""subject_id"":""56f3cf25-84ad-4746-934d-a50e371bf561"",""performed_at"":null,""activity_name"":""col151-fa3f27672f1c admin"",""authority_class"":""facility"",""execution_state"":""none"",""effective_receipt_id"":null,""requirement_version_id"":""7954828e-2856-44ae-8a51-5b4d32ed3c93"",""facility_requirement_id"":""a7da2d96-da69-43b4-bc16-950864034a4f""}",[],[],[],
occurrence,ed0a672b-23af-4154-859b-51033ba95bd1,col151-fa3f27672f1c admin,pending,2026-09-13T02:11:07.471076+00:00,"{""id"":""ed0a672b-23af-4154-859b-51033ba95bd1"",""due_at"":""2030-12-08T04:00:00+00:00"",""status"":""pending"",""created_at"":""2026-09-13T02:11:07.471076+00:00"",""subject_id"":""56f3cf25-84ad-4746-934d-a50e371bf561"",""performed_at"":null,""activity_name"":""col151-fa3f27672f1c admin"",""authority_class"":""facility"",""execution_state"":""none"",""effective_receipt_id"":null,""requirement_version_id"":""7954828e-2856-44ae-8a51-5b4d32ed3c93"",""facility_requirement_id"":""a7da2d96-da69-43b4-bc16-950864034a4f""}",[],[],[],
occurrence,ede7737c-59df-44f3-a7db-2d6e6fde806c,col151-fa3f27672f1c admin,pending,2026-09-13T02:11:07.471076+00:00,"{""id"":""ede7737c-59df-44f3-a7db-2d6e6fde806c"",""due_at"":""2031-12-21T04:00:00+00:00"",""status"":""pending"",""created_at"":""2026-09-13T02:11:07.471076+00:00"",""subject_id"":""56f3cf25-84ad-4746-934d-a50e371bf561"",""performed_at"":null,""activity_name"":""col151-fa3f27672f1c admin"",""authority_class"":""facility"",""execution_state"":""none"",""effective_receipt_id"":null,""requirement_version_id"":""7954828e-2856-44ae-8a51-5b4d32ed3c93"",""facility_requirement_id"":""a7da2d96-da69-43b4-bc16-950864034a4f""}",[],[],[],
occurrence,f034d350-1824-4047-b4af-dce1715884e4,col151-fa3f27672f1c admin,pending,2026-09-13T02:11:07.471076+00:00,"{""id"":""f034d350-1824-4047-b4af-dce1715884e4"",""due_at"":""2030-10-27T03:00:00+00:00"",""status"":""pending"",""created_at"":""2026-09-13T02:11:07.471076+00:00"",""subject_id"":""56f3cf25-84ad-4746-934d-a50e371bf561"",""performed_at"":null,""activity_name"":""col151-fa3f27672f1c admin"",""authority_class"":""facility"",""execution_state"":""none"",""effective_receipt_id"":null,""requirement_version_id"":""7954828e-2856-44ae-8a51-5b4d32ed3c93"",""facility_requirement_id"":""a7da2d96-da69-43b4-bc16-950864034a4f""}",[],[],[],
occurrence,f3c4a62a-62bc-4285-b438-baf64d722c35,col151-fa3f27672f1c admin,pending,2026-09-13T02:11:07.471076+00:00,"{""id"":""f3c4a62a-62bc-4285-b438-baf64d722c35"",""due_at"":""2032-05-23T03:00:00+00:00"",""status"":""pending"",""created_at"":""2026-09-13T02:11:07.471076+00:00"",""subject_id"":""56f3cf25-84ad-4746-934d-a50e371bf561"",""performed_at"":null,""activity_name"":""col151-fa3f27672f1c admin"",""authority_class"":""facility"",""execution_state"":""none"",""effective_receipt_id"":null,""requirement_version_id"":""7954828e-2856-44ae-8a51-5b4d32ed3c93"",""facility_requirement_id"":""a7da2d96-da69-43b4-bc16-950864034a4f""}",[],[],[],
occurrence,f415ced6-9316-431d-9500-9abeae5c2a0f,col151-fa3f27672f1c admin,pending,2026-09-13T02:11:07.471076+00:00,"{""id"":""f415ced6-9316-431d-9500-9abeae5c2a0f"",""due_at"":""2032-01-04T04:00:00+00:00"",""status"":""pending"",""created_at"":""2026-09-13T02:11:07.471076+00:00"",""subject_id"":""56f3cf25-84ad-4746-934d-a50e371bf561"",""performed_at"":null,""activity_name"":""col151-fa3f27672f1c admin"",""authority_class"":""facility"",""execution_state"":""none"",""effective_receipt_id"":null,""requirement_version_id"":""7954828e-2856-44ae-8a51-5b4d32ed3c93"",""facility_requirement_id"":""a7da2d96-da69-43b4-bc16-950864034a4f""}",[],[],[],
occurrence,f4319a81-0310-43b0-b88e-b52e3237ec9f,col151-fa3f27672f1c admin,pending,2026-09-13T02:11:07.471076+00:00,"{""id"":""f4319a81-0310-43b0-b88e-b52e3237ec9f"",""due_at"":""2032-02-08T04:00:00+00:00"",""status"":""pending"",""created_at"":""2026-09-13T02:11:07.471076+00:00"",""subject_id"":""56f3cf25-84ad-4746-934d-a50e371bf561"",""performed_at"":null,""activity_name"":""col151-fa3f27672f1c admin"",""authority_class"":""facility"",""execution_state"":""none"",""effective_receipt_id"":null,""requirement_version_id"":""7954828e-2856-44ae-8a51-5b4d32ed3c93"",""facility_requirement_id"":""a7da2d96-da69-43b4-bc16-950864034a4f""}",[],[],[],
occurrence,f4a7b213-b0b4-4431-9cd7-e42912f95221,col151-fa3f27672f1c admin,pending,2026-09-13T02:11:07.471076+00:00,"{""id"":""f4a7b213-b0b4-4431-9cd7-e42912f95221"",""due_at"":""2031-03-02T04:00:00+00:00"",""status"":""pending"",""created_at"":""2026-09-13T02:11:07.471076+00:00"",""subject_id"":""56f3cf25-84ad-4746-934d-a50e371bf561"",""performed_at"":null,""activity_name"":""col151-fa3f27672f1c admin"",""authority_class"":""facility"",""execution_state"":""none"",""effective_receipt_id"":null,""requirement_version_id"":""7954828e-2856-44ae-8a51-5b4d32ed3c93"",""facility_requirement_id"":""a7da2d96-da69-43b4-bc16-950864034a4f""}",[],[],[],
occurrence,f64e5024-48b2-468e-8be2-65b6b25027da,col151-fa3f27672f1c admin,pending,2026-09-13T02:11:07.471076+00:00,"{""id"":""f64e5024-48b2-468e-8be2-65b6b25027da"",""due_at"":""2031-05-11T03:00:00+00:00"",""status"":""pending"",""created_at"":""2026-09-13T02:11:07.471076+00:00"",""subject_id"":""56f3cf25-84ad-4746-934d-a50e371bf561"",""performed_at"":null,""activity_name"":""col151-fa3f27672f1c admin"",""authority_class"":""facility"",""execution_state"":""none"",""effective_receipt_id"":null,""requirement_version_id"":""7954828e-2856-44ae-8a51-5b4d32ed3c93"",""facility_requirement_id"":""a7da2d96-da69-43b4-bc16-950864034a4f""}",[],[],[],
occurrence,fe5de842-f0be-46ee-b77c-df2b62c40426,col151-fa3f27672f1c admin,pending,2026-09-13T02:11:07.471076+00:00,"{""id"":""fe5de842-f0be-46ee-b77c-df2b62c40426"",""due_at"":""2032-05-09T03:00:00+00:00"",""status"":""pending"",""created_at"":""2026-09-13T02:11:07.471076+00:00"",""subject_id"":""56f3cf25-84ad-4746-934d-a50e371bf561"",""performed_at"":null,""activity_name"":""col151-fa3f27672f1c admin"",""authority_class"":""facility"",""execution_state"":""none"",""effective_receipt_id"":null,""requirement_version_id"":""7954828e-2856-44ae-8a51-5b4d32ed3c93"",""facility_requirement_id"":""a7da2d96-da69-43b4-bc16-950864034a4f""}",[],[],[],
occurrence,feb52ce4-5487-4ed9-9a62-e42632898244,col151-fa3f27672f1c admin,pending,2026-09-13T02:11:07.471076+00:00,"{""id"":""feb52ce4-5487-4ed9-9a62-e42632898244"",""due_at"":""2030-08-25T03:00:00+00:00"",""status"":""pending"",""created_at"":""2026-09-13T02:11:07.471076+00:00"",""subject_id"":""56f3cf25-84ad-4746-934d-a50e371bf561"",""performed_at"":null,""activity_name"":""col151-fa3f27672f1c admin"",""authority_class"":""facility"",""execution_state"":""none"",""effective_receipt_id"":null,""requirement_version_id"":""7954828e-2856-44ae-8a51-5b4d32ed3c93"",""facility_requirement_id"":""a7da2d96-da69-43b4-bc16-950864034a4f""}",[],[],[],
occurrence,feded427-e3ad-4e00-b62b-0a2e0a5c384c,col151-fa3f27672f1c admin,pending,2026-09-13T02:11:07.471076+00:00,"{""id"":""feded427-e3ad-4e00-b62b-0a2e0a5c384c"",""due_at"":""2031-03-23T03:00:00+00:00"",""status"":""pending"",""created_at"":""2026-09-13T02:11:07.471076+00:00"",""subject_id"":""56f3cf25-84ad-4746-934d-a50e371bf561"",""performed_at"":null,""activity_name"":""col151-fa3f27672f1c admin"",""authority_class"":""facility"",""execution_state"":""none"",""effective_receipt_id"":null,""requirement_version_id"":""7954828e-2856-44ae-8a51-5b4d32ed3c93"",""facility_requirement_id"":""a7da2d96-da69-43b4-bc16-950864034a4f""}",[],[],[],
occurrence,01ae56ee-e461-425e-b3de-fbfb216a1383,col151-fa3f27672f1c admin,pending,2026-09-13T02:11:07.910142+00:00,"{""id"":""01ae56ee-e461-425e-b3de-fbfb216a1383"",""due_at"":""2032-08-22T03:00:00+00:00"",""status"":""pending"",""created_at"":""2026-09-13T02:11:07.910142+00:00"",""subject_id"":""56f3cf25-84ad-4746-934d-a50e371bf561"",""performed_at"":null,""activity_name"":""col151-fa3f27672f1c admin"",""authority_class"":""facility"",""execution_state"":""none"",""effective_receipt_id"":null,""requirement_version_id"":""7954828e-2856-44ae-8a51-5b4d32ed3c93"",""facility_requirement_id"":""a7da2d96-da69-43b4-bc16-950864034a4f""}",[],[],[],
occurrence,02365dc9-3f88-4d01-af87-4181631ae8c7,col151-fa3f27672f1c admin,pending,2026-09-13T02:11:07.910142+00:00,"{""id"":""02365dc9-3f88-4d01-af87-4181631ae8c7"",""due_at"":""2034-01-29T04:00:00+00:00"",""status"":""pending"",""created_at"":""2026-09-13T02:11:07.910142+00:00"",""subject_id"":""56f3cf25-84ad-4746-934d-a50e371bf561"",""performed_at"":null,""activity_name"":""col151-fa3f27672f1c admin"",""authority_class"":""facility"",""execution_state"":""none"",""effective_receipt_id"":null,""requirement_version_id"":""7954828e-2856-44ae-8a51-5b4d32ed3c93"",""facility_requirement_id"":""a7da2d96-da69-43b4-bc16-950864034a4f""}",[],[],[],
occurrence,0392fafe-bf04-43fa-bff9-c153b6895792,col151-fa3f27672f1c admin,pending,2026-09-13T02:11:07.910142+00:00,"{""id"":""0392fafe-bf04-43fa-bff9-c153b6895792"",""due_at"":""2033-07-31T03:00:00+00:00"",""status"":""pending"",""created_at"":""2026-09-13T02:11:07.910142+00:00"",""subject_id"":""56f3cf25-84ad-4746-934d-a50e371bf561"",""performed_at"":null,""activity_name"":""col151-fa3f27672f1c admin"",""authority_class"":""facility"",""execution_state"":""none"",""effective_receipt_id"":null,""requirement_version_id"":""7954828e-2856-44ae-8a51-5b4d32ed3c93"",""facility_requirement_id"":""a7da2d96-da69-43b4-bc16-950864034a4f""}",[],[],[],
occurrence,07276df6-a956-4f50-8574-069b627bf1e0,col151-fa3f27672f1c admin,pending,2026-09-13T02:11:07.910142+00:00,"{""id"":""07276df6-a956-4f50-8574-069b627bf1e0"",""due_at"":""2032-12-05T04:00:00+00:00"",""status"":""pending"",""created_at"":""2026-09-13T02:11:07.910142+00:00"",""subject_id"":""56f3cf25-84ad-4746-934d-a50e371bf561"",""performed_at"":null,""activity_name"":""col151-fa3f27672f1c admin"",""authority_class"":""facility"",""execution_state"":""none"",""effective_receipt_id"":null,""requirement_version_id"":""7954828e-2856-44ae-8a51-5b4d32ed3c93"",""facility_requirement_id"":""a7da2d96-da69-43b4-bc16-950864034a4f""}",[],[],[],
occurrence,087936c2-b111-491b-806b-c4dcb8a4597c,col151-fa3f27672f1c admin,pending,2026-09-13T02:11:07.910142+00:00,"{""id"":""087936c2-b111-491b-806b-c4dcb8a4597c"",""due_at"":""2032-09-12T03:00:00+00:00"",""status"":""pending"",""created_at"":""2026-09-13T02:11:07.910142+00:00"",""subject_id"":""56f3cf25-84ad-4746-934d-a50e371bf561"",""performed_at"":null,""activity_name"":""col151-fa3f27672f1c admin"",""authority_class"":""facility"",""execution_state"":""none"",""effective_receipt_id"":null,""requirement_version_id"":""7954828e-2856-44ae-8a51-5b4d32ed3c93"",""facility_requirement_id"":""a7da2d96-da69-43b4-bc16-950864034a4f""}",[],[],[],
occurrence,08bc7e28-0fd6-4873-9f13-4117d093047c,col151-fa3f27672f1c admin,pending,2026-09-13T02:11:07.910142+00:00,"{""id"":""08bc7e28-0fd6-4873-9f13-4117d093047c"",""due_at"":""2034-04-09T03:00:00+00:00"",""status"":""pending"",""created_at"":""2026-09-13T02:11:07.910142+00:00"",""subject_id"":""56f3cf25-84ad-4746-934d-a50e371bf561"",""performed_at"":null,""activity_name"":""col151-fa3f27672f1c admin"",""authority_class"":""facility"",""execution_state"":""none"",""effective_receipt_id"":null,""requirement_version_id"":""7954828e-2856-44ae-8a51-5b4d32ed3c93"",""facility_requirement_id"":""a7da2d96-da69-43b4-bc16-950864034a4f""}",[],[],[],
occurrence,096a1d26-3c8c-42a1-87c3-5c077f4f5433,col151-fa3f27672f1c admin,pending,2026-09-13T02:11:07.910142+00:00,"{""id"":""096a1d26-3c8c-42a1-87c3-5c077f4f5433"",""due_at"":""2034-04-30T03:00:00+00:00"",""status"":""pending"",""created_at"":""2026-09-13T02:11:07.910142+00:00"",""subject_id"":""56f3cf25-84ad-4746-934d-a50e371bf561"",""performed_at"":null,""activity_name"":""col151-fa3f27672f1c admin"",""authority_class"":""facility"",""execution_state"":""none"",""effective_receipt_id"":null,""requirement_version_id"":""7954828e-2856-44ae-8a51-5b4d32ed3c93"",""facility_requirement_id"":""a7da2d96-da69-43b4-bc16-950864034a4f""}",[],[],[],
occurrence,1103426c-4b80-4c2f-b446-cd15a3e95632,col151-fa3f27672f1c admin,pending,2026-09-13T02:11:07.910142+00:00,"{""id"":""1103426c-4b80-4c2f-b446-cd15a3e95632"",""due_at"":""2032-08-08T03:00:00+00:00"",""status"":""pending"",""created_at"":""2026-09-13T02:11:07.910142+00:00"",""subject_id"":""56f3cf25-84ad-4746-934d-a50e371bf561"",""performed_at"":null,""activity_name"":""col151-fa3f27672f1c admin"",""authority_class"":""facility"",""execution_state"":""none"",""effective_receipt_id"":null,""requirement_version_id"":""7954828e-2856-44ae-8a51-5b4d32ed3c93"",""facility_requirement_id"":""a7da2d96-da69-43b4-bc16-950864034a4f""}",[],[],[],
occurrence,14275d80-954a-45f6-bfcd-5d9f08737c86,col151-fa3f27672f1c admin,pending,2026-09-13T02:11:07.910142+00:00,"{""id"":""14275d80-954a-45f6-bfcd-5d9f08737c86"",""due_at"":""2034-05-07T03:00:00+00:00"",""status"":""pending"",""created_at"":""2026-09-13T02:11:07.910142+00:00"",""subject_id"":""56f3cf25-84ad-4746-934d-a50e371bf561"",""performed_at"":null,""activity_name"":""col151-fa3f27672f1c admin"",""authority_class"":""facility"",""execution_state"":""none"",""effective_receipt_id"":null,""requirement_version_id"":""7954828e-2856-44ae-8a51-5b4d32ed3c93"",""facility_requirement_id"":""a7da2d96-da69-43b4-bc16-950864034a4f""}",[],[],[],
occurrence,170c0566-e7cf-4057-b416-3c7208db540f,col151-fa3f27672f1c admin,pending,2026-09-13T02:11:07.910142+00:00,"{""id"":""170c0566-e7cf-4057-b416-3c7208db540f"",""due_at"":""2034-01-08T04:00:00+00:00"",""status"":""pending"",""created_at"":""2026-09-13T02:11:07.910142+00:00"",""subject_id"":""56f3cf25-84ad-4746-934d-a50e371bf561"",""performed_at"":null,""activity_name"":""col151-fa3f27672f1c admin"",""authority_class"":""facility"",""execution_state"":""none"",""effective_receipt_id"":null,""requirement_version_id"":""7954828e-2856-44ae-8a51-5b4d32ed3c93"",""facility_requirement_id"":""a7da2d96-da69-43b4-bc16-950864034a4f""}",[],[],[],
occurrence,1c03009c-a9ea-4d42-b785-cf5abffa38ef,col151-fa3f27672f1c admin,pending,2026-09-13T02:11:07.910142+00:00,"{""id"":""1c03009c-a9ea-4d42-b785-cf5abffa38ef"",""due_at"":""2033-01-23T04:00:00+00:00"",""status"":""pending"",""created_at"":""2026-09-13T02:11:07.910142+00:00"",""subject_id"":""56f3cf25-84ad-4746-934d-a50e371bf561"",""performed_at"":null,""activity_name"":""col151-fa3f27672f1c admin"",""authority_class"":""facility"",""execution_state"":""none"",""effective_receipt_id"":null,""requirement_version_id"":""7954828e-2856-44ae-8a51-5b4d32ed3c93"",""facility_requirement_id"":""a7da2d96-da69-43b4-bc16-950864034a4f""}",[],[],[],
occurrence,202ace5f-435d-4493-bcc4-df79651753ca,col151-fa3f27672f1c admin,pending,2026-09-13T02:11:07.910142+00:00,"{""id"":""202ace5f-435d-4493-bcc4-df79651753ca"",""due_at"":""2032-11-21T04:00:00+00:00"",""status"":""pending"",""created_at"":""2026-09-13T02:11:07.910142+00:00"",""subject_id"":""56f3cf25-84ad-4746-934d-a50e371bf561"",""performed_at"":null,""activity_name"":""col151-fa3f27672f1c admin"",""authority_class"":""facility"",""execution_state"":""none"",""effective_receipt_id"":null,""requirement_version_id"":""7954828e-2856-44ae-8a51-5b4d32ed3c93"",""facility_requirement_id"":""a7da2d96-da69-43b4-bc16-950864034a4f""}",[],[],[],
occurrence,23847aff-35db-431a-8904-297cbe43d217,col151-fa3f27672f1c admin,pending,2026-09-13T02:11:07.910142+00:00,"{""id"":""23847aff-35db-431a-8904-297cbe43d217"",""due_at"":""2032-12-26T04:00:00+00:00"",""status"":""pending"",""created_at"":""2026-09-13T02:11:07.910142+00:00"",""subject_id"":""56f3cf25-84ad-4746-934d-a50e371bf561"",""performed_at"":null,""activity_name"":""col151-fa3f27672f1c admin"",""authority_class"":""facility"",""execution_state"":""none"",""effective_receipt_id"":null,""requirement_version_id"":""7954828e-2856-44ae-8a51-5b4d32ed3c93"",""facility_requirement_id"":""a7da2d96-da69-43b4-bc16-950864034a4f""}",[],[],[],
occurrence,2491f2f4-7817-44ee-aa9b-82e864c4cb7b,col151-fa3f27672f1c admin,pending,2026-09-13T02:11:07.910142+00:00,"{""id"":""2491f2f4-7817-44ee-aa9b-82e864c4cb7b"",""due_at"":""2034-02-12T04:00:00+00:00"",""status"":""pending"",""created_at"":""2026-09-13T02:11:07.910142+00:00"",""subject_id"":""56f3cf25-84ad-4746-934d-a50e371bf561"",""performed_at"":null,""activity_name"":""col151-fa3f27672f1c admin"",""authority_class"":""facility"",""execution_state"":""none"",""effective_receipt_id"":null,""requirement_version_id"":""7954828e-2856-44ae-8a51-5b4d32ed3c93"",""facility_requirement_id"":""a7da2d96-da69-43b4-bc16-950864034a4f""}",[],[],[],
occurrence,24ce86a8-d34a-4f2d-843e-6eaa8043305b,col151-fa3f27672f1c admin,pending,2026-09-13T02:11:07.910142+00:00,"{""id"":""24ce86a8-d34a-4f2d-843e-6eaa8043305b"",""due_at"":""2033-08-21T03:00:00+00:00"",""status"":""pending"",""created_at"":""2026-09-13T02:11:07.910142+00:00"",""subject_id"":""56f3cf25-84ad-4746-934d-a50e371bf561"",""performed_at"":null,""activity_name"":""col151-fa3f27672f1c admin"",""authority_class"":""facility"",""execution_state"":""none"",""effective_receipt_id"":null,""requirement_version_id"":""7954828e-2856-44ae-8a51-5b4d32ed3c93"",""facility_requirement_id"":""a7da2d96-da69-43b4-bc16-950864034a4f""}",[],[],[],
occurrence,26e22b68-9122-4422-a052-92028e410526,col151-fa3f27672f1c admin,pending,2026-09-13T02:11:07.910142+00:00,"{""id"":""26e22b68-9122-4422-a052-92028e410526"",""due_at"":""2033-07-03T03:00:00+00:00"",""status"":""pending"",""created_at"":""2026-09-13T02:11:07.910142+00:00"",""subject_id"":""56f3cf25-84ad-4746-934d-a50e371bf561"",""performed_at"":null,""activity_name"":""col151-fa3f27672f1c admin"",""authority_class"":""facility"",""execution_state"":""none"",""effective_receipt_id"":null,""requirement_version_id"":""7954828e-2856-44ae-8a51-5b4d32ed3c93"",""facility_requirement_id"":""a7da2d96-da69-43b4-bc16-950864034a4f""}",[],[],[],
occurrence,2890bd77-f904-4460-a14f-008d731f0066,col151-fa3f27672f1c admin,pending,2026-09-13T02:11:07.910142+00:00,"{""id"":""2890bd77-f904-4460-a14f-008d731f0066"",""due_at"":""2033-09-25T03:00:00+00:00"",""status"":""pending"",""created_at"":""2026-09-13T02:11:07.910142+00:00"",""subject_id"":""56f3cf25-84ad-4746-934d-a50e371bf561"",""performed_at"":null,""activity_name"":""col151-fa3f27672f1c admin"",""authority_class"":""facility"",""execution_state"":""none"",""effective_receipt_id"":null,""requirement_version_id"":""7954828e-2856-44ae-8a51-5b4d32ed3c93"",""facility_requirement_id"":""a7da2d96-da69-43b4-bc16-950864034a4f""}",[],[],[],
occurrence,2935e860-68c6-4a51-903f-f04fc50df318,col151-fa3f27672f1c admin,pending,2026-09-13T02:11:07.910142+00:00,"{""id"":""2935e860-68c6-4a51-903f-f04fc50df318"",""due_at"":""2034-03-19T03:00:00+00:00"",""status"":""pending"",""created_at"":""2026-09-13T02:11:07.910142+00:00"",""subject_id"":""56f3cf25-84ad-4746-934d-a50e371bf561"",""performed_at"":null,""activity_name"":""col151-fa3f27672f1c admin"",""authority_class"":""facility"",""execution_state"":""none"",""effective_receipt_id"":null,""requirement_version_id"":""7954828e-2856-44ae-8a51-5b4d32ed3c93"",""facility_requirement_id"":""a7da2d96-da69-43b4-bc16-950864034a4f""}",[],[],[],
occurrence,29465a1a-83cf-463f-b900-9554cdae6962,col151-fa3f27672f1c admin,pending,2026-09-13T02:11:07.910142+00:00,"{""id"":""29465a1a-83cf-463f-b900-9554cdae6962"",""due_at"":""2033-03-20T03:00:00+00:00"",""status"":""pending"",""created_at"":""2026-09-13T02:11:07.910142+00:00"",""subject_id"":""56f3cf25-84ad-4746-934d-a50e371bf561"",""performed_at"":null,""activity_name"":""col151-fa3f27672f1c admin"",""authority_class"":""facility"",""execution_state"":""none"",""effective_receipt_id"":null,""requirement_version_id"":""7954828e-2856-44ae-8a51-5b4d32ed3c93"",""facility_requirement_id"":""a7da2d96-da69-43b4-bc16-950864034a4f""}",[],[],[],
occurrence,2af5aacd-7a75-412a-8751-42ee131ab066,col151-fa3f27672f1c admin,pending,2026-09-13T02:11:07.910142+00:00,"{""id"":""2af5aacd-7a75-412a-8751-42ee131ab066"",""due_at"":""2032-07-11T03:00:00+00:00"",""status"":""pending"",""created_at"":""2026-09-13T02:11:07.910142+00:00"",""subject_id"":""56f3cf25-84ad-4746-934d-a50e371bf561"",""performed_at"":null,""activity_name"":""col151-fa3f27672f1c admin"",""authority_class"":""facility"",""execution_state"":""none"",""effective_receipt_id"":null,""requirement_version_id"":""7954828e-2856-44ae-8a51-5b4d32ed3c93"",""facility_requirement_id"":""a7da2d96-da69-43b4-bc16-950864034a4f""}",[],[],[],
occurrence,2b3191af-82fc-4d75-85a8-295ac5d85636,col151-fa3f27672f1c admin,pending,2026-09-13T02:11:07.910142+00:00,"{""id"":""2b3191af-82fc-4d75-85a8-295ac5d85636"",""due_at"":""2032-06-20T03:00:00+00:00"",""status"":""pending"",""created_at"":""2026-09-13T02:11:07.910142+00:00"",""subject_id"":""56f3cf25-84ad-4746-934d-a50e371bf561"",""performed_at"":null,""activity_name"":""col151-fa3f27672f1c admin"",""authority_class"":""facility"",""execution_state"":""none"",""effective_receipt_id"":null,""requirement_version_id"":""7954828e-2856-44ae-8a51-5b4d32ed3c93"",""facility_requirement_id"":""a7da2d96-da69-43b4-bc16-950864034a4f""}",[],[],[],
occurrence,2fca4d56-35ab-4810-a694-cd5a04dd3235,col151-fa3f27672f1c admin,pending,2026-09-13T02:11:07.910142+00:00,"{""id"":""2fca4d56-35ab-4810-a694-cd5a04dd3235"",""due_at"":""2033-11-06T03:00:00+00:00"",""status"":""pending"",""created_at"":""2026-09-13T02:11:07.910142+00:00"",""subject_id"":""56f3cf25-84ad-4746-934d-a50e371bf561"",""performed_at"":null,""activity_name"":""col151-fa3f27672f1c admin"",""authority_class"":""facility"",""execution_state"":""none"",""effective_receipt_id"":null,""requirement_version_id"":""7954828e-2856-44ae-8a51-5b4d32ed3c93"",""facility_requirement_id"":""a7da2d96-da69-43b4-bc16-950864034a4f""}",[],[],[],
occurrence,381ab15a-2ea2-4bc3-9c44-f03ef2ca3ce5,col151-fa3f27672f1c admin,pending,2026-09-13T02:11:07.910142+00:00,"{""id"":""381ab15a-2ea2-4bc3-9c44-f03ef2ca3ce5"",""due_at"":""2034-01-22T04:00:00+00:00"",""status"":""pending"",""created_at"":""2026-09-13T02:11:07.910142+00:00"",""subject_id"":""56f3cf25-84ad-4746-934d-a50e371bf561"",""performed_at"":null,""activity_name"":""col151-fa3f27672f1c admin"",""authority_class"":""facility"",""execution_state"":""none"",""effective_receipt_id"":null,""requirement_version_id"":""7954828e-2856-44ae-8a51-5b4d32ed3c93"",""facility_requirement_id"":""a7da2d96-da69-43b4-bc16-950864034a4f""}",[],[],[],
occurrence,38e86136-1d4b-4a04-a9b2-635c6fd8a973,col151-fa3f27672f1c admin,pending,2026-09-13T02:11:07.910142+00:00,"{""id"":""38e86136-1d4b-4a04-a9b2-635c6fd8a973"",""due_at"":""2033-12-11T04:00:00+00:00"",""status"":""pending"",""created_at"":""2026-09-13T02:11:07.910142+00:00"",""subject_id"":""56f3cf25-84ad-4746-934d-a50e371bf561"",""performed_at"":null,""activity_name"":""col151-fa3f27672f1c admin"",""authority_class"":""facility"",""execution_state"":""none"",""effective_receipt_id"":null,""requirement_version_id"":""7954828e-2856-44ae-8a51-5b4d32ed3c93"",""facility_requirement_id"":""a7da2d96-da69-43b4-bc16-950864034a4f""}",[],[],[],
occurrence,3a12edcc-283f-44f1-ba8d-b0a7fcefa60b,col151-fa3f27672f1c admin,pending,2026-09-13T02:11:07.910142+00:00,"{""id"":""3a12edcc-283f-44f1-ba8d-b0a7fcefa60b"",""due_at"":""2032-11-14T04:00:00+00:00"",""status"":""pending"",""created_at"":""2026-09-13T02:11:07.910142+00:00"",""subject_id"":""56f3cf25-84ad-4746-934d-a50e371bf561"",""performed_at"":null,""activity_name"":""col151-fa3f27672f1c admin"",""authority_class"":""facility"",""execution_state"":""none"",""effective_receipt_id"":null,""requirement_version_id"":""7954828e-2856-44ae-8a51-5b4d32ed3c93"",""facility_requirement_id"":""a7da2d96-da69-43b4-bc16-950864034a4f""}",[],[],[],
occurrence,3c13d3b7-d537-4629-a0e6-6724ae73bd3f,col151-fa3f27672f1c admin,pending,2026-09-13T02:11:07.910142+00:00,"{""id"":""3c13d3b7-d537-4629-a0e6-6724ae73bd3f"",""due_at"":""2034-04-23T03:00:00+00:00"",""status"":""pending"",""created_at"":""2026-09-13T02:11:07.910142+00:00"",""subject_id"":""56f3cf25-84ad-4746-934d-a50e371bf561"",""performed_at"":null,""activity_name"":""col151-fa3f27672f1c admin"",""authority_class"":""facility"",""execution_state"":""none"",""effective_receipt_id"":null,""requirement_version_id"":""7954828e-2856-44ae-8a51-5b4d32ed3c93"",""facility_requirement_id"":""a7da2d96-da69-43b4-bc16-950864034a4f""}",[],[],[],
occurrence,40a6ff15-d2ca-4695-b3cb-c3f3970449c3,col151-fa3f27672f1c admin,pending,2026-09-13T02:11:07.910142+00:00,"{""id"":""40a6ff15-d2ca-4695-b3cb-c3f3970449c3"",""due_at"":""2032-08-15T03:00:00+00:00"",""status"":""pending"",""created_at"":""2026-09-13T02:11:07.910142+00:00"",""subject_id"":""56f3cf25-84ad-4746-934d-a50e371bf561"",""performed_at"":null,""activity_name"":""col151-fa3f27672f1c admin"",""authority_class"":""facility"",""execution_state"":""none"",""effective_receipt_id"":null,""requirement_version_id"":""7954828e-2856-44ae-8a51-5b4d32ed3c93"",""facility_requirement_id"":""a7da2d96-da69-43b4-bc16-950864034a4f""}",[],[],[],
occurrence,41f0fbd3-e877-4624-b82d-7b15a41e0e90,col151-fa3f27672f1c admin,pending,2026-09-13T02:11:07.910142+00:00,"{""id"":""41f0fbd3-e877-4624-b82d-7b15a41e0e90"",""due_at"":""2033-10-30T03:00:00+00:00"",""status"":""pending"",""created_at"":""2026-09-13T02:11:07.910142+00:00"",""subject_id"":""56f3cf25-84ad-4746-934d-a50e371bf561"",""performed_at"":null,""activity_name"":""col151-fa3f27672f1c admin"",""authority_class"":""facility"",""execution_state"":""none"",""effective_receipt_id"":null,""requirement_version_id"":""7954828e-2856-44ae-8a51-5b4d32ed3c93"",""facility_requirement_id"":""a7da2d96-da69-43b4-bc16-950864034a4f""}",[],[],[],
occurrence,42cda824-2d1c-4f11-ab28-a7578ed677ee,col151-fa3f27672f1c admin,pending,2026-09-13T02:11:07.910142+00:00,"{""id"":""42cda824-2d1c-4f11-ab28-a7578ed677ee"",""due_at"":""2033-02-06T04:00:00+00:00"",""status"":""pending"",""created_at"":""2026-09-13T02:11:07.910142+00:00"",""subject_id"":""56f3cf25-84ad-4746-934d-a50e371bf561"",""performed_at"":null,""activity_name"":""col151-fa3f27672f1c admin"",""authority_class"":""facility"",""execution_state"":""none"",""effective_receipt_id"":null,""requirement_version_id"":""7954828e-2856-44ae-8a51-5b4d32ed3c93"",""facility_requirement_id"":""a7da2d96-da69-43b4-bc16-950864034a4f""}",[],[],[],
occurrence,435d5f39-2272-4d0c-8185-78c28698f29e,col151-fa3f27672f1c admin,pending,2026-09-13T02:11:07.910142+00:00,"{""id"":""435d5f39-2272-4d0c-8185-78c28698f29e"",""due_at"":""2033-08-28T03:00:00+00:00"",""status"":""pending"",""created_at"":""2026-09-13T02:11:07.910142+00:00"",""subject_id"":""56f3cf25-84ad-4746-934d-a50e371bf561"",""performed_at"":null,""activity_name"":""col151-fa3f27672f1c admin"",""authority_class"":""facility"",""execution_state"":""none"",""effective_receipt_id"":null,""requirement_version_id"":""7954828e-2856-44ae-8a51-5b4d32ed3c93"",""facility_requirement_id"":""a7da2d96-da69-43b4-bc16-950864034a4f""}",[],[],[],
occurrence,44f13311-2557-49cc-beac-21fa11896011,col151-fa3f27672f1c admin,pending,2026-09-13T02:11:07.910142+00:00,"{""id"":""44f13311-2557-49cc-beac-21fa11896011"",""due_at"":""2032-10-31T03:00:00+00:00"",""status"":""pending"",""created_at"":""2026-09-13T02:11:07.910142+00:00"",""subject_id"":""56f3cf25-84ad-4746-934d-a50e371bf561"",""performed_at"":null,""activity_name"":""col151-fa3f27672f1c admin"",""authority_class"":""facility"",""execution_state"":""none"",""effective_receipt_id"":null,""requirement_version_id"":""7954828e-2856-44ae-8a51-5b4d32ed3c93"",""facility_requirement_id"":""a7da2d96-da69-43b4-bc16-950864034a4f""}",[],[],[],
occurrence,4589ef42-f5bf-49cb-8d9f-7833fb8d1fad,col151-fa3f27672f1c admin,pending,2026-09-13T02:11:07.910142+00:00,"{""id"":""4589ef42-f5bf-49cb-8d9f-7833fb8d1fad"",""due_at"":""2032-09-26T03:00:00+00:00"",""status"":""pending"",""created_at"":""2026-09-13T02:11:07.910142+00:00"",""subject_id"":""56f3cf25-84ad-4746-934d-a50e371bf561"",""performed_at"":null,""activity_name"":""col151-fa3f27672f1c admin"",""authority_class"":""facility"",""execution_state"":""none"",""effective_receipt_id"":null,""requirement_version_id"":""7954828e-2856-44ae-8a51-5b4d32ed3c93"",""facility_requirement_id"":""a7da2d96-da69-43b4-bc16-950864034a4f""}",[],[],[],
occurrence,4bd704c9-6a6a-440a-86e2-ef61b1512e57,col151-fa3f27672f1c admin,pending,2026-09-13T02:11:07.910142+00:00,"{""id"":""4bd704c9-6a6a-440a-86e2-ef61b1512e57"",""due_at"":""2033-10-16T03:00:00+00:00"",""status"":""pending"",""created_at"":""2026-09-13T02:11:07.910142+00:00"",""subject_id"":""56f3cf25-84ad-4746-934d-a50e371bf561"",""performed_at"":null,""activity_name"":""col151-fa3f27672f1c admin"",""authority_class"":""facility"",""execution_state"":""none"",""effective_receipt_id"":null,""requirement_version_id"":""7954828e-2856-44ae-8a51-5b4d32ed3c93"",""facility_requirement_id"":""a7da2d96-da69-43b4-bc16-950864034a4f""}",[],[],[],
occurrence,4c76c436-abac-43c2-a05d-4d7f3ad11204,col151-fa3f27672f1c admin,pending,2026-09-13T02:11:07.910142+00:00,"{""id"":""4c76c436-abac-43c2-a05d-4d7f3ad11204"",""due_at"":""2034-04-02T03:00:00+00:00"",""status"":""pending"",""created_at"":""2026-09-13T02:11:07.910142+00:00"",""subject_id"":""56f3cf25-84ad-4746-934d-a50e371bf561"",""performed_at"":null,""activity_name"":""col151-fa3f27672f1c admin"",""authority_class"":""facility"",""execution_state"":""none"",""effective_receipt_id"":null,""requirement_version_id"":""7954828e-2856-44ae-8a51-5b4d32ed3c93"",""facility_requirement_id"":""a7da2d96-da69-43b4-bc16-950864034a4f""}",[],[],[],
occurrence,4e87e20f-a593-467c-af67-f756ba0756ee,col151-fa3f27672f1c admin,pending,2026-09-13T02:11:07.910142+00:00,"{""id"":""4e87e20f-a593-467c-af67-f756ba0756ee"",""due_at"":""2034-01-15T04:00:00+00:00"",""status"":""pending"",""created_at"":""2026-09-13T02:11:07.910142+00:00"",""subject_id"":""56f3cf25-84ad-4746-934d-a50e371bf561"",""performed_at"":null,""activity_name"":""col151-fa3f27672f1c admin"",""authority_class"":""facility"",""execution_state"":""none"",""effective_receipt_id"":null,""requirement_version_id"":""7954828e-2856-44ae-8a51-5b4d32ed3c93"",""facility_requirement_id"":""a7da2d96-da69-43b4-bc16-950864034a4f""}",[],[],[],
occurrence,4ec99bb8-8070-4bb3-bf5b-8a717b828fdf,col151-fa3f27672f1c admin,pending,2026-09-13T02:11:07.910142+00:00,"{""id"":""4ec99bb8-8070-4bb3-bf5b-8a717b828fdf"",""due_at"":""2034-03-26T03:00:00+00:00"",""status"":""pending"",""created_at"":""2026-09-13T02:11:07.910142+00:00"",""subject_id"":""56f3cf25-84ad-4746-934d-a50e371bf561"",""performed_at"":null,""activity_name"":""col151-fa3f27672f1c admin"",""authority_class"":""facility"",""execution_state"":""none"",""effective_receipt_id"":null,""requirement_version_id"":""7954828e-2856-44ae-8a51-5b4d32ed3c93"",""facility_requirement_id"":""a7da2d96-da69-43b4-bc16-950864034a4f""}",[],[],[],
occurrence,52b2c487-7823-4e20-8afe-00f067d91e0d,col151-fa3f27672f1c admin,pending,2026-09-13T02:11:07.910142+00:00,"{""id"":""52b2c487-7823-4e20-8afe-00f067d91e0d"",""due_at"":""2032-11-07T03:00:00+00:00"",""status"":""pending"",""created_at"":""2026-09-13T02:11:07.910142+00:00"",""subject_id"":""56f3cf25-84ad-4746-934d-a50e371bf561"",""performed_at"":null,""activity_name"":""col151-fa3f27672f1c admin"",""authority_class"":""facility"",""execution_state"":""none"",""effective_receipt_id"":null,""requirement_version_id"":""7954828e-2856-44ae-8a51-5b4d32ed3c93"",""facility_requirement_id"":""a7da2d96-da69-43b4-bc16-950864034a4f""}",[],[],[],
occurrence,5347b6dd-b99c-43e2-bcbe-11a92199b676,col151-fa3f27672f1c admin,pending,2026-09-13T02:11:07.910142+00:00,"{""id"":""5347b6dd-b99c-43e2-bcbe-11a92199b676"",""due_at"":""2033-09-04T03:00:00+00:00"",""status"":""pending"",""created_at"":""2026-09-13T02:11:07.910142+00:00"",""subject_id"":""56f3cf25-84ad-4746-934d-a50e371bf561"",""performed_at"":null,""activity_name"":""col151-fa3f27672f1c admin"",""authority_class"":""facility"",""execution_state"":""none"",""effective_receipt_id"":null,""requirement_version_id"":""7954828e-2856-44ae-8a51-5b4d32ed3c93"",""facility_requirement_id"":""a7da2d96-da69-43b4-bc16-950864034a4f""}",[],[],[],
occurrence,5773f5b7-91a8-498a-8b1d-0640a534faff,col151-fa3f27672f1c admin,pending,2026-09-13T02:11:07.910142+00:00,"{""id"":""5773f5b7-91a8-498a-8b1d-0640a534faff"",""due_at"":""2033-07-10T03:00:00+00:00"",""status"":""pending"",""created_at"":""2026-09-13T02:11:07.910142+00:00"",""subject_id"":""56f3cf25-84ad-4746-934d-a50e371bf561"",""performed_at"":null,""activity_name"":""col151-fa3f27672f1c admin"",""authority_class"":""facility"",""execution_state"":""none"",""effective_receipt_id"":null,""requirement_version_id"":""7954828e-2856-44ae-8a51-5b4d32ed3c93"",""facility_requirement_id"":""a7da2d96-da69-43b4-bc16-950864034a4f""}",[],[],[],
occurrence,588b03ea-169c-4272-8500-056e4da1a1e3,col151-fa3f27672f1c admin,pending,2026-09-13T02:11:07.910142+00:00,"{""id"":""588b03ea-169c-4272-8500-056e4da1a1e3"",""due_at"":""2033-06-26T03:00:00+00:00"",""status"":""pending"",""created_at"":""2026-09-13T02:11:07.910142+00:00"",""subject_id"":""56f3cf25-84ad-4746-934d-a50e371bf561"",""performed_at"":null,""activity_name"":""col151-fa3f27672f1c admin"",""authority_class"":""facility"",""execution_state"":""none"",""effective_receipt_id"":null,""requirement_version_id"":""7954828e-2856-44ae-8a51-5b4d32ed3c93"",""facility_requirement_id"":""a7da2d96-da69-43b4-bc16-950864034a4f""}",[],[],[],
occurrence,5922a32d-1940-4ade-b62c-6dabed08b2bd,col151-fa3f27672f1c admin,pending,2026-09-13T02:11:07.910142+00:00,"{""id"":""5922a32d-1940-4ade-b62c-6dabed08b2bd"",""due_at"":""2033-06-12T03:00:00+00:00"",""status"":""pending"",""created_at"":""2026-09-13T02:11:07.910142+00:00"",""subject_id"":""56f3cf25-84ad-4746-934d-a50e371bf561"",""performed_at"":null,""activity_name"":""col151-fa3f27672f1c admin"",""authority_class"":""facility"",""execution_state"":""none"",""effective_receipt_id"":null,""requirement_version_id"":""7954828e-2856-44ae-8a51-5b4d32ed3c93"",""facility_requirement_id"":""a7da2d96-da69-43b4-bc16-950864034a4f""}",[],[],[],
occurrence,59f5c0e9-4ec1-4e65-a5f2-848cf9caf496,col151-fa3f27672f1c admin,pending,2026-09-13T02:11:07.910142+00:00,"{""id"":""59f5c0e9-4ec1-4e65-a5f2-848cf9caf496"",""due_at"":""2033-12-18T04:00:00+00:00"",""status"":""pending"",""created_at"":""2026-09-13T02:11:07.910142+00:00"",""subject_id"":""56f3cf25-84ad-4746-934d-a50e371bf561"",""performed_at"":null,""activity_name"":""col151-fa3f27672f1c admin"",""authority_class"":""facility"",""execution_state"":""none"",""effective_receipt_id"":null,""requirement_version_id"":""7954828e-2856-44ae-8a51-5b4d32ed3c93"",""facility_requirement_id"":""a7da2d96-da69-43b4-bc16-950864034a4f""}",[],[],[],
occurrence,5b0179a9-27f6-461e-b8dc-7bead8dbf67f,col151-fa3f27672f1c admin,pending,2026-09-13T02:11:07.910142+00:00,"{""id"":""5b0179a9-27f6-461e-b8dc-7bead8dbf67f"",""due_at"":""2032-08-01T03:00:00+00:00"",""status"":""pending"",""created_at"":""2026-09-13T02:11:07.910142+00:00"",""subject_id"":""56f3cf25-84ad-4746-934d-a50e371bf561"",""performed_at"":null,""activity_name"":""col151-fa3f27672f1c admin"",""authority_class"":""facility"",""execution_state"":""none"",""effective_receipt_id"":null,""requirement_version_id"":""7954828e-2856-44ae-8a51-5b4d32ed3c93"",""facility_requirement_id"":""a7da2d96-da69-43b4-bc16-950864034a4f""}",[],[],[],
occurrence,5b101ca2-0594-47eb-9dfd-94f38423ab4d,col151-fa3f27672f1c admin,pending,2026-09-13T02:11:07.910142+00:00,"{""id"":""5b101ca2-0594-47eb-9dfd-94f38423ab4d"",""due_at"":""2033-02-13T04:00:00+00:00"",""status"":""pending"",""created_at"":""2026-09-13T02:11:07.910142+00:00"",""subject_id"":""56f3cf25-84ad-4746-934d-a50e371bf561"",""performed_at"":null,""activity_name"":""col151-fa3f27672f1c admin"",""authority_class"":""facility"",""execution_state"":""none"",""effective_receipt_id"":null,""requirement_version_id"":""7954828e-2856-44ae-8a51-5b4d32ed3c93"",""facility_requirement_id"":""a7da2d96-da69-43b4-bc16-950864034a4f""}",[],[],[],
occurrence,5d128735-42a5-43a9-9d08-0077f4ece4da,col151-fa3f27672f1c admin,pending,2026-09-13T02:11:07.910142+00:00,"{""id"":""5d128735-42a5-43a9-9d08-0077f4ece4da"",""due_at"":""2033-07-24T03:00:00+00:00"",""status"":""pending"",""created_at"":""2026-09-13T02:11:07.910142+00:00"",""subject_id"":""56f3cf25-84ad-4746-934d-a50e371bf561"",""performed_at"":null,""activity_name"":""col151-fa3f27672f1c admin"",""authority_class"":""facility"",""execution_state"":""none"",""effective_receipt_id"":null,""requirement_version_id"":""7954828e-2856-44ae-8a51-5b4d32ed3c93"",""facility_requirement_id"":""a7da2d96-da69-43b4-bc16-950864034a4f""}",[],[],[],
occurrence,5e938e8c-201e-4cba-a88c-6bb17ebeeab9,col151-fa3f27672f1c admin,pending,2026-09-13T02:11:07.910142+00:00,"{""id"":""5e938e8c-201e-4cba-a88c-6bb17ebeeab9"",""due_at"":""2032-10-17T03:00:00+00:00"",""status"":""pending"",""created_at"":""2026-09-13T02:11:07.910142+00:00"",""subject_id"":""56f3cf25-84ad-4746-934d-a50e371bf561"",""performed_at"":null,""activity_name"":""col151-fa3f27672f1c admin"",""authority_class"":""facility"",""execution_state"":""none"",""effective_receipt_id"":null,""requirement_version_id"":""7954828e-2856-44ae-8a51-5b4d32ed3c93"",""facility_requirement_id"":""a7da2d96-da69-43b4-bc16-950864034a4f""}",[],[],[],
occurrence,6021e87d-48ce-47dd-a081-834b72a7807c,col151-fa3f27672f1c admin,pending,2026-09-13T02:11:07.910142+00:00,"{""id"":""6021e87d-48ce-47dd-a081-834b72a7807c"",""due_at"":""2033-01-09T04:00:00+00:00"",""status"":""pending"",""created_at"":""2026-09-13T02:11:07.910142+00:00"",""subject_id"":""56f3cf25-84ad-4746-934d-a50e371bf561"",""performed_at"":null,""activity_name"":""col151-fa3f27672f1c admin"",""authority_class"":""facility"",""execution_state"":""none"",""effective_receipt_id"":null,""requirement_version_id"":""7954828e-2856-44ae-8a51-5b4d32ed3c93"",""facility_requirement_id"":""a7da2d96-da69-43b4-bc16-950864034a4f""}",[],[],[],
occurrence,602d01d0-fc97-43f9-bad5-3d37ddfb867f,col151-fa3f27672f1c admin,pending,2026-09-13T02:11:07.910142+00:00,"{""id"":""602d01d0-fc97-43f9-bad5-3d37ddfb867f"",""due_at"":""2034-02-26T04:00:00+00:00"",""status"":""pending"",""created_at"":""2026-09-13T02:11:07.910142+00:00"",""subject_id"":""56f3cf25-84ad-4746-934d-a50e371bf561"",""performed_at"":null,""activity_name"":""col151-fa3f27672f1c admin"",""authority_class"":""facility"",""execution_state"":""none"",""effective_receipt_id"":null,""requirement_version_id"":""7954828e-2856-44ae-8a51-5b4d32ed3c93"",""facility_requirement_id"":""a7da2d96-da69-43b4-bc16-950864034a4f""}",[],[],[],
occurrence,66f2825c-9c55-4b09-9e39-73cfe7af47fd,col151-fa3f27672f1c admin,pending,2026-09-13T02:11:07.910142+00:00,"{""id"":""66f2825c-9c55-4b09-9e39-73cfe7af47fd"",""due_at"":""2032-08-29T03:00:00+00:00"",""status"":""pending"",""created_at"":""2026-09-13T02:11:07.910142+00:00"",""subject_id"":""56f3cf25-84ad-4746-934d-a50e371bf561"",""performed_at"":null,""activity_name"":""col151-fa3f27672f1c admin"",""authority_class"":""facility"",""execution_state"":""none"",""effective_receipt_id"":null,""requirement_version_id"":""7954828e-2856-44ae-8a51-5b4d32ed3c93"",""facility_requirement_id"":""a7da2d96-da69-43b4-bc16-950864034a4f""}",[],[],[],
occurrence,67847de5-c1ef-4c3e-9897-d90789843131,col151-fa3f27672f1c admin,pending,2026-09-13T02:11:07.910142+00:00,"{""id"":""67847de5-c1ef-4c3e-9897-d90789843131"",""due_at"":""2032-06-27T03:00:00+00:00"",""status"":""pending"",""created_at"":""2026-09-13T02:11:07.910142+00:00"",""subject_id"":""56f3cf25-84ad-4746-934d-a50e371bf561"",""performed_at"":null,""activity_name"":""col151-fa3f27672f1c admin"",""authority_class"":""facility"",""execution_state"":""none"",""effective_receipt_id"":null,""requirement_version_id"":""7954828e-2856-44ae-8a51-5b4d32ed3c93"",""facility_requirement_id"":""a7da2d96-da69-43b4-bc16-950864034a4f""}",[],[],[],
occurrence,686a52b3-ee6b-427b-a856-cb0fb6184236,col151-fa3f27672f1c admin,pending,2026-09-13T02:11:07.910142+00:00,"{""id"":""686a52b3-ee6b-427b-a856-cb0fb6184236"",""due_at"":""2033-12-25T04:00:00+00:00"",""status"":""pending"",""created_at"":""2026-09-13T02:11:07.910142+00:00"",""subject_id"":""56f3cf25-84ad-4746-934d-a50e371bf561"",""performed_at"":null,""activity_name"":""col151-fa3f27672f1c admin"",""authority_class"":""facility"",""execution_state"":""none"",""effective_receipt_id"":null,""requirement_version_id"":""7954828e-2856-44ae-8a51-5b4d32ed3c93"",""facility_requirement_id"":""a7da2d96-da69-43b4-bc16-950864034a4f""}",[],[],[],
occurrence,6f9ae3cd-6639-4dce-8863-1864a378959a,col151-fa3f27672f1c admin,pending,2026-09-13T02:11:07.910142+00:00,"{""id"":""6f9ae3cd-6639-4dce-8863-1864a378959a"",""due_at"":""2032-09-19T03:00:00+00:00"",""status"":""pending"",""created_at"":""2026-09-13T02:11:07.910142+00:00"",""subject_id"":""56f3cf25-84ad-4746-934d-a50e371bf561"",""performed_at"":null,""activity_name"":""col151-fa3f27672f1c admin"",""authority_class"":""facility"",""execution_state"":""none"",""effective_receipt_id"":null,""requirement_version_id"":""7954828e-2856-44ae-8a51-5b4d32ed3c93"",""facility_requirement_id"":""a7da2d96-da69-43b4-bc16-950864034a4f""}",[],[],[],
occurrence,73f62a70-875e-49aa-bf1a-b9f84178bc04,col151-fa3f27672f1c admin,pending,2026-09-13T02:11:07.910142+00:00,"{""id"":""73f62a70-875e-49aa-bf1a-b9f84178bc04"",""due_at"":""2034-01-01T04:00:00+00:00"",""status"":""pending"",""created_at"":""2026-09-13T02:11:07.910142+00:00"",""subject_id"":""56f3cf25-84ad-4746-934d-a50e371bf561"",""performed_at"":null,""activity_name"":""col151-fa3f27672f1c admin"",""authority_class"":""facility"",""execution_state"":""none"",""effective_receipt_id"":null,""requirement_version_id"":""7954828e-2856-44ae-8a51-5b4d32ed3c93"",""facility_requirement_id"":""a7da2d96-da69-43b4-bc16-950864034a4f""}",[],[],[],
occurrence,7fd5966e-095d-44e1-9c6c-ad6669fa0ee3,col151-fa3f27672f1c admin,pending,2026-09-13T02:11:07.910142+00:00,"{""id"":""7fd5966e-095d-44e1-9c6c-ad6669fa0ee3"",""due_at"":""2034-02-05T04:00:00+00:00"",""status"":""pending"",""created_at"":""2026-09-13T02:11:07.910142+00:00"",""subject_id"":""56f3cf25-84ad-4746-934d-a50e371bf561"",""performed_at"":null,""activity_name"":""col151-fa3f27672f1c admin"",""authority_class"":""facility"",""execution_state"":""none"",""effective_receipt_id"":null,""requirement_version_id"":""7954828e-2856-44ae-8a51-5b4d32ed3c93"",""facility_requirement_id"":""a7da2d96-da69-43b4-bc16-950864034a4f""}",[],[],[],
occurrence,8044ce7d-ea30-437e-80fa-687f2872d6bc,col151-fa3f27672f1c admin,pending,2026-09-13T02:11:07.910142+00:00,"{""id"":""8044ce7d-ea30-437e-80fa-687f2872d6bc"",""due_at"":""2033-04-17T03:00:00+00:00"",""status"":""pending"",""created_at"":""2026-09-13T02:11:07.910142+00:00"",""subject_id"":""56f3cf25-84ad-4746-934d-a50e371bf561"",""performed_at"":null,""activity_name"":""col151-fa3f27672f1c admin"",""authority_class"":""facility"",""execution_state"":""none"",""effective_receipt_id"":null,""requirement_version_id"":""7954828e-2856-44ae-8a51-5b4d32ed3c93"",""facility_requirement_id"":""a7da2d96-da69-43b4-bc16-950864034a4f""}",[],[],[],
occurrence,856e3f57-56c3-4a8b-8067-fcad103bdea7,col151-fa3f27672f1c admin,pending,2026-09-13T02:11:07.910142+00:00,"{""id"":""856e3f57-56c3-4a8b-8067-fcad103bdea7"",""due_at"":""2032-09-05T03:00:00+00:00"",""status"":""pending"",""created_at"":""2026-09-13T02:11:07.910142+00:00"",""subject_id"":""56f3cf25-84ad-4746-934d-a50e371bf561"",""performed_at"":null,""activity_name"":""col151-fa3f27672f1c admin"",""authority_class"":""facility"",""execution_state"":""none"",""effective_receipt_id"":null,""requirement_version_id"":""7954828e-2856-44ae-8a51-5b4d32ed3c93"",""facility_requirement_id"":""a7da2d96-da69-43b4-bc16-950864034a4f""}",[],[],[],
occurrence,8773898d-10fb-4606-80c6-33a2e887e382,col151-fa3f27672f1c admin,pending,2026-09-13T02:11:07.910142+00:00,"{""id"":""8773898d-10fb-4606-80c6-33a2e887e382"",""due_at"":""2033-08-07T03:00:00+00:00"",""status"":""pending"",""created_at"":""2026-09-13T02:11:07.910142+00:00"",""subject_id"":""56f3cf25-84ad-4746-934d-a50e371bf561"",""performed_at"":null,""activity_name"":""col151-fa3f27672f1c admin"",""authority_class"":""facility"",""execution_state"":""none"",""effective_receipt_id"":null,""requirement_version_id"":""7954828e-2856-44ae-8a51-5b4d32ed3c93"",""facility_requirement_id"":""a7da2d96-da69-43b4-bc16-950864034a4f""}",[],[],[],
occurrence,8c2bd97a-74bd-47f3-add8-f6c0cf57a576,col151-fa3f27672f1c admin,pending,2026-09-13T02:11:07.910142+00:00,"{""id"":""8c2bd97a-74bd-47f3-add8-f6c0cf57a576"",""due_at"":""2032-07-18T03:00:00+00:00"",""status"":""pending"",""created_at"":""2026-09-13T02:11:07.910142+00:00"",""subject_id"":""56f3cf25-84ad-4746-934d-a50e371bf561"",""performed_at"":null,""activity_name"":""col151-fa3f27672f1c admin"",""authority_class"":""facility"",""execution_state"":""none"",""effective_receipt_id"":null,""requirement_version_id"":""7954828e-2856-44ae-8a51-5b4d32ed3c93"",""facility_requirement_id"":""a7da2d96-da69-43b4-bc16-950864034a4f""}",[],[],[],
occurrence,92845447-8b6f-4b48-8daa-306b8c96dfb8,col151-fa3f27672f1c admin,pending,2026-09-13T02:11:07.910142+00:00,"{""id"":""92845447-8b6f-4b48-8daa-306b8c96dfb8"",""due_at"":""2033-11-13T04:00:00+00:00"",""status"":""pending"",""created_at"":""2026-09-13T02:11:07.910142+00:00"",""subject_id"":""56f3cf25-84ad-4746-934d-a50e371bf561"",""performed_at"":null,""activity_name"":""col151-fa3f27672f1c admin"",""authority_class"":""facility"",""execution_state"":""none"",""effective_receipt_id"":null,""requirement_version_id"":""7954828e-2856-44ae-8a51-5b4d32ed3c93"",""facility_requirement_id"":""a7da2d96-da69-43b4-bc16-950864034a4f""}",[],[],[],
occurrence,93646787-2745-4c83-a6b3-9ca7fc3912ab,col151-fa3f27672f1c admin,pending,2026-09-13T02:11:07.910142+00:00,"{""id"":""93646787-2745-4c83-a6b3-9ca7fc3912ab"",""due_at"":""2033-10-23T03:00:00+00:00"",""status"":""pending"",""created_at"":""2026-09-13T02:11:07.910142+00:00"",""subject_id"":""56f3cf25-84ad-4746-934d-a50e371bf561"",""performed_at"":null,""activity_name"":""col151-fa3f27672f1c admin"",""authority_class"":""facility"",""execution_state"":""none"",""effective_receipt_id"":null,""requirement_version_id"":""7954828e-2856-44ae-8a51-5b4d32ed3c93"",""facility_requirement_id"":""a7da2d96-da69-43b4-bc16-950864034a4f""}",[],[],[],
occurrence,94ebf198-4bfe-4e08-9b24-c1c64401a07b,col151-fa3f27672f1c admin,pending,2026-09-13T02:11:07.910142+00:00,"{""id"":""94ebf198-4bfe-4e08-9b24-c1c64401a07b"",""due_at"":""2033-10-09T03:00:00+00:00"",""status"":""pending"",""created_at"":""2026-09-13T02:11:07.910142+00:00"",""subject_id"":""56f3cf25-84ad-4746-934d-a50e371bf561"",""performed_at"":null,""activity_name"":""col151-fa3f27672f1c admin"",""authority_class"":""facility"",""execution_state"":""none"",""effective_receipt_id"":null,""requirement_version_id"":""7954828e-2856-44ae-8a51-5b4d32ed3c93"",""facility_requirement_id"":""a7da2d96-da69-43b4-bc16-950864034a4f""}",[],[],[],
occurrence,9bb1ab0c-919b-4fb7-9bab-d09a4c499ac7,col151-fa3f27672f1c admin,pending,2026-09-13T02:11:07.910142+00:00,"{""id"":""9bb1ab0c-919b-4fb7-9bab-d09a4c499ac7"",""due_at"":""2033-07-17T03:00:00+00:00"",""status"":""pending"",""created_at"":""2026-09-13T02:11:07.910142+00:00"",""subject_id"":""56f3cf25-84ad-4746-934d-a50e371bf561"",""performed_at"":null,""activity_name"":""col151-fa3f27672f1c admin"",""authority_class"":""facility"",""execution_state"":""none"",""effective_receipt_id"":null,""requirement_version_id"":""7954828e-2856-44ae-8a51-5b4d32ed3c93"",""facility_requirement_id"":""a7da2d96-da69-43b4-bc16-950864034a4f""}",[],[],[],
occurrence,9c2fd30f-462d-4bee-a7cf-12a0cbe34998,col151-fa3f27672f1c admin,pending,2026-09-13T02:11:07.910142+00:00,"{""id"":""9c2fd30f-462d-4bee-a7cf-12a0cbe34998"",""due_at"":""2033-03-13T04:00:00+00:00"",""status"":""pending"",""created_at"":""2026-09-13T02:11:07.910142+00:00"",""subject_id"":""56f3cf25-84ad-4746-934d-a50e371bf561"",""performed_at"":null,""activity_name"":""col151-fa3f27672f1c admin"",""authority_class"":""facility"",""execution_state"":""none"",""effective_receipt_id"":null,""requirement_version_id"":""7954828e-2856-44ae-8a51-5b4d32ed3c93"",""facility_requirement_id"":""a7da2d96-da69-43b4-bc16-950864034a4f""}",[],[],[],
occurrence,9d7ef516-afd1-4b27-a8a9-b2a1a723a109,col151-fa3f27672f1c admin,pending,2026-09-13T02:11:07.910142+00:00,"{""id"":""9d7ef516-afd1-4b27-a8a9-b2a1a723a109"",""due_at"":""2033-05-01T03:00:00+00:00"",""status"":""pending"",""created_at"":""2026-09-13T02:11:07.910142+00:00"",""subject_id"":""56f3cf25-84ad-4746-934d-a50e371bf561"",""performed_at"":null,""activity_name"":""col151-fa3f27672f1c admin"",""authority_class"":""facility"",""execution_state"":""none"",""effective_receipt_id"":null,""requirement_version_id"":""7954828e-2856-44ae-8a51-5b4d32ed3c93"",""facility_requirement_id"":""a7da2d96-da69-43b4-bc16-950864034a4f""}",[],[],[],
occurrence,9f4d6517-6494-41ab-9c3f-094ed4653145,col151-fa3f27672f1c admin,pending,2026-09-13T02:11:07.910142+00:00,"{""id"":""9f4d6517-6494-41ab-9c3f-094ed4653145"",""due_at"":""2034-05-14T03:00:00+00:00"",""status"":""pending"",""created_at"":""2026-09-13T02:11:07.910142+00:00"",""subject_id"":""56f3cf25-84ad-4746-934d-a50e371bf561"",""performed_at"":null,""activity_name"":""col151-fa3f27672f1c admin"",""authority_class"":""facility"",""execution_state"":""none"",""effective_receipt_id"":null,""requirement_version_id"":""7954828e-2856-44ae-8a51-5b4d32ed3c93"",""facility_requirement_id"":""a7da2d96-da69-43b4-bc16-950864034a4f""}",[],[],[],
occurrence,a2e6005c-a390-4deb-bd8a-c8557d763a19,col151-fa3f27672f1c admin,pending,2026-09-13T02:11:07.910142+00:00,"{""id"":""a2e6005c-a390-4deb-bd8a-c8557d763a19"",""due_at"":""2032-10-03T03:00:00+00:00"",""status"":""pending"",""created_at"":""2026-09-13T02:11:07.910142+00:00"",""subject_id"":""56f3cf25-84ad-4746-934d-a50e371bf561"",""performed_at"":null,""activity_name"":""col151-fa3f27672f1c admin"",""authority_class"":""facility"",""execution_state"":""none"",""effective_receipt_id"":null,""requirement_version_id"":""7954828e-2856-44ae-8a51-5b4d32ed3c93"",""facility_requirement_id"":""a7da2d96-da69-43b4-bc16-950864034a4f""}",[],[],[],
occurrence,a39aac0d-8b61-451d-88f8-6140919c579e,col151-fa3f27672f1c admin,pending,2026-09-13T02:11:07.910142+00:00,"{""id"":""a39aac0d-8b61-451d-88f8-6140919c579e"",""due_at"":""2033-11-27T04:00:00+00:00"",""status"":""pending"",""created_at"":""2026-09-13T02:11:07.910142+00:00"",""subject_id"":""56f3cf25-84ad-4746-934d-a50e371bf561"",""performed_at"":null,""activity_name"":""col151-fa3f27672f1c admin"",""authority_class"":""facility"",""execution_state"":""none"",""effective_receipt_id"":null,""requirement_version_id"":""7954828e-2856-44ae-8a51-5b4d32ed3c93"",""facility_requirement_id"":""a7da2d96-da69-43b4-bc16-950864034a4f""}",[],[],[],
occurrence,a6755670-afaa-42f1-ba1d-2aecff781861,col151-fa3f27672f1c admin,pending,2026-09-13T02:11:07.910142+00:00,"{""id"":""a6755670-afaa-42f1-ba1d-2aecff781861"",""due_at"":""2033-04-03T03:00:00+00:00"",""status"":""pending"",""created_at"":""2026-09-13T02:11:07.910142+00:00"",""subject_id"":""56f3cf25-84ad-4746-934d-a50e371bf561"",""performed_at"":null,""activity_name"":""col151-fa3f27672f1c admin"",""authority_class"":""facility"",""execution_state"":""none"",""effective_receipt_id"":null,""requirement_version_id"":""7954828e-2856-44ae-8a51-5b4d32ed3c93"",""facility_requirement_id"":""a7da2d96-da69-43b4-bc16-950864034a4f""}",[],[],[],
occurrence,a82f810a-771b-4b9a-8a8d-babf5da81a43,col151-fa3f27672f1c admin,pending,2026-09-13T02:11:07.910142+00:00,"{""id"":""a82f810a-771b-4b9a-8a8d-babf5da81a43"",""due_at"":""2033-06-19T03:00:00+00:00"",""status"":""pending"",""created_at"":""2026-09-13T02:11:07.910142+00:00"",""subject_id"":""56f3cf25-84ad-4746-934d-a50e371bf561"",""performed_at"":null,""activity_name"":""col151-fa3f27672f1c admin"",""authority_class"":""facility"",""execution_state"":""none"",""effective_receipt_id"":null,""requirement_version_id"":""7954828e-2856-44ae-8a51-5b4d32ed3c93"",""facility_requirement_id"":""a7da2d96-da69-43b4-bc16-950864034a4f""}",[],[],[],
occurrence,a9b6aa46-4c10-4b8a-8ca3-c5701070cc77,col151-fa3f27672f1c admin,pending,2026-09-13T02:11:07.910142+00:00,"{""id"":""a9b6aa46-4c10-4b8a-8ca3-c5701070cc77"",""due_at"":""2034-02-19T04:00:00+00:00"",""status"":""pending"",""created_at"":""2026-09-13T02:11:07.910142+00:00"",""subject_id"":""56f3cf25-84ad-4746-934d-a50e371bf561"",""performed_at"":null,""activity_name"":""col151-fa3f27672f1c admin"",""authority_class"":""facility"",""execution_state"":""none"",""effective_receipt_id"":null,""requirement_version_id"":""7954828e-2856-44ae-8a51-5b4d32ed3c93"",""facility_requirement_id"":""a7da2d96-da69-43b4-bc16-950864034a4f""}",[],[],[],
occurrence,aa7b30b8-2cf3-4b35-84ca-4c6372bf4d0c,col151-fa3f27672f1c admin,pending,2026-09-13T02:11:07.910142+00:00,"{""id"":""aa7b30b8-2cf3-4b35-84ca-4c6372bf4d0c"",""due_at"":""2033-05-22T03:00:00+00:00"",""status"":""pending"",""created_at"":""2026-09-13T02:11:07.910142+00:00"",""subject_id"":""56f3cf25-84ad-4746-934d-a50e371bf561"",""performed_at"":null,""activity_name"":""col151-fa3f27672f1c admin"",""authority_class"":""facility"",""execution_state"":""none"",""effective_receipt_id"":null,""requirement_version_id"":""7954828e-2856-44ae-8a51-5b4d32ed3c93"",""facility_requirement_id"":""a7da2d96-da69-43b4-bc16-950864034a4f""}",[],[],[],
occurrence,ad502d6b-c024-4b60-9d28-bb88c1bd632a,col151-fa3f27672f1c admin,pending,2026-09-13T02:11:07.910142+00:00,"{""id"":""ad502d6b-c024-4b60-9d28-bb88c1bd632a"",""due_at"":""2033-08-14T03:00:00+00:00"",""status"":""pending"",""created_at"":""2026-09-13T02:11:07.910142+00:00"",""subject_id"":""56f3cf25-84ad-4746-934d-a50e371bf561"",""performed_at"":null,""activity_name"":""col151-fa3f27672f1c admin"",""authority_class"":""facility"",""execution_state"":""none"",""effective_receipt_id"":null,""requirement_version_id"":""7954828e-2856-44ae-8a51-5b4d32ed3c93"",""facility_requirement_id"":""a7da2d96-da69-43b4-bc16-950864034a4f""}",[],[],[],
occurrence,b038129f-0fe7-4baf-8e62-1fa634424881,col151-fa3f27672f1c admin,pending,2026-09-13T02:11:07.910142+00:00,"{""id"":""b038129f-0fe7-4baf-8e62-1fa634424881"",""due_at"":""2033-01-16T04:00:00+00:00"",""status"":""pending"",""created_at"":""2026-09-13T02:11:07.910142+00:00"",""subject_id"":""56f3cf25-84ad-4746-934d-a50e371bf561"",""performed_at"":null,""activity_name"":""col151-fa3f27672f1c admin"",""authority_class"":""facility"",""execution_state"":""none"",""effective_receipt_id"":null,""requirement_version_id"":""7954828e-2856-44ae-8a51-5b4d32ed3c93"",""facility_requirement_id"":""a7da2d96-da69-43b4-bc16-950864034a4f""}",[],[],[],
occurrence,b7fa3284-e73a-4df6-98bf-3781be2889cf,col151-fa3f27672f1c admin,pending,2026-09-13T02:11:07.910142+00:00,"{""id"":""b7fa3284-e73a-4df6-98bf-3781be2889cf"",""due_at"":""2033-09-11T03:00:00+00:00"",""status"":""pending"",""created_at"":""2026-09-13T02:11:07.910142+00:00"",""subject_id"":""56f3cf25-84ad-4746-934d-a50e371bf561"",""performed_at"":null,""activity_name"":""col151-fa3f27672f1c admin"",""authority_class"":""facility"",""execution_state"":""none"",""effective_receipt_id"":null,""requirement_version_id"":""7954828e-2856-44ae-8a51-5b4d32ed3c93"",""facility_requirement_id"":""a7da2d96-da69-43b4-bc16-950864034a4f""}",[],[],[],
occurrence,c4a93fda-236a-429f-8d29-8095b280b066,col151-fa3f27672f1c admin,pending,2026-09-13T02:11:07.910142+00:00,"{""id"":""c4a93fda-236a-429f-8d29-8095b280b066"",""due_at"":""2033-05-15T03:00:00+00:00"",""status"":""pending"",""created_at"":""2026-09-13T02:11:07.910142+00:00"",""subject_id"":""56f3cf25-84ad-4746-934d-a50e371bf561"",""performed_at"":null,""activity_name"":""col151-fa3f27672f1c admin"",""authority_class"":""facility"",""execution_state"":""none"",""effective_receipt_id"":null,""requirement_version_id"":""7954828e-2856-44ae-8a51-5b4d32ed3c93"",""facility_requirement_id"":""a7da2d96-da69-43b4-bc16-950864034a4f""}",[],[],[],
occurrence,c6b38824-2ea2-4883-94f3-702b47a0ab7c,col151-fa3f27672f1c admin,pending,2026-09-13T02:11:07.910142+00:00,"{""id"":""c6b38824-2ea2-4883-94f3-702b47a0ab7c"",""due_at"":""2033-01-30T04:00:00+00:00"",""status"":""pending"",""created_at"":""2026-09-13T02:11:07.910142+00:00"",""subject_id"":""56f3cf25-84ad-4746-934d-a50e371bf561"",""performed_at"":null,""activity_name"":""col151-fa3f27672f1c admin"",""authority_class"":""facility"",""execution_state"":""none"",""effective_receipt_id"":null,""requirement_version_id"":""7954828e-2856-44ae-8a51-5b4d32ed3c93"",""facility_requirement_id"":""a7da2d96-da69-43b4-bc16-950864034a4f""}",[],[],[],
occurrence,c76b2578-0a1b-47e7-8f6c-9d92bf079d53,col151-fa3f27672f1c admin,pending,2026-09-13T02:11:07.910142+00:00,"{""id"":""c76b2578-0a1b-47e7-8f6c-9d92bf079d53"",""due_at"":""2033-04-24T03:00:00+00:00"",""status"":""pending"",""created_at"":""2026-09-13T02:11:07.910142+00:00"",""subject_id"":""56f3cf25-84ad-4746-934d-a50e371bf561"",""performed_at"":null,""activity_name"":""col151-fa3f27672f1c admin"",""authority_class"":""facility"",""execution_state"":""none"",""effective_receipt_id"":null,""requirement_version_id"":""7954828e-2856-44ae-8a51-5b4d32ed3c93"",""facility_requirement_id"":""a7da2d96-da69-43b4-bc16-950864034a4f""}",[],[],[],
occurrence,c94faa02-cf6a-4316-ae2d-9c7645638520,col151-fa3f27672f1c admin,pending,2026-09-13T02:11:07.910142+00:00,"{""id"":""c94faa02-cf6a-4316-ae2d-9c7645638520"",""due_at"":""2033-10-02T03:00:00+00:00"",""status"":""pending"",""created_at"":""2026-09-13T02:11:07.910142+00:00"",""subject_id"":""56f3cf25-84ad-4746-934d-a50e371bf561"",""performed_at"":null,""activity_name"":""col151-fa3f27672f1c admin"",""authority_class"":""facility"",""execution_state"":""none"",""effective_receipt_id"":null,""requirement_version_id"":""7954828e-2856-44ae-8a51-5b4d32ed3c93"",""facility_requirement_id"":""a7da2d96-da69-43b4-bc16-950864034a4f""}",[],[],[],
occurrence,caa1f37d-ae15-44cc-bf3a-5e13d98631ef,col151-fa3f27672f1c admin,pending,2026-09-13T02:11:07.910142+00:00,"{""id"":""caa1f37d-ae15-44cc-bf3a-5e13d98631ef"",""due_at"":""2032-07-04T03:00:00+00:00"",""status"":""pending"",""created_at"":""2026-09-13T02:11:07.910142+00:00"",""subject_id"":""56f3cf25-84ad-4746-934d-a50e371bf561"",""performed_at"":null,""activity_name"":""col151-fa3f27672f1c admin"",""authority_class"":""facility"",""execution_state"":""none"",""effective_receipt_id"":null,""requirement_version_id"":""7954828e-2856-44ae-8a51-5b4d32ed3c93"",""facility_requirement_id"":""a7da2d96-da69-43b4-bc16-950864034a4f""}",[],[],[],
occurrence,ccfba119-a146-480e-a91a-de7b8f04a430,col151-fa3f27672f1c admin,pending,2026-09-13T02:11:07.910142+00:00,"{""id"":""ccfba119-a146-480e-a91a-de7b8f04a430"",""due_at"":""2032-10-24T03:00:00+00:00"",""status"":""pending"",""created_at"":""2026-09-13T02:11:07.910142+00:00"",""subject_id"":""56f3cf25-84ad-4746-934d-a50e371bf561"",""performed_at"":null,""activity_name"":""col151-fa3f27672f1c admin"",""authority_class"":""facility"",""execution_state"":""none"",""effective_receipt_id"":null,""requirement_version_id"":""7954828e-2856-44ae-8a51-5b4d32ed3c93"",""facility_requirement_id"":""a7da2d96-da69-43b4-bc16-950864034a4f""}",[],[],[],
occurrence,d03b8124-13d2-4ac8-b149-5eb43a59b12b,col151-fa3f27672f1c admin,pending,2026-09-13T02:11:07.910142+00:00,"{""id"":""d03b8124-13d2-4ac8-b149-5eb43a59b12b"",""due_at"":""2032-12-12T04:00:00+00:00"",""status"":""pending"",""created_at"":""2026-09-13T02:11:07.910142+00:00"",""subject_id"":""56f3cf25-84ad-4746-934d-a50e371bf561"",""performed_at"":null,""activity_name"":""col151-fa3f27672f1c admin"",""authority_class"":""facility"",""execution_state"":""none"",""effective_receipt_id"":null,""requirement_version_id"":""7954828e-2856-44ae-8a51-5b4d32ed3c93"",""facility_requirement_id"":""a7da2d96-da69-43b4-bc16-950864034a4f""}",[],[],[],
occurrence,d3c3c189-279e-46c5-b8b1-168a345957e4,col151-fa3f27672f1c admin,pending,2026-09-13T02:11:07.910142+00:00,"{""id"":""d3c3c189-279e-46c5-b8b1-168a345957e4"",""due_at"":""2032-12-19T04:00:00+00:00"",""status"":""pending"",""created_at"":""2026-09-13T02:11:07.910142+00:00"",""subject_id"":""56f3cf25-84ad-4746-934d-a50e371bf561"",""performed_at"":null,""activity_name"":""col151-fa3f27672f1c admin"",""authority_class"":""facility"",""execution_state"":""none"",""effective_receipt_id"":null,""requirement_version_id"":""7954828e-2856-44ae-8a51-5b4d32ed3c93"",""facility_requirement_id"":""a7da2d96-da69-43b4-bc16-950864034a4f""}",[],[],[],
occurrence,d563ed21-6d6a-429d-a130-3f171818305f,col151-fa3f27672f1c admin,pending,2026-09-13T02:11:07.910142+00:00,"{""id"":""d563ed21-6d6a-429d-a130-3f171818305f"",""due_at"":""2033-04-10T03:00:00+00:00"",""status"":""pending"",""created_at"":""2026-09-13T02:11:07.910142+00:00"",""subject_id"":""56f3cf25-84ad-4746-934d-a50e371bf561"",""performed_at"":null,""activity_name"":""col151-fa3f27672f1c admin"",""authority_class"":""facility"",""execution_state"":""none"",""effective_receipt_id"":null,""requirement_version_id"":""7954828e-2856-44ae-8a51-5b4d32ed3c93"",""facility_requirement_id"":""a7da2d96-da69-43b4-bc16-950864034a4f""}",[],[],[],
occurrence,d61ef249-b1af-4b6d-8bbe-f6d8e71a33f3,col151-fa3f27672f1c admin,pending,2026-09-13T02:11:07.910142+00:00,"{""id"":""d61ef249-b1af-4b6d-8bbe-f6d8e71a33f3"",""due_at"":""2033-01-02T04:00:00+00:00"",""status"":""pending"",""created_at"":""2026-09-13T02:11:07.910142+00:00"",""subject_id"":""56f3cf25-84ad-4746-934d-a50e371bf561"",""performed_at"":null,""activity_name"":""col151-fa3f27672f1c admin"",""authority_class"":""facility"",""execution_state"":""none"",""effective_receipt_id"":null,""requirement_version_id"":""7954828e-2856-44ae-8a51-5b4d32ed3c93"",""facility_requirement_id"":""a7da2d96-da69-43b4-bc16-950864034a4f""}",[],[],[],
occurrence,d6f78575-fd5e-402e-b153-aa76b567f075,col151-fa3f27672f1c admin,pending,2026-09-13T02:11:07.910142+00:00,"{""id"":""d6f78575-fd5e-402e-b153-aa76b567f075"",""due_at"":""2034-04-16T03:00:00+00:00"",""status"":""pending"",""created_at"":""2026-09-13T02:11:07.910142+00:00"",""subject_id"":""56f3cf25-84ad-4746-934d-a50e371bf561"",""performed_at"":null,""activity_name"":""col151-fa3f27672f1c admin"",""authority_class"":""facility"",""execution_state"":""none"",""effective_receipt_id"":null,""requirement_version_id"":""7954828e-2856-44ae-8a51-5b4d32ed3c93"",""facility_requirement_id"":""a7da2d96-da69-43b4-bc16-950864034a4f""}",[],[],[],
occurrence,d91bc138-bd1c-4e3e-bf63-192db1b76eff,col151-fa3f27672f1c admin,pending,2026-09-13T02:11:07.910142+00:00,"{""id"":""d91bc138-bd1c-4e3e-bf63-192db1b76eff"",""due_at"":""2032-11-28T04:00:00+00:00"",""status"":""pending"",""created_at"":""2026-09-13T02:11:07.910142+00:00"",""subject_id"":""56f3cf25-84ad-4746-934d-a50e371bf561"",""performed_at"":null,""activity_name"":""col151-fa3f27672f1c admin"",""authority_class"":""facility"",""execution_state"":""none"",""effective_receipt_id"":null,""requirement_version_id"":""7954828e-2856-44ae-8a51-5b4d32ed3c93"",""facility_requirement_id"":""a7da2d96-da69-43b4-bc16-950864034a4f""}",[],[],[],
occurrence,da5b988f-6073-4fad-94d0-2e0f7b0dc941,col151-fa3f27672f1c admin,pending,2026-09-13T02:11:07.910142+00:00,"{""id"":""da5b988f-6073-4fad-94d0-2e0f7b0dc941"",""due_at"":""2033-11-20T04:00:00+00:00"",""status"":""pending"",""created_at"":""2026-09-13T02:11:07.910142+00:00"",""subject_id"":""56f3cf25-84ad-4746-934d-a50e371bf561"",""performed_at"":null,""activity_name"":""col151-fa3f27672f1c admin"",""authority_class"":""facility"",""execution_state"":""none"",""effective_receipt_id"":null,""requirement_version_id"":""7954828e-2856-44ae-8a51-5b4d32ed3c93"",""facility_requirement_id"":""a7da2d96-da69-43b4-bc16-950864034a4f""}",[],[],[],
occurrence,db12bf96-833c-4a94-9f19-77a39efbf537,col151-fa3f27672f1c admin,pending,2026-09-13T02:11:07.910142+00:00,"{""id"":""db12bf96-833c-4a94-9f19-77a39efbf537"",""due_at"":""2033-05-08T03:00:00+00:00"",""status"":""pending"",""created_at"":""2026-09-13T02:11:07.910142+00:00"",""subject_id"":""56f3cf25-84ad-4746-934d-a50e371bf561"",""performed_at"":null,""activity_name"":""col151-fa3f27672f1c admin"",""authority_class"":""facility"",""execution_state"":""none"",""effective_receipt_id"":null,""requirement_version_id"":""7954828e-2856-44ae-8a51-5b4d32ed3c93"",""facility_requirement_id"":""a7da2d96-da69-43b4-bc16-950864034a4f""}",[],[],[],
occurrence,df13ba7f-f864-4104-a387-a19a2ce21ea9,col151-fa3f27672f1c admin,pending,2026-09-13T02:11:07.910142+00:00,"{""id"":""df13ba7f-f864-4104-a387-a19a2ce21ea9"",""due_at"":""2033-05-29T03:00:00+00:00"",""status"":""pending"",""created_at"":""2026-09-13T02:11:07.910142+00:00"",""subject_id"":""56f3cf25-84ad-4746-934d-a50e371bf561"",""performed_at"":null,""activity_name"":""col151-fa3f27672f1c admin"",""authority_class"":""facility"",""execution_state"":""none"",""effective_receipt_id"":null,""requirement_version_id"":""7954828e-2856-44ae-8a51-5b4d32ed3c93"",""facility_requirement_id"":""a7da2d96-da69-43b4-bc16-950864034a4f""}",[],[],[],
occurrence,e4cfaec9-e6a2-409e-a93b-baf30b82759b,col151-fa3f27672f1c admin,pending,2026-09-13T02:11:07.910142+00:00,"{""id"":""e4cfaec9-e6a2-409e-a93b-baf30b82759b"",""due_at"":""2033-03-06T04:00:00+00:00"",""status"":""pending"",""created_at"":""2026-09-13T02:11:07.910142+00:00"",""subject_id"":""56f3cf25-84ad-4746-934d-a50e371bf561"",""performed_at"":null,""activity_name"":""col151-fa3f27672f1c admin"",""authority_class"":""facility"",""execution_state"":""none"",""effective_receipt_id"":null,""requirement_version_id"":""7954828e-2856-44ae-8a51-5b4d32ed3c93"",""facility_requirement_id"":""a7da2d96-da69-43b4-bc16-950864034a4f""}",[],[],[],
occurrence,e595109f-09ad-4c8c-ae1e-3306438c9f62,col151-fa3f27672f1c admin,pending,2026-09-13T02:11:07.910142+00:00,"{""id"":""e595109f-09ad-4c8c-ae1e-3306438c9f62"",""due_at"":""2034-03-12T04:00:00+00:00"",""status"":""pending"",""created_at"":""2026-09-13T02:11:07.910142+00:00"",""subject_id"":""56f3cf25-84ad-4746-934d-a50e371bf561"",""performed_at"":null,""activity_name"":""col151-fa3f27672f1c admin"",""authority_class"":""facility"",""execution_state"":""none"",""effective_receipt_id"":null,""requirement_version_id"":""7954828e-2856-44ae-8a51-5b4d32ed3c93"",""facility_requirement_id"":""a7da2d96-da69-43b4-bc16-950864034a4f""}",[],[],[],
occurrence,e919adb9-3d7c-4c2c-b7b3-916f7c3f726c,col151-fa3f27672f1c admin,pending,2026-09-13T02:11:07.910142+00:00,"{""id"":""e919adb9-3d7c-4c2c-b7b3-916f7c3f726c"",""due_at"":""2033-02-20T04:00:00+00:00"",""status"":""pending"",""created_at"":""2026-09-13T02:11:07.910142+00:00"",""subject_id"":""56f3cf25-84ad-4746-934d-a50e371bf561"",""performed_at"":null,""activity_name"":""col151-fa3f27672f1c admin"",""authority_class"":""facility"",""execution_state"":""none"",""effective_receipt_id"":null,""requirement_version_id"":""7954828e-2856-44ae-8a51-5b4d32ed3c93"",""facility_requirement_id"":""a7da2d96-da69-43b4-bc16-950864034a4f""}",[],[],[],
occurrence,eb7e389b-80e4-4471-a2bc-38ba0619dd3a,col151-fa3f27672f1c admin,pending,2026-09-13T02:11:07.910142+00:00,"{""id"":""eb7e389b-80e4-4471-a2bc-38ba0619dd3a"",""due_at"":""2034-03-05T04:00:00+00:00"",""status"":""pending"",""created_at"":""2026-09-13T02:11:07.910142+00:00"",""subject_id"":""56f3cf25-84ad-4746-934d-a50e371bf561"",""performed_at"":null,""activity_name"":""col151-fa3f27672f1c admin"",""authority_class"":""facility"",""execution_state"":""none"",""effective_receipt_id"":null,""requirement_version_id"":""7954828e-2856-44ae-8a51-5b4d32ed3c93"",""facility_requirement_id"":""a7da2d96-da69-43b4-bc16-950864034a4f""}",[],[],[],
occurrence,ee723035-aee9-4ed4-8982-cdc6361c6756,col151-fa3f27672f1c admin,pending,2026-09-13T02:11:07.910142+00:00,"{""id"":""ee723035-aee9-4ed4-8982-cdc6361c6756"",""due_at"":""2033-09-18T03:00:00+00:00"",""status"":""pending"",""created_at"":""2026-09-13T02:11:07.910142+00:00"",""subject_id"":""56f3cf25-84ad-4746-934d-a50e371bf561"",""performed_at"":null,""activity_name"":""col151-fa3f27672f1c admin"",""authority_class"":""facility"",""execution_state"":""none"",""effective_receipt_id"":null,""requirement_version_id"":""7954828e-2856-44ae-8a51-5b4d32ed3c93"",""facility_requirement_id"":""a7da2d96-da69-43b4-bc16-950864034a4f""}",[],[],[],
occurrence,f0efd93a-040a-447e-a323-ec1dad5b1571,col151-fa3f27672f1c admin,pending,2026-09-13T02:11:07.910142+00:00,"{""id"":""f0efd93a-040a-447e-a323-ec1dad5b1571"",""due_at"":""2033-06-05T03:00:00+00:00"",""status"":""pending"",""created_at"":""2026-09-13T02:11:07.910142+00:00"",""subject_id"":""56f3cf25-84ad-4746-934d-a50e371bf561"",""performed_at"":null,""activity_name"":""col151-fa3f27672f1c admin"",""authority_class"":""facility"",""execution_state"":""none"",""effective_receipt_id"":null,""requirement_version_id"":""7954828e-2856-44ae-8a51-5b4d32ed3c93"",""facility_requirement_id"":""a7da2d96-da69-43b4-bc16-950864034a4f""}",[],[],[],
occurrence,f3832585-c671-47b7-b672-4ea30087d1ed,col151-fa3f27672f1c admin,pending,2026-09-13T02:11:07.910142+00:00,"{""id"":""f3832585-c671-47b7-b672-4ea30087d1ed"",""due_at"":""2033-12-04T04:00:00+00:00"",""status"":""pending"",""created_at"":""2026-09-13T02:11:07.910142+00:00"",""subject_id"":""56f3cf25-84ad-4746-934d-a50e371bf561"",""performed_at"":null,""activity_name"":""col151-fa3f27672f1c admin"",""authority_class"":""facility"",""execution_state"":""none"",""effective_receipt_id"":null,""requirement_version_id"":""7954828e-2856-44ae-8a51-5b4d32ed3c93"",""facility_requirement_id"":""a7da2d96-da69-43b4-bc16-950864034a4f""}",[],[],[],
occurrence,f419cfd8-2177-4c9e-ac05-7d85796f783b,col151-fa3f27672f1c admin,pending,2026-09-13T02:11:07.910142+00:00,"{""id"":""f419cfd8-2177-4c9e-ac05-7d85796f783b"",""due_at"":""2032-10-10T03:00:00+00:00"",""status"":""pending"",""created_at"":""2026-09-13T02:11:07.910142+00:00"",""subject_id"":""56f3cf25-84ad-4746-934d-a50e371bf561"",""performed_at"":null,""activity_name"":""col151-fa3f27672f1c admin"",""authority_class"":""facility"",""execution_state"":""none"",""effective_receipt_id"":null,""requirement_version_id"":""7954828e-2856-44ae-8a51-5b4d32ed3c93"",""facility_requirement_id"":""a7da2d96-da69-43b4-bc16-950864034a4f""}",[],[],[],
occurrence,f601fad1-3728-4f44-a70a-8624da6c9d38,col151-fa3f27672f1c admin,pending,2026-09-13T02:11:07.910142+00:00,"{""id"":""f601fad1-3728-4f44-a70a-8624da6c9d38"",""due_at"":""2033-03-27T03:00:00+00:00"",""status"":""pending"",""created_at"":""2026-09-13T02:11:07.910142+00:00"",""subject_id"":""56f3cf25-84ad-4746-934d-a50e371bf561"",""performed_at"":null,""activity_name"":""col151-fa3f27672f1c admin"",""authority_class"":""facility"",""execution_state"":""none"",""effective_receipt_id"":null,""requirement_version_id"":""7954828e-2856-44ae-8a51-5b4d32ed3c93"",""facility_requirement_id"":""a7da2d96-da69-43b4-bc16-950864034a4f""}",[],[],[],
occurrence,f9d910d1-b2f3-45cc-ae3d-46f05556d893,col151-fa3f27672f1c admin,pending,2026-09-13T02:11:07.910142+00:00,"{""id"":""f9d910d1-b2f3-45cc-ae3d-46f05556d893"",""due_at"":""2033-02-27T04:00:00+00:00"",""status"":""pending"",""created_at"":""2026-09-13T02:11:07.910142+00:00"",""subject_id"":""56f3cf25-84ad-4746-934d-a50e371bf561"",""performed_at"":null,""activity_name"":""col151-fa3f27672f1c admin"",""authority_class"":""facility"",""execution_state"":""none"",""effective_receipt_id"":null,""requirement_version_id"":""7954828e-2856-44ae-8a51-5b4d32ed3c93"",""facility_requirement_id"":""a7da2d96-da69-43b4-bc16-950864034a4f""}",[],[],[],
occurrence,ff180fe1-d570-4ef5-8533-9cb78720f885,col151-fa3f27672f1c admin,pending,2026-09-13T02:11:07.910142+00:00,"{""id"":""ff180fe1-d570-4ef5-8533-9cb78720f885"",""due_at"":""2032-07-25T03:00:00+00:00"",""status"":""pending"",""created_at"":""2026-09-13T02:11:07.910142+00:00"",""subject_id"":""56f3cf25-84ad-4746-934d-a50e371bf561"",""performed_at"":null,""activity_name"":""col151-fa3f27672f1c admin"",""authority_class"":""facility"",""execution_state"":""none"",""effective_receipt_id"":null,""requirement_version_id"":""7954828e-2856-44ae-8a51-5b4d32ed3c93"",""facility_requirement_id"":""a7da2d96-da69-43b4-bc16-950864034a4f""}",[],[],[],
occurrence,02e2b3d7-6337-422b-b715-2b2c5567871b,col151-fa3f27672f1c admin,pending,2026-09-13T02:11:08.342845+00:00,"{""id"":""02e2b3d7-6337-422b-b715-2b2c5567871b"",""due_at"":""2035-01-14T04:00:00+00:00"",""status"":""pending"",""created_at"":""2026-09-13T02:11:08.342845+00:00"",""subject_id"":""56f3cf25-84ad-4746-934d-a50e371bf561"",""performed_at"":null,""activity_name"":""col151-fa3f27672f1c admin"",""authority_class"":""facility"",""execution_state"":""none"",""effective_receipt_id"":null,""requirement_version_id"":""7954828e-2856-44ae-8a51-5b4d32ed3c93"",""facility_requirement_id"":""a7da2d96-da69-43b4-bc16-950864034a4f""}",[],[],[],
occurrence,04fd66d1-cc50-452c-be60-09ff6be6bfd4,col151-fa3f27672f1c admin,pending,2026-09-13T02:11:08.342845+00:00,"{""id"":""04fd66d1-cc50-452c-be60-09ff6be6bfd4"",""due_at"":""2034-05-28T03:00:00+00:00"",""status"":""pending"",""created_at"":""2026-09-13T02:11:08.342845+00:00"",""subject_id"":""56f3cf25-84ad-4746-934d-a50e371bf561"",""performed_at"":null,""activity_name"":""col151-fa3f27672f1c admin"",""authority_class"":""facility"",""execution_state"":""none"",""effective_receipt_id"":null,""requirement_version_id"":""7954828e-2856-44ae-8a51-5b4d32ed3c93"",""facility_requirement_id"":""a7da2d96-da69-43b4-bc16-950864034a4f""}",[],[],[],
occurrence,08186af1-adec-46e0-9026-5458fa377e95,col151-fa3f27672f1c admin,pending,2026-09-13T02:11:08.342845+00:00,"{""id"":""08186af1-adec-46e0-9026-5458fa377e95"",""due_at"":""2036-03-23T03:00:00+00:00"",""status"":""pending"",""created_at"":""2026-09-13T02:11:08.342845+00:00"",""subject_id"":""56f3cf25-84ad-4746-934d-a50e371bf561"",""performed_at"":null,""activity_name"":""col151-fa3f27672f1c admin"",""authority_class"":""facility"",""execution_state"":""none"",""effective_receipt_id"":null,""requirement_version_id"":""7954828e-2856-44ae-8a51-5b4d32ed3c93"",""facility_requirement_id"":""a7da2d96-da69-43b4-bc16-950864034a4f""}",[],[],[],
occurrence,0958b27e-7531-4887-b4db-d9018ce03181,col151-fa3f27672f1c admin,pending,2026-09-13T02:11:08.342845+00:00,"{""id"":""0958b27e-7531-4887-b4db-d9018ce03181"",""due_at"":""2034-10-29T03:00:00+00:00"",""status"":""pending"",""created_at"":""2026-09-13T02:11:08.342845+00:00"",""subject_id"":""56f3cf25-84ad-4746-934d-a50e371bf561"",""performed_at"":null,""activity_name"":""col151-fa3f27672f1c admin"",""authority_class"":""facility"",""execution_state"":""none"",""effective_receipt_id"":null,""requirement_version_id"":""7954828e-2856-44ae-8a51-5b4d32ed3c93"",""facility_requirement_id"":""a7da2d96-da69-43b4-bc16-950864034a4f""}",[],[],[],
occurrence,0a0e14a6-9bde-407b-ba61-6bbc39c98edc,col151-fa3f27672f1c admin,pending,2026-09-13T02:11:08.342845+00:00,"{""id"":""0a0e14a6-9bde-407b-ba61-6bbc39c98edc"",""due_at"":""2036-01-20T04:00:00+00:00"",""status"":""pending"",""created_at"":""2026-09-13T02:11:08.342845+00:00"",""subject_id"":""56f3cf25-84ad-4746-934d-a50e371bf561"",""performed_at"":null,""activity_name"":""col151-fa3f27672f1c admin"",""authority_class"":""facility"",""execution_state"":""none"",""effective_receipt_id"":null,""requirement_version_id"":""7954828e-2856-44ae-8a51-5b4d32ed3c93"",""facility_requirement_id"":""a7da2d96-da69-43b4-bc16-950864034a4f""}",[],[],[],
occurrence,1214d277-426d-4103-b7e9-755f4eeb7529,col151-fa3f27672f1c admin,pending,2026-09-13T02:11:08.342845+00:00,"{""id"":""1214d277-426d-4103-b7e9-755f4eeb7529"",""due_at"":""2034-12-10T04:00:00+00:00"",""status"":""pending"",""created_at"":""2026-09-13T02:11:08.342845+00:00"",""subject_id"":""56f3cf25-84ad-4746-934d-a50e371bf561"",""performed_at"":null,""activity_name"":""col151-fa3f27672f1c admin"",""authority_class"":""facility"",""execution_state"":""none"",""effective_receipt_id"":null,""requirement_version_id"":""7954828e-2856-44ae-8a51-5b4d32ed3c93"",""facility_requirement_id"":""a7da2d96-da69-43b4-bc16-950864034a4f""}",[],[],[],
occurrence,12b6ab16-9820-4849-994e-11229af1b87f,col151-fa3f27672f1c admin,pending,2026-09-13T02:11:08.342845+00:00,"{""id"":""12b6ab16-9820-4849-994e-11229af1b87f"",""due_at"":""2036-01-27T04:00:00+00:00"",""status"":""pending"",""created_at"":""2026-09-13T02:11:08.342845+00:00"",""subject_id"":""56f3cf25-84ad-4746-934d-a50e371bf561"",""performed_at"":null,""activity_name"":""col151-fa3f27672f1c admin"",""authority_class"":""facility"",""execution_state"":""none"",""effective_receipt_id"":null,""requirement_version_id"":""7954828e-2856-44ae-8a51-5b4d32ed3c93"",""facility_requirement_id"":""a7da2d96-da69-43b4-bc16-950864034a4f""}",[],[],[],
occurrence,12dc2396-2bb5-401d-b43e-a2dca820d049,col151-fa3f27672f1c admin,pending,2026-09-13T02:11:08.342845+00:00,"{""id"":""12dc2396-2bb5-401d-b43e-a2dca820d049"",""due_at"":""2035-04-29T03:00:00+00:00"",""status"":""pending"",""created_at"":""2026-09-13T02:11:08.342845+00:00"",""subject_id"":""56f3cf25-84ad-4746-934d-a50e371bf561"",""performed_at"":null,""activity_name"":""col151-fa3f27672f1c admin"",""authority_class"":""facility"",""execution_state"":""none"",""effective_receipt_id"":null,""requirement_version_id"":""7954828e-2856-44ae-8a51-5b4d32ed3c93"",""facility_requirement_id"":""a7da2d96-da69-43b4-bc16-950864034a4f""}",[],[],[],
occurrence,1a6835a5-4e27-4dd7-895a-7bce7b5012d3,col151-fa3f27672f1c admin,pending,2026-09-13T02:11:08.342845+00:00,"{""id"":""1a6835a5-4e27-4dd7-895a-7bce7b5012d3"",""due_at"":""2035-12-16T04:00:00+00:00"",""status"":""pending"",""created_at"":""2026-09-13T02:11:08.342845+00:00"",""subject_id"":""56f3cf25-84ad-4746-934d-a50e371bf561"",""performed_at"":null,""activity_name"":""col151-fa3f27672f1c admin"",""authority_class"":""facility"",""execution_state"":""none"",""effective_receipt_id"":null,""requirement_version_id"":""7954828e-2856-44ae-8a51-5b4d32ed3c93"",""facility_requirement_id"":""a7da2d96-da69-43b4-bc16-950864034a4f""}",[],[],[],
occurrence,1a8ecf27-e696-4441-ba11-e64234f15d73,col151-fa3f27672f1c admin,pending,2026-09-13T02:11:08.342845+00:00,"{""id"":""1a8ecf27-e696-4441-ba11-e64234f15d73"",""due_at"":""2034-08-06T03:00:00+00:00"",""status"":""pending"",""created_at"":""2026-09-13T02:11:08.342845+00:00"",""subject_id"":""56f3cf25-84ad-4746-934d-a50e371bf561"",""performed_at"":null,""activity_name"":""col151-fa3f27672f1c admin"",""authority_class"":""facility"",""execution_state"":""none"",""effective_receipt_id"":null,""requirement_version_id"":""7954828e-2856-44ae-8a51-5b4d32ed3c93"",""facility_requirement_id"":""a7da2d96-da69-43b4-bc16-950864034a4f""}",[],[],[],
occurrence,245c6492-5901-4872-8f9d-80707e034680,col151-fa3f27672f1c admin,pending,2026-09-13T02:11:08.342845+00:00,"{""id"":""245c6492-5901-4872-8f9d-80707e034680"",""due_at"":""2035-07-29T03:00:00+00:00"",""status"":""pending"",""created_at"":""2026-09-13T02:11:08.342845+00:00"",""subject_id"":""56f3cf25-84ad-4746-934d-a50e371bf561"",""performed_at"":null,""activity_name"":""col151-fa3f27672f1c admin"",""authority_class"":""facility"",""execution_state"":""none"",""effective_receipt_id"":null,""requirement_version_id"":""7954828e-2856-44ae-8a51-5b4d32ed3c93"",""facility_requirement_id"":""a7da2d96-da69-43b4-bc16-950864034a4f""}",[],[],[],
occurrence,26856655-e288-4952-a73e-89d98385959c,col151-fa3f27672f1c admin,pending,2026-09-13T02:11:08.342845+00:00,"{""id"":""26856655-e288-4952-a73e-89d98385959c"",""due_at"":""2035-06-17T03:00:00+00:00"",""status"":""pending"",""created_at"":""2026-09-13T02:11:08.342845+00:00"",""subject_id"":""56f3cf25-84ad-4746-934d-a50e371bf561"",""performed_at"":null,""activity_name"":""col151-fa3f27672f1c admin"",""authority_class"":""facility"",""execution_state"":""none"",""effective_receipt_id"":null,""requirement_version_id"":""7954828e-2856-44ae-8a51-5b4d32ed3c93"",""facility_requirement_id"":""a7da2d96-da69-43b4-bc16-950864034a4f""}",[],[],[],
occurrence,299e21b8-02b3-482f-bf72-cc7cc589d0ea,col151-fa3f27672f1c admin,pending,2026-09-13T02:11:08.342845+00:00,"{""id"":""299e21b8-02b3-482f-bf72-cc7cc589d0ea"",""due_at"":""2034-07-23T03:00:00+00:00"",""status"":""pending"",""created_at"":""2026-09-13T02:11:08.342845+00:00"",""subject_id"":""56f3cf25-84ad-4746-934d-a50e371bf561"",""performed_at"":null,""activity_name"":""col151-fa3f27672f1c admin"",""authority_class"":""facility"",""execution_state"":""none"",""effective_receipt_id"":null,""requirement_version_id"":""7954828e-2856-44ae-8a51-5b4d32ed3c93"",""facility_requirement_id"":""a7da2d96-da69-43b4-bc16-950864034a4f""}",[],[],[],
occurrence,29c15765-6f68-4040-828b-f892b4496ed7,col151-fa3f27672f1c admin,pending,2026-09-13T02:11:08.342845+00:00,"{""id"":""29c15765-6f68-4040-828b-f892b4496ed7"",""due_at"":""2035-02-11T04:00:00+00:00"",""status"":""pending"",""created_at"":""2026-09-13T02:11:08.342845+00:00"",""subject_id"":""56f3cf25-84ad-4746-934d-a50e371bf561"",""performed_at"":null,""activity_name"":""col151-fa3f27672f1c admin"",""authority_class"":""facility"",""execution_state"":""none"",""effective_receipt_id"":null,""requirement_version_id"":""7954828e-2856-44ae-8a51-5b4d32ed3c93"",""facility_requirement_id"":""a7da2d96-da69-43b4-bc16-950864034a4f""}",[],[],[],
occurrence,30b91c80-7958-47c1-b91d-3b7bd070c1db,col151-fa3f27672f1c admin,pending,2026-09-13T02:11:08.342845+00:00,"{""id"":""30b91c80-7958-47c1-b91d-3b7bd070c1db"",""due_at"":""2034-12-17T04:00:00+00:00"",""status"":""pending"",""created_at"":""2026-09-13T02:11:08.342845+00:00"",""subject_id"":""56f3cf25-84ad-4746-934d-a50e371bf561"",""performed_at"":null,""activity_name"":""col151-fa3f27672f1c admin"",""authority_class"":""facility"",""execution_state"":""none"",""effective_receipt_id"":null,""requirement_version_id"":""7954828e-2856-44ae-8a51-5b4d32ed3c93"",""facility_requirement_id"":""a7da2d96-da69-43b4-bc16-950864034a4f""}",[],[],[],
occurrence,327df2c9-acc4-4890-adb7-534eeccfb4d5,col151-fa3f27672f1c admin,pending,2026-09-13T02:11:08.342845+00:00,"{""id"":""327df2c9-acc4-4890-adb7-534eeccfb4d5"",""due_at"":""2034-10-22T03:00:00+00:00"",""status"":""pending"",""created_at"":""2026-09-13T02:11:08.342845+00:00"",""subject_id"":""56f3cf25-84ad-4746-934d-a50e371bf561"",""performed_at"":null,""activity_name"":""col151-fa3f27672f1c admin"",""authority_class"":""facility"",""execution_state"":""none"",""effective_receipt_id"":null,""requirement_version_id"":""7954828e-2856-44ae-8a51-5b4d32ed3c93"",""facility_requirement_id"":""a7da2d96-da69-43b4-bc16-950864034a4f""}",[],[],[],
occurrence,32bee8aa-bd3c-42ae-8add-446e5f480d59,col151-fa3f27672f1c admin,pending,2026-09-13T02:11:08.342845+00:00,"{""id"":""32bee8aa-bd3c-42ae-8add-446e5f480d59"",""due_at"":""2035-10-21T03:00:00+00:00"",""status"":""pending"",""created_at"":""2026-09-13T02:11:08.342845+00:00"",""subject_id"":""56f3cf25-84ad-4746-934d-a50e371bf561"",""performed_at"":null,""activity_name"":""col151-fa3f27672f1c admin"",""authority_class"":""facility"",""execution_state"":""none"",""effective_receipt_id"":null,""requirement_version_id"":""7954828e-2856-44ae-8a51-5b4d32ed3c93"",""facility_requirement_id"":""a7da2d96-da69-43b4-bc16-950864034a4f""}",[],[],[],
occurrence,34154301-41ff-49b1-8eca-a860fec6d59e,col151-fa3f27672f1c admin,pending,2026-09-13T02:11:08.342845+00:00,"{""id"":""34154301-41ff-49b1-8eca-a860fec6d59e"",""due_at"":""2035-11-25T04:00:00+00:00"",""status"":""pending"",""created_at"":""2026-09-13T02:11:08.342845+00:00"",""subject_id"":""56f3cf25-84ad-4746-934d-a50e371bf561"",""performed_at"":null,""activity_name"":""col151-fa3f27672f1c admin"",""authority_class"":""facility"",""execution_state"":""none"",""effective_receipt_id"":null,""requirement_version_id"":""7954828e-2856-44ae-8a51-5b4d32ed3c93"",""facility_requirement_id"":""a7da2d96-da69-43b4-bc16-950864034a4f""}",[],[],[],
occurrence,342a04a8-9fa2-4859-bdb4-7abbc84cb989,col151-fa3f27672f1c admin,pending,2026-09-13T02:11:08.342845+00:00,"{""id"":""342a04a8-9fa2-4859-bdb4-7abbc84cb989"",""due_at"":""2036-01-06T04:00:00+00:00"",""status"":""pending"",""created_at"":""2026-09-13T02:11:08.342845+00:00"",""subject_id"":""56f3cf25-84ad-4746-934d-a50e371bf561"",""performed_at"":null,""activity_name"":""col151-fa3f27672f1c admin"",""authority_class"":""facility"",""execution_state"":""none"",""effective_receipt_id"":null,""requirement_version_id"":""7954828e-2856-44ae-8a51-5b4d32ed3c93"",""facility_requirement_id"":""a7da2d96-da69-43b4-bc16-950864034a4f""}",[],[],[],
occurrence,360abeea-8495-45a7-bc83-bce3f1061879,col151-fa3f27672f1c admin,pending,2026-09-13T02:11:08.342845+00:00,"{""id"":""360abeea-8495-45a7-bc83-bce3f1061879"",""due_at"":""2034-08-13T03:00:00+00:00"",""status"":""pending"",""created_at"":""2026-09-13T02:11:08.342845+00:00"",""subject_id"":""56f3cf25-84ad-4746-934d-a50e371bf561"",""performed_at"":null,""activity_name"":""col151-fa3f27672f1c admin"",""authority_class"":""facility"",""execution_state"":""none"",""effective_receipt_id"":null,""requirement_version_id"":""7954828e-2856-44ae-8a51-5b4d32ed3c93"",""facility_requirement_id"":""a7da2d96-da69-43b4-bc16-950864034a4f""}",[],[],[],
occurrence,36ffa586-e4d3-492b-9f41-bb77152dd10a,col151-fa3f27672f1c admin,pending,2026-09-13T02:11:08.342845+00:00,"{""id"":""36ffa586-e4d3-492b-9f41-bb77152dd10a"",""due_at"":""2035-11-04T03:00:00+00:00"",""status"":""pending"",""created_at"":""2026-09-13T02:11:08.342845+00:00"",""subject_id"":""56f3cf25-84ad-4746-934d-a50e371bf561"",""performed_at"":null,""activity_name"":""col151-fa3f27672f1c admin"",""authority_class"":""facility"",""execution_state"":""none"",""effective_receipt_id"":null,""requirement_version_id"":""7954828e-2856-44ae-8a51-5b4d32ed3c93"",""facility_requirement_id"":""a7da2d96-da69-43b4-bc16-950864034a4f""}",[],[],[],
occurrence,38208e40-5c0e-4eab-ba60-d7505041c247,col151-fa3f27672f1c admin,pending,2026-09-13T02:11:08.342845+00:00,"{""id"":""38208e40-5c0e-4eab-ba60-d7505041c247"",""due_at"":""2034-09-24T03:00:00+00:00"",""status"":""pending"",""created_at"":""2026-09-13T02:11:08.342845+00:00"",""subject_id"":""56f3cf25-84ad-4746-934d-a50e371bf561"",""performed_at"":null,""activity_name"":""col151-fa3f27672f1c admin"",""authority_class"":""facility"",""execution_state"":""none"",""effective_receipt_id"":null,""requirement_version_id"":""7954828e-2856-44ae-8a51-5b4d32ed3c93"",""facility_requirement_id"":""a7da2d96-da69-43b4-bc16-950864034a4f""}",[],[],[],
occurrence,3b86e361-d5f7-4c43-9e6a-d6df067daed0,col151-fa3f27672f1c admin,pending,2026-09-13T02:11:08.342845+00:00,"{""id"":""3b86e361-d5f7-4c43-9e6a-d6df067daed0"",""due_at"":""2034-10-01T03:00:00+00:00"",""status"":""pending"",""created_at"":""2026-09-13T02:11:08.342845+00:00"",""subject_id"":""56f3cf25-84ad-4746-934d-a50e371bf561"",""performed_at"":null,""activity_name"":""col151-fa3f27672f1c admin"",""authority_class"":""facility"",""execution_state"":""none"",""effective_receipt_id"":null,""requirement_version_id"":""7954828e-2856-44ae-8a51-5b4d32ed3c93"",""facility_requirement_id"":""a7da2d96-da69-43b4-bc16-950864034a4f""}",[],[],[],
occurrence,3cf9ad60-c668-4846-80c3-4fcfa20bc874,col151-fa3f27672f1c admin,pending,2026-09-13T02:11:08.342845+00:00,"{""id"":""3cf9ad60-c668-4846-80c3-4fcfa20bc874"",""due_at"":""2034-08-20T03:00:00+00:00"",""status"":""pending"",""created_at"":""2026-09-13T02:11:08.342845+00:00"",""subject_id"":""56f3cf25-84ad-4746-934d-a50e371bf561"",""performed_at"":null,""activity_name"":""col151-fa3f27672f1c admin"",""authority_class"":""facility"",""execution_state"":""none"",""effective_receipt_id"":null,""requirement_version_id"":""7954828e-2856-44ae-8a51-5b4d32ed3c93"",""facility_requirement_id"":""a7da2d96-da69-43b4-bc16-950864034a4f""}",[],[],[],
occurrence,3d75e703-5f24-4e53-abab-5f26f5c7e9d7,col151-fa3f27672f1c admin,pending,2026-09-13T02:11:08.342845+00:00,"{""id"":""3d75e703-5f24-4e53-abab-5f26f5c7e9d7"",""due_at"":""2035-12-02T04:00:00+00:00"",""status"":""pending"",""created_at"":""2026-09-13T02:11:08.342845+00:00"",""subject_id"":""56f3cf25-84ad-4746-934d-a50e371bf561"",""performed_at"":null,""activity_name"":""col151-fa3f27672f1c admin"",""authority_class"":""facility"",""execution_state"":""none"",""effective_receipt_id"":null,""requirement_version_id"":""7954828e-2856-44ae-8a51-5b4d32ed3c93"",""facility_requirement_id"":""a7da2d96-da69-43b4-bc16-950864034a4f""}",[],[],[],
occurrence,3d8a9e12-e7ce-4293-9e4c-6c7f2a810c9f,col151-fa3f27672f1c admin,pending,2026-09-13T02:11:08.342845+00:00,"{""id"":""3d8a9e12-e7ce-4293-9e4c-6c7f2a810c9f"",""due_at"":""2035-07-22T03:00:00+00:00"",""status"":""pending"",""created_at"":""2026-09-13T02:11:08.342845+00:00"",""subject_id"":""56f3cf25-84ad-4746-934d-a50e371bf561"",""performed_at"":null,""activity_name"":""col151-fa3f27672f1c admin"",""authority_class"":""facility"",""execution_state"":""none"",""effective_receipt_id"":null,""requirement_version_id"":""7954828e-2856-44ae-8a51-5b4d32ed3c93"",""facility_requirement_id"":""a7da2d96-da69-43b4-bc16-950864034a4f""}",[],[],[],
occurrence,42d5fa2e-f476-4472-84d2-95395d476d7f,col151-fa3f27672f1c admin,pending,2026-09-13T02:11:08.342845+00:00,"{""id"":""42d5fa2e-f476-4472-84d2-95395d476d7f"",""due_at"":""2035-09-09T03:00:00+00:00"",""status"":""pending"",""created_at"":""2026-09-13T02:11:08.342845+00:00"",""subject_id"":""56f3cf25-84ad-4746-934d-a50e371bf561"",""performed_at"":null,""activity_name"":""col151-fa3f27672f1c admin"",""authority_class"":""facility"",""execution_state"":""none"",""effective_receipt_id"":null,""requirement_version_id"":""7954828e-2856-44ae-8a51-5b4d32ed3c93"",""facility_requirement_id"":""a7da2d96-da69-43b4-bc16-950864034a4f""}",[],[],[],
occurrence,49621fbf-0341-4ae7-b35b-327d81213610,col151-fa3f27672f1c admin,pending,2026-09-13T02:11:08.342845+00:00,"{""id"":""49621fbf-0341-4ae7-b35b-327d81213610"",""due_at"":""2035-02-25T04:00:00+00:00"",""status"":""pending"",""created_at"":""2026-09-13T02:11:08.342845+00:00"",""subject_id"":""56f3cf25-84ad-4746-934d-a50e371bf561"",""performed_at"":null,""activity_name"":""col151-fa3f27672f1c admin"",""authority_class"":""facility"",""execution_state"":""none"",""effective_receipt_id"":null,""requirement_version_id"":""7954828e-2856-44ae-8a51-5b4d32ed3c93"",""facility_requirement_id"":""a7da2d96-da69-43b4-bc16-950864034a4f""}",[],[],[],
occurrence,54579110-8249-4a7d-8ea9-edb6146a36c9,col151-fa3f27672f1c admin,pending,2026-09-13T02:11:08.342845+00:00,"{""id"":""54579110-8249-4a7d-8ea9-edb6146a36c9"",""due_at"":""2036-04-06T03:00:00+00:00"",""status"":""pending"",""created_at"":""2026-09-13T02:11:08.342845+00:00"",""subject_id"":""56f3cf25-84ad-4746-934d-a50e371bf561"",""performed_at"":null,""activity_name"":""col151-fa3f27672f1c admin"",""authority_class"":""facility"",""execution_state"":""none"",""effective_receipt_id"":null,""requirement_version_id"":""7954828e-2856-44ae-8a51-5b4d32ed3c93"",""facility_requirement_id"":""a7da2d96-da69-43b4-bc16-950864034a4f""}",[],[],[],
occurrence,54f008b6-57ac-4beb-8b78-b0c52bb01b24,col151-fa3f27672f1c admin,pending,2026-09-13T02:11:08.342845+00:00,"{""id"":""54f008b6-57ac-4beb-8b78-b0c52bb01b24"",""due_at"":""2035-11-18T04:00:00+00:00"",""status"":""pending"",""created_at"":""2026-09-13T02:11:08.342845+00:00"",""subject_id"":""56f3cf25-84ad-4746-934d-a50e371bf561"",""performed_at"":null,""activity_name"":""col151-fa3f27672f1c admin"",""authority_class"":""facility"",""execution_state"":""none"",""effective_receipt_id"":null,""requirement_version_id"":""7954828e-2856-44ae-8a51-5b4d32ed3c93"",""facility_requirement_id"":""a7da2d96-da69-43b4-bc16-950864034a4f""}",[],[],[],
occurrence,5677bb47-d181-4f71-bc1d-7776cd9f9cfb,col151-fa3f27672f1c admin,pending,2026-09-13T02:11:08.342845+00:00,"{""id"":""5677bb47-d181-4f71-bc1d-7776cd9f9cfb"",""due_at"":""2035-03-11T04:00:00+00:00"",""status"":""pending"",""created_at"":""2026-09-13T02:11:08.342845+00:00"",""subject_id"":""56f3cf25-84ad-4746-934d-a50e371bf561"",""performed_at"":null,""activity_name"":""col151-fa3f27672f1c admin"",""authority_class"":""facility"",""execution_state"":""none"",""effective_receipt_id"":null,""requirement_version_id"":""7954828e-2856-44ae-8a51-5b4d32ed3c93"",""facility_requirement_id"":""a7da2d96-da69-43b4-bc16-950864034a4f""}",[],[],[],
occurrence,56cdb7c3-8d06-490a-b0ed-42ad76757344,col151-fa3f27672f1c admin,pending,2026-09-13T02:11:08.342845+00:00,"{""id"":""56cdb7c3-8d06-490a-b0ed-42ad76757344"",""due_at"":""2034-11-05T03:00:00+00:00"",""status"":""pending"",""created_at"":""2026-09-13T02:11:08.342845+00:00"",""subject_id"":""56f3cf25-84ad-4746-934d-a50e371bf561"",""performed_at"":null,""activity_name"":""col151-fa3f27672f1c admin"",""authority_class"":""facility"",""execution_state"":""none"",""effective_receipt_id"":null,""requirement_version_id"":""7954828e-2856-44ae-8a51-5b4d32ed3c93"",""facility_requirement_id"":""a7da2d96-da69-43b4-bc16-950864034a4f""}",[],[],[],
occurrence,5738b301-bf69-4e4e-af6b-185d207f20c0,col151-fa3f27672f1c admin,pending,2026-09-13T02:11:08.342845+00:00,"{""id"":""5738b301-bf69-4e4e-af6b-185d207f20c0"",""due_at"":""2036-03-09T04:00:00+00:00"",""status"":""pending"",""created_at"":""2026-09-13T02:11:08.342845+00:00"",""subject_id"":""56f3cf25-84ad-4746-934d-a50e371bf561"",""performed_at"":null,""activity_name"":""col151-fa3f27672f1c admin"",""authority_class"":""facility"",""execution_state"":""none"",""effective_receipt_id"":null,""requirement_version_id"":""7954828e-2856-44ae-8a51-5b4d32ed3c93"",""facility_requirement_id"":""a7da2d96-da69-43b4-bc16-950864034a4f""}",[],[],[],
occurrence,59ec55be-d99f-48aa-b518-0e55b793b187,col151-fa3f27672f1c admin,pending,2026-09-13T02:11:08.342845+00:00,"{""id"":""59ec55be-d99f-48aa-b518-0e55b793b187"",""due_at"":""2034-06-04T03:00:00+00:00"",""status"":""pending"",""created_at"":""2026-09-13T02:11:08.342845+00:00"",""subject_id"":""56f3cf25-84ad-4746-934d-a50e371bf561"",""performed_at"":null,""activity_name"":""col151-fa3f27672f1c admin"",""authority_class"":""facility"",""execution_state"":""none"",""effective_receipt_id"":null,""requirement_version_id"":""7954828e-2856-44ae-8a51-5b4d32ed3c93"",""facility_requirement_id"":""a7da2d96-da69-43b4-bc16-950864034a4f""}",[],[],[],
occurrence,5c9f2bd9-5d3f-4d50-9f81-b2f4f3689073,col151-fa3f27672f1c admin,pending,2026-09-13T02:11:08.342845+00:00,"{""id"":""5c9f2bd9-5d3f-4d50-9f81-b2f4f3689073"",""due_at"":""2035-09-30T03:00:00+00:00"",""status"":""pending"",""created_at"":""2026-09-13T02:11:08.342845+00:00"",""subject_id"":""56f3cf25-84ad-4746-934d-a50e371bf561"",""performed_at"":null,""activity_name"":""col151-fa3f27672f1c admin"",""authority_class"":""facility"",""execution_state"":""none"",""effective_receipt_id"":null,""requirement_version_id"":""7954828e-2856-44ae-8a51-5b4d32ed3c93"",""facility_requirement_id"":""a7da2d96-da69-43b4-bc16-950864034a4f""}",[],[],[],
occurrence,5e40e6a1-f5ee-4d10-9eaa-26924b4178b4,col151-fa3f27672f1c admin,pending,2026-09-13T02:11:08.342845+00:00,"{""id"":""5e40e6a1-f5ee-4d10-9eaa-26924b4178b4"",""due_at"":""2036-02-17T04:00:00+00:00"",""status"":""pending"",""created_at"":""2026-09-13T02:11:08.342845+00:00"",""subject_id"":""56f3cf25-84ad-4746-934d-a50e371bf561"",""performed_at"":null,""activity_name"":""col151-fa3f27672f1c admin"",""authority_class"":""facility"",""execution_state"":""none"",""effective_receipt_id"":null,""requirement_version_id"":""7954828e-2856-44ae-8a51-5b4d32ed3c93"",""facility_requirement_id"":""a7da2d96-da69-43b4-bc16-950864034a4f""}",[],[],[],
occurrence,5e71a765-eb9a-4d3d-8d3b-0d5498b1763f,col151-fa3f27672f1c admin,pending,2026-09-13T02:11:08.342845+00:00,"{""id"":""5e71a765-eb9a-4d3d-8d3b-0d5498b1763f"",""due_at"":""2035-11-11T04:00:00+00:00"",""status"":""pending"",""created_at"":""2026-09-13T02:11:08.342845+00:00"",""subject_id"":""56f3cf25-84ad-4746-934d-a50e371bf561"",""performed_at"":null,""activity_name"":""col151-fa3f27672f1c admin"",""authority_class"":""facility"",""execution_state"":""none"",""effective_receipt_id"":null,""requirement_version_id"":""7954828e-2856-44ae-8a51-5b4d32ed3c93"",""facility_requirement_id"":""a7da2d96-da69-43b4-bc16-950864034a4f""}",[],[],[],
occurrence,69493713-3d33-4656-a6b4-5601d86e865c,col151-fa3f27672f1c admin,pending,2026-09-13T02:11:08.342845+00:00,"{""id"":""69493713-3d33-4656-a6b4-5601d86e865c"",""due_at"":""2034-09-03T03:00:00+00:00"",""status"":""pending"",""created_at"":""2026-09-13T02:11:08.342845+00:00"",""subject_id"":""56f3cf25-84ad-4746-934d-a50e371bf561"",""performed_at"":null,""activity_name"":""col151-fa3f27672f1c admin"",""authority_class"":""facility"",""execution_state"":""none"",""effective_receipt_id"":null,""requirement_version_id"":""7954828e-2856-44ae-8a51-5b4d32ed3c93"",""facility_requirement_id"":""a7da2d96-da69-43b4-bc16-950864034a4f""}",[],[],[],
occurrence,6ade6e03-6236-4393-b2d5-77425f6f2433,col151-fa3f27672f1c admin,pending,2026-09-13T02:11:08.342845+00:00,"{""id"":""6ade6e03-6236-4393-b2d5-77425f6f2433"",""due_at"":""2035-04-01T03:00:00+00:00"",""status"":""pending"",""created_at"":""2026-09-13T02:11:08.342845+00:00"",""subject_id"":""56f3cf25-84ad-4746-934d-a50e371bf561"",""performed_at"":null,""activity_name"":""col151-fa3f27672f1c admin"",""authority_class"":""facility"",""execution_state"":""none"",""effective_receipt_id"":null,""requirement_version_id"":""7954828e-2856-44ae-8a51-5b4d32ed3c93"",""facility_requirement_id"":""a7da2d96-da69-43b4-bc16-950864034a4f""}",[],[],[],
occurrence,6b45a6f1-c58d-4699-bbfe-209413f9ed2e,col151-fa3f27672f1c admin,pending,2026-09-13T02:11:08.342845+00:00,"{""id"":""6b45a6f1-c58d-4699-bbfe-209413f9ed2e"",""due_at"":""2034-07-30T03:00:00+00:00"",""status"":""pending"",""created_at"":""2026-09-13T02:11:08.342845+00:00"",""subject_id"":""56f3cf25-84ad-4746-934d-a50e371bf561"",""performed_at"":null,""activity_name"":""col151-fa3f27672f1c admin"",""authority_class"":""facility"",""execution_state"":""none"",""effective_receipt_id"":null,""requirement_version_id"":""7954828e-2856-44ae-8a51-5b4d32ed3c93"",""facility_requirement_id"":""a7da2d96-da69-43b4-bc16-950864034a4f""}",[],[],[],
occurrence,6bd29944-501e-4a40-b093-63e72818ce73,col151-fa3f27672f1c admin,pending,2026-09-13T02:11:08.342845+00:00,"{""id"":""6bd29944-501e-4a40-b093-63e72818ce73"",""due_at"":""2035-10-07T03:00:00+00:00"",""status"":""pending"",""created_at"":""2026-09-13T02:11:08.342845+00:00"",""subject_id"":""56f3cf25-84ad-4746-934d-a50e371bf561"",""performed_at"":null,""activity_name"":""col151-fa3f27672f1c admin"",""authority_class"":""facility"",""execution_state"":""none"",""effective_receipt_id"":null,""requirement_version_id"":""7954828e-2856-44ae-8a51-5b4d32ed3c93"",""facility_requirement_id"":""a7da2d96-da69-43b4-bc16-950864034a4f""}",[],[],[],
occurrence,7159118e-35c8-415a-a9c0-b593ff43bf85,col151-fa3f27672f1c admin,pending,2026-09-13T02:11:08.342845+00:00,"{""id"":""7159118e-35c8-415a-a9c0-b593ff43bf85"",""due_at"":""2035-07-08T03:00:00+00:00"",""status"":""pending"",""created_at"":""2026-09-13T02:11:08.342845+00:00"",""subject_id"":""56f3cf25-84ad-4746-934d-a50e371bf561"",""performed_at"":null,""activity_name"":""col151-fa3f27672f1c admin"",""authority_class"":""facility"",""execution_state"":""none"",""effective_receipt_id"":null,""requirement_version_id"":""7954828e-2856-44ae-8a51-5b4d32ed3c93"",""facility_requirement_id"":""a7da2d96-da69-43b4-bc16-950864034a4f""}",[],[],[],
occurrence,722f6cd7-fdc7-4f1a-a971-8d1a5c9d66ae,col151-fa3f27672f1c admin,pending,2026-09-13T02:11:08.342845+00:00,"{""id"":""722f6cd7-fdc7-4f1a-a971-8d1a5c9d66ae"",""due_at"":""2035-05-20T03:00:00+00:00"",""status"":""pending"",""created_at"":""2026-09-13T02:11:08.342845+00:00"",""subject_id"":""56f3cf25-84ad-4746-934d-a50e371bf561"",""performed_at"":null,""activity_name"":""col151-fa3f27672f1c admin"",""authority_class"":""facility"",""execution_state"":""none"",""effective_receipt_id"":null,""requirement_version_id"":""7954828e-2856-44ae-8a51-5b4d32ed3c93"",""facility_requirement_id"":""a7da2d96-da69-43b4-bc16-950864034a4f""}",[],[],[],
occurrence,754fad9c-0918-4175-af75-10c5d67b104e,col151-fa3f27672f1c admin,pending,2026-09-13T02:11:08.342845+00:00,"{""id"":""754fad9c-0918-4175-af75-10c5d67b104e"",""due_at"":""2035-04-22T03:00:00+00:00"",""status"":""pending"",""created_at"":""2026-09-13T02:11:08.342845+00:00"",""subject_id"":""56f3cf25-84ad-4746-934d-a50e371bf561"",""performed_at"":null,""activity_name"":""col151-fa3f27672f1c admin"",""authority_class"":""facility"",""execution_state"":""none"",""effective_receipt_id"":null,""requirement_version_id"":""7954828e-2856-44ae-8a51-5b4d32ed3c93"",""facility_requirement_id"":""a7da2d96-da69-43b4-bc16-950864034a4f""}",[],[],[],
occurrence,75543af4-2463-4598-baa8-fe50946ce762,col151-fa3f27672f1c admin,pending,2026-09-13T02:11:08.342845+00:00,"{""id"":""75543af4-2463-4598-baa8-fe50946ce762"",""due_at"":""2034-12-24T04:00:00+00:00"",""status"":""pending"",""created_at"":""2026-09-13T02:11:08.342845+00:00"",""subject_id"":""56f3cf25-84ad-4746-934d-a50e371bf561"",""performed_at"":null,""activity_name"":""col151-fa3f27672f1c admin"",""authority_class"":""facility"",""execution_state"":""none"",""effective_receipt_id"":null,""requirement_version_id"":""7954828e-2856-44ae-8a51-5b4d32ed3c93"",""facility_requirement_id"":""a7da2d96-da69-43b4-bc16-950864034a4f""}",[],[],[],
occurrence,7679e1c9-def2-467b-bacc-131247f7ad72,col151-fa3f27672f1c admin,pending,2026-09-13T02:11:08.342845+00:00,"{""id"":""7679e1c9-def2-467b-bacc-131247f7ad72"",""due_at"":""2035-06-24T03:00:00+00:00"",""status"":""pending"",""created_at"":""2026-09-13T02:11:08.342845+00:00"",""subject_id"":""56f3cf25-84ad-4746-934d-a50e371bf561"",""performed_at"":null,""activity_name"":""col151-fa3f27672f1c admin"",""authority_class"":""facility"",""execution_state"":""none"",""effective_receipt_id"":null,""requirement_version_id"":""7954828e-2856-44ae-8a51-5b4d32ed3c93"",""facility_requirement_id"":""a7da2d96-da69-43b4-bc16-950864034a4f""}",[],[],[],
occurrence,78401a52-6c89-423f-a37b-a95615fe6368,col151-fa3f27672f1c admin,pending,2026-09-13T02:11:08.342845+00:00,"{""id"":""78401a52-6c89-423f-a37b-a95615fe6368"",""due_at"":""2035-09-02T03:00:00+00:00"",""status"":""pending"",""created_at"":""2026-09-13T02:11:08.342845+00:00"",""subject_id"":""56f3cf25-84ad-4746-934d-a50e371bf561"",""performed_at"":null,""activity_name"":""col151-fa3f27672f1c admin"",""authority_class"":""facility"",""execution_state"":""none"",""effective_receipt_id"":null,""requirement_version_id"":""7954828e-2856-44ae-8a51-5b4d32ed3c93"",""facility_requirement_id"":""a7da2d96-da69-43b4-bc16-950864034a4f""}",[],[],[],
occurrence,7dbdbc9b-8253-4f0c-ac43-84bdf5dc8ef7,col151-fa3f27672f1c admin,pending,2026-09-13T02:11:08.342845+00:00,"{""id"":""7dbdbc9b-8253-4f0c-ac43-84bdf5dc8ef7"",""due_at"":""2034-05-21T03:00:00+00:00"",""status"":""pending"",""created_at"":""2026-09-13T02:11:08.342845+00:00"",""subject_id"":""56f3cf25-84ad-4746-934d-a50e371bf561"",""performed_at"":null,""activity_name"":""col151-fa3f27672f1c admin"",""authority_class"":""facility"",""execution_state"":""none"",""effective_receipt_id"":null,""requirement_version_id"":""7954828e-2856-44ae-8a51-5b4d32ed3c93"",""facility_requirement_id"":""a7da2d96-da69-43b4-bc16-950864034a4f""}",[],[],[],
occurrence,82657831-c2fa-4704-9607-fb164f89053a,col151-fa3f27672f1c admin,pending,2026-09-13T02:11:08.342845+00:00,"{""id"":""82657831-c2fa-4704-9607-fb164f89053a"",""due_at"":""2034-06-18T03:00:00+00:00"",""status"":""pending"",""created_at"":""2026-09-13T02:11:08.342845+00:00"",""subject_id"":""56f3cf25-84ad-4746-934d-a50e371bf561"",""performed_at"":null,""activity_name"":""col151-fa3f27672f1c admin"",""authority_class"":""facility"",""execution_state"":""none"",""effective_receipt_id"":null,""requirement_version_id"":""7954828e-2856-44ae-8a51-5b4d32ed3c93"",""facility_requirement_id"":""a7da2d96-da69-43b4-bc16-950864034a4f""}",[],[],[],
occurrence,829990c3-045e-4b0d-a9c5-79b032861752,col151-fa3f27672f1c admin,pending,2026-09-13T02:11:08.342845+00:00,"{""id"":""829990c3-045e-4b0d-a9c5-79b032861752"",""due_at"":""2035-09-23T03:00:00+00:00"",""status"":""pending"",""created_at"":""2026-09-13T02:11:08.342845+00:00"",""subject_id"":""56f3cf25-84ad-4746-934d-a50e371bf561"",""performed_at"":null,""activity_name"":""col151-fa3f27672f1c admin"",""authority_class"":""facility"",""execution_state"":""none"",""effective_receipt_id"":null,""requirement_version_id"":""7954828e-2856-44ae-8a51-5b4d32ed3c93"",""facility_requirement_id"":""a7da2d96-da69-43b4-bc16-950864034a4f""}",[],[],[],
occurrence,838a5df6-b07b-4271-8574-f27508e922cb,col151-fa3f27672f1c admin,pending,2026-09-13T02:11:08.342845+00:00,"{""id"":""838a5df6-b07b-4271-8574-f27508e922cb"",""due_at"":""2035-10-14T03:00:00+00:00"",""status"":""pending"",""created_at"":""2026-09-13T02:11:08.342845+00:00"",""subject_id"":""56f3cf25-84ad-4746-934d-a50e371bf561"",""performed_at"":null,""activity_name"":""col151-fa3f27672f1c admin"",""authority_class"":""facility"",""execution_state"":""none"",""effective_receipt_id"":null,""requirement_version_id"":""7954828e-2856-44ae-8a51-5b4d32ed3c93"",""facility_requirement_id"":""a7da2d96-da69-43b4-bc16-950864034a4f""}",[],[],[],
occurrence,858448a8-4619-4ef7-b5eb-d68a07b73f66,col151-fa3f27672f1c admin,pending,2026-09-13T02:11:08.342845+00:00,"{""id"":""858448a8-4619-4ef7-b5eb-d68a07b73f66"",""due_at"":""2035-12-30T04:00:00+00:00"",""status"":""pending"",""created_at"":""2026-09-13T02:11:08.342845+00:00"",""subject_id"":""56f3cf25-84ad-4746-934d-a50e371bf561"",""performed_at"":null,""activity_name"":""col151-fa3f27672f1c admin"",""authority_class"":""facility"",""execution_state"":""none"",""effective_receipt_id"":null,""requirement_version_id"":""7954828e-2856-44ae-8a51-5b4d32ed3c93"",""facility_requirement_id"":""a7da2d96-da69-43b4-bc16-950864034a4f""}",[],[],[],
occurrence,89a4708c-61ce-4ada-853e-f67793ebee1a,col151-fa3f27672f1c admin,pending,2026-09-13T02:11:08.342845+00:00,"{""id"":""89a4708c-61ce-4ada-853e-f67793ebee1a"",""due_at"":""2035-08-19T03:00:00+00:00"",""status"":""pending"",""created_at"":""2026-09-13T02:11:08.342845+00:00"",""subject_id"":""56f3cf25-84ad-4746-934d-a50e371bf561"",""performed_at"":null,""activity_name"":""col151-fa3f27672f1c admin"",""authority_class"":""facility"",""execution_state"":""none"",""effective_receipt_id"":null,""requirement_version_id"":""7954828e-2856-44ae-8a51-5b4d32ed3c93"",""facility_requirement_id"":""a7da2d96-da69-43b4-bc16-950864034a4f""}",[],[],[],
occurrence,89c35842-27f5-4ec3-a145-5ae79f7d0721,col151-fa3f27672f1c admin,pending,2026-09-13T02:11:08.342845+00:00,"{""id"":""89c35842-27f5-4ec3-a145-5ae79f7d0721"",""due_at"":""2035-12-23T04:00:00+00:00"",""status"":""pending"",""created_at"":""2026-09-13T02:11:08.342845+00:00"",""subject_id"":""56f3cf25-84ad-4746-934d-a50e371bf561"",""performed_at"":null,""activity_name"":""col151-fa3f27672f1c admin"",""authority_class"":""facility"",""execution_state"":""none"",""effective_receipt_id"":null,""requirement_version_id"":""7954828e-2856-44ae-8a51-5b4d32ed3c93"",""facility_requirement_id"":""a7da2d96-da69-43b4-bc16-950864034a4f""}",[],[],[],
occurrence,8aede9b1-b668-4903-a9b6-2a80753678ec,col151-fa3f27672f1c admin,pending,2026-09-13T02:11:08.342845+00:00,"{""id"":""8aede9b1-b668-4903-a9b6-2a80753678ec"",""due_at"":""2035-05-13T03:00:00+00:00"",""status"":""pending"",""created_at"":""2026-09-13T02:11:08.342845+00:00"",""subject_id"":""56f3cf25-84ad-4746-934d-a50e371bf561"",""performed_at"":null,""activity_name"":""col151-fa3f27672f1c admin"",""authority_class"":""facility"",""execution_state"":""none"",""effective_receipt_id"":null,""requirement_version_id"":""7954828e-2856-44ae-8a51-5b4d32ed3c93"",""facility_requirement_id"":""a7da2d96-da69-43b4-bc16-950864034a4f""}",[],[],[],
occurrence,8c8a651a-6989-4832-8ac3-bbfbe0a8a2c7,col151-fa3f27672f1c admin,pending,2026-09-13T02:11:08.342845+00:00,"{""id"":""8c8a651a-6989-4832-8ac3-bbfbe0a8a2c7"",""due_at"":""2036-03-02T04:00:00+00:00"",""status"":""pending"",""created_at"":""2026-09-13T02:11:08.342845+00:00"",""subject_id"":""56f3cf25-84ad-4746-934d-a50e371bf561"",""performed_at"":null,""activity_name"":""col151-fa3f27672f1c admin"",""authority_class"":""facility"",""execution_state"":""none"",""effective_receipt_id"":null,""requirement_version_id"":""7954828e-2856-44ae-8a51-5b4d32ed3c93"",""facility_requirement_id"":""a7da2d96-da69-43b4-bc16-950864034a4f""}",[],[],[],
occurrence,8ceff61f-8fd5-4f4b-baf8-7f2bad9929d1,col151-fa3f27672f1c admin,pending,2026-09-13T02:11:08.342845+00:00,"{""id"":""8ceff61f-8fd5-4f4b-baf8-7f2bad9929d1"",""due_at"":""2035-08-05T03:00:00+00:00"",""status"":""pending"",""created_at"":""2026-09-13T02:11:08.342845+00:00"",""subject_id"":""56f3cf25-84ad-4746-934d-a50e371bf561"",""performed_at"":null,""activity_name"":""col151-fa3f27672f1c admin"",""authority_class"":""facility"",""execution_state"":""none"",""effective_receipt_id"":null,""requirement_version_id"":""7954828e-2856-44ae-8a51-5b4d32ed3c93"",""facility_requirement_id"":""a7da2d96-da69-43b4-bc16-950864034a4f""}",[],[],[],
occurrence,903c2a4b-fbad-49c9-af1b-f130eaf009b6,col151-fa3f27672f1c admin,pending,2026-09-13T02:11:08.342845+00:00,"{""id"":""903c2a4b-fbad-49c9-af1b-f130eaf009b6"",""due_at"":""2036-02-03T04:00:00+00:00"",""status"":""pending"",""created_at"":""2026-09-13T02:11:08.342845+00:00"",""subject_id"":""56f3cf25-84ad-4746-934d-a50e371bf561"",""performed_at"":null,""activity_name"":""col151-fa3f27672f1c admin"",""authority_class"":""facility"",""execution_state"":""none"",""effective_receipt_id"":null,""requirement_version_id"":""7954828e-2856-44ae-8a51-5b4d32ed3c93"",""facility_requirement_id"":""a7da2d96-da69-43b4-bc16-950864034a4f""}",[],[],[],
occurrence,91775e35-f22f-41dd-9aeb-e004f17456fb,col151-fa3f27672f1c admin,pending,2026-09-13T02:11:08.342845+00:00,"{""id"":""91775e35-f22f-41dd-9aeb-e004f17456fb"",""due_at"":""2035-12-09T04:00:00+00:00"",""status"":""pending"",""created_at"":""2026-09-13T02:11:08.342845+00:00"",""subject_id"":""56f3cf25-84ad-4746-934d-a50e371bf561"",""performed_at"":null,""activity_name"":""col151-fa3f27672f1c admin"",""authority_class"":""facility"",""execution_state"":""none"",""effective_receipt_id"":null,""requirement_version_id"":""7954828e-2856-44ae-8a51-5b4d32ed3c93"",""facility_requirement_id"":""a7da2d96-da69-43b4-bc16-950864034a4f""}",[],[],[],
occurrence,940a003f-e385-4fd3-8499-f5072a1ffe5e,col151-fa3f27672f1c admin,pending,2026-09-13T02:11:08.342845+00:00,"{""id"":""940a003f-e385-4fd3-8499-f5072a1ffe5e"",""due_at"":""2034-07-02T03:00:00+00:00"",""status"":""pending"",""created_at"":""2026-09-13T02:11:08.342845+00:00"",""subject_id"":""56f3cf25-84ad-4746-934d-a50e371bf561"",""performed_at"":null,""activity_name"":""col151-fa3f27672f1c admin"",""authority_class"":""facility"",""execution_state"":""none"",""effective_receipt_id"":null,""requirement_version_id"":""7954828e-2856-44ae-8a51-5b4d32ed3c93"",""facility_requirement_id"":""a7da2d96-da69-43b4-bc16-950864034a4f""}",[],[],[],
occurrence,9656bd3e-8b5c-4ae6-ab62-f1a08ccaf186,col151-fa3f27672f1c admin,pending,2026-09-13T02:11:08.342845+00:00,"{""id"":""9656bd3e-8b5c-4ae6-ab62-f1a08ccaf186"",""due_at"":""2035-04-15T03:00:00+00:00"",""status"":""pending"",""created_at"":""2026-09-13T02:11:08.342845+00:00"",""subject_id"":""56f3cf25-84ad-4746-934d-a50e371bf561"",""performed_at"":null,""activity_name"":""col151-fa3f27672f1c admin"",""authority_class"":""facility"",""execution_state"":""none"",""effective_receipt_id"":null,""requirement_version_id"":""7954828e-2856-44ae-8a51-5b4d32ed3c93"",""facility_requirement_id"":""a7da2d96-da69-43b4-bc16-950864034a4f""}",[],[],[],
occurrence,987fd64b-5067-4396-934d-582df620b3a0,col151-fa3f27672f1c admin,pending,2026-09-13T02:11:08.342845+00:00,"{""id"":""987fd64b-5067-4396-934d-582df620b3a0"",""due_at"":""2036-03-30T03:00:00+00:00"",""status"":""pending"",""created_at"":""2026-09-13T02:11:08.342845+00:00"",""subject_id"":""56f3cf25-84ad-4746-934d-a50e371bf561"",""performed_at"":null,""activity_name"":""col151-fa3f27672f1c admin"",""authority_class"":""facility"",""execution_state"":""none"",""effective_receipt_id"":null,""requirement_version_id"":""7954828e-2856-44ae-8a51-5b4d32ed3c93"",""facility_requirement_id"":""a7da2d96-da69-43b4-bc16-950864034a4f""}",[],[],[],
occurrence,9c3ee945-1a97-40cd-a921-c153bf30d617,col151-fa3f27672f1c admin,pending,2026-09-13T02:11:08.342845+00:00,"{""id"":""9c3ee945-1a97-40cd-a921-c153bf30d617"",""due_at"":""2034-09-10T03:00:00+00:00"",""status"":""pending"",""created_at"":""2026-09-13T02:11:08.342845+00:00"",""subject_id"":""56f3cf25-84ad-4746-934d-a50e371bf561"",""performed_at"":null,""activity_name"":""col151-fa3f27672f1c admin"",""authority_class"":""facility"",""execution_state"":""none"",""effective_receipt_id"":null,""requirement_version_id"":""7954828e-2856-44ae-8a51-5b4d32ed3c93"",""facility_requirement_id"":""a7da2d96-da69-43b4-bc16-950864034a4f""}",[],[],[],
occurrence,a957a22d-f2ce-493f-8c11-1ea571840a7f,col151-fa3f27672f1c admin,pending,2026-09-13T02:11:08.342845+00:00,"{""id"":""a957a22d-f2ce-493f-8c11-1ea571840a7f"",""due_at"":""2035-08-12T03:00:00+00:00"",""status"":""pending"",""created_at"":""2026-09-13T02:11:08.342845+00:00"",""subject_id"":""56f3cf25-84ad-4746-934d-a50e371bf561"",""performed_at"":null,""activity_name"":""col151-fa3f27672f1c admin"",""authority_class"":""facility"",""execution_state"":""none"",""effective_receipt_id"":null,""requirement_version_id"":""7954828e-2856-44ae-8a51-5b4d32ed3c93"",""facility_requirement_id"":""a7da2d96-da69-43b4-bc16-950864034a4f""}",[],[],[],
occurrence,ab28b217-25e7-4704-8dfe-4bfb9e5365ce,col151-fa3f27672f1c admin,pending,2026-09-13T02:11:08.342845+00:00,"{""id"":""ab28b217-25e7-4704-8dfe-4bfb9e5365ce"",""due_at"":""2036-02-10T04:00:00+00:00"",""status"":""pending"",""created_at"":""2026-09-13T02:11:08.342845+00:00"",""subject_id"":""56f3cf25-84ad-4746-934d-a50e371bf561"",""performed_at"":null,""activity_name"":""col151-fa3f27672f1c admin"",""authority_class"":""facility"",""execution_state"":""none"",""effective_receipt_id"":null,""requirement_version_id"":""7954828e-2856-44ae-8a51-5b4d32ed3c93"",""facility_requirement_id"":""a7da2d96-da69-43b4-bc16-950864034a4f""}",[],[],[],
occurrence,b03dcf8d-99a5-4625-b726-64d67423c674,col151-fa3f27672f1c admin,pending,2026-09-13T02:11:08.342845+00:00,"{""id"":""b03dcf8d-99a5-4625-b726-64d67423c674"",""due_at"":""2036-02-24T04:00:00+00:00"",""status"":""pending"",""created_at"":""2026-09-13T02:11:08.342845+00:00"",""subject_id"":""56f3cf25-84ad-4746-934d-a50e371bf561"",""performed_at"":null,""activity_name"":""col151-fa3f27672f1c admin"",""authority_class"":""facility"",""execution_state"":""none"",""effective_receipt_id"":null,""requirement_version_id"":""7954828e-2856-44ae-8a51-5b4d32ed3c93"",""facility_requirement_id"":""a7da2d96-da69-43b4-bc16-950864034a4f""}",[],[],[],
occurrence,b1aa756c-cd3e-4530-b912-eec642272c4e,col151-fa3f27672f1c admin,pending,2026-09-13T02:11:08.342845+00:00,"{""id"":""b1aa756c-cd3e-4530-b912-eec642272c4e"",""due_at"":""2035-07-15T03:00:00+00:00"",""status"":""pending"",""created_at"":""2026-09-13T02:11:08.342845+00:00"",""subject_id"":""56f3cf25-84ad-4746-934d-a50e371bf561"",""performed_at"":null,""activity_name"":""col151-fa3f27672f1c admin"",""authority_class"":""facility"",""execution_state"":""none"",""effective_receipt_id"":null,""requirement_version_id"":""7954828e-2856-44ae-8a51-5b4d32ed3c93"",""facility_requirement_id"":""a7da2d96-da69-43b4-bc16-950864034a4f""}",[],[],[],
occurrence,b1c7d355-e510-42b7-be2b-fe9212ca9335,col151-fa3f27672f1c admin,pending,2026-09-13T02:11:08.342845+00:00,"{""id"":""b1c7d355-e510-42b7-be2b-fe9212ca9335"",""due_at"":""2034-12-31T04:00:00+00:00"",""status"":""pending"",""created_at"":""2026-09-13T02:11:08.342845+00:00"",""subject_id"":""56f3cf25-84ad-4746-934d-a50e371bf561"",""performed_at"":null,""activity_name"":""col151-fa3f27672f1c admin"",""authority_class"":""facility"",""execution_state"":""none"",""effective_receipt_id"":null,""requirement_version_id"":""7954828e-2856-44ae-8a51-5b4d32ed3c93"",""facility_requirement_id"":""a7da2d96-da69-43b4-bc16-950864034a4f""}",[],[],[],
occurrence,b1cf02f9-2f79-427f-aca5-20052957c30d,col151-fa3f27672f1c admin,pending,2026-09-13T02:11:08.342845+00:00,"{""id"":""b1cf02f9-2f79-427f-aca5-20052957c30d"",""due_at"":""2034-07-16T03:00:00+00:00"",""status"":""pending"",""created_at"":""2026-09-13T02:11:08.342845+00:00"",""subject_id"":""56f3cf25-84ad-4746-934d-a50e371bf561"",""performed_at"":null,""activity_name"":""col151-fa3f27672f1c admin"",""authority_class"":""facility"",""execution_state"":""none"",""effective_receipt_id"":null,""requirement_version_id"":""7954828e-2856-44ae-8a51-5b4d32ed3c93"",""facility_requirement_id"":""a7da2d96-da69-43b4-bc16-950864034a4f""}",[],[],[],
occurrence,b28af126-b697-49d0-9b8e-6c7914a17918,col151-fa3f27672f1c admin,pending,2026-09-13T02:11:08.342845+00:00,"{""id"":""b28af126-b697-49d0-9b8e-6c7914a17918"",""due_at"":""2034-10-15T03:00:00+00:00"",""status"":""pending"",""created_at"":""2026-09-13T02:11:08.342845+00:00"",""subject_id"":""56f3cf25-84ad-4746-934d-a50e371bf561"",""performed_at"":null,""activity_name"":""col151-fa3f27672f1c admin"",""authority_class"":""facility"",""execution_state"":""none"",""effective_receipt_id"":null,""requirement_version_id"":""7954828e-2856-44ae-8a51-5b4d32ed3c93"",""facility_requirement_id"":""a7da2d96-da69-43b4-bc16-950864034a4f""}",[],[],[],
occurrence,b670b501-e1c8-4f66-a1ec-6f1f259ec2e5,col151-fa3f27672f1c admin,pending,2026-09-13T02:11:08.342845+00:00,"{""id"":""b670b501-e1c8-4f66-a1ec-6f1f259ec2e5"",""due_at"":""2035-02-18T04:00:00+00:00"",""status"":""pending"",""created_at"":""2026-09-13T02:11:08.342845+00:00"",""subject_id"":""56f3cf25-84ad-4746-934d-a50e371bf561"",""performed_at"":null,""activity_name"":""col151-fa3f27672f1c admin"",""authority_class"":""facility"",""execution_state"":""none"",""effective_receipt_id"":null,""requirement_version_id"":""7954828e-2856-44ae-8a51-5b4d32ed3c93"",""facility_requirement_id"":""a7da2d96-da69-43b4-bc16-950864034a4f""}",[],[],[],
occurrence,bcf88c4f-862d-4e36-865e-9e6dccf09ac8,col151-fa3f27672f1c admin,pending,2026-09-13T02:11:08.342845+00:00,"{""id"":""bcf88c4f-862d-4e36-865e-9e6dccf09ac8"",""due_at"":""2035-01-21T04:00:00+00:00"",""status"":""pending"",""created_at"":""2026-09-13T02:11:08.342845+00:00"",""subject_id"":""56f3cf25-84ad-4746-934d-a50e371bf561"",""performed_at"":null,""activity_name"":""col151-fa3f27672f1c admin"",""authority_class"":""facility"",""execution_state"":""none"",""effective_receipt_id"":null,""requirement_version_id"":""7954828e-2856-44ae-8a51-5b4d32ed3c93"",""facility_requirement_id"":""a7da2d96-da69-43b4-bc16-950864034a4f""}",[],[],[],
occurrence,bdc5bec6-eb32-476b-a2c4-081b847f3a82,col151-fa3f27672f1c admin,pending,2026-09-13T02:11:08.342845+00:00,"{""id"":""bdc5bec6-eb32-476b-a2c4-081b847f3a82"",""due_at"":""2034-11-19T04:00:00+00:00"",""status"":""pending"",""created_at"":""2026-09-13T02:11:08.342845+00:00"",""subject_id"":""56f3cf25-84ad-4746-934d-a50e371bf561"",""performed_at"":null,""activity_name"":""col151-fa3f27672f1c admin"",""authority_class"":""facility"",""execution_state"":""none"",""effective_receipt_id"":null,""requirement_version_id"":""7954828e-2856-44ae-8a51-5b4d32ed3c93"",""facility_requirement_id"":""a7da2d96-da69-43b4-bc16-950864034a4f""}",[],[],[],
occurrence,c8a49f2e-8c0c-47de-a036-d1a2cca06d22,col151-fa3f27672f1c admin,pending,2026-09-13T02:11:08.342845+00:00,"{""id"":""c8a49f2e-8c0c-47de-a036-d1a2cca06d22"",""due_at"":""2034-06-25T03:00:00+00:00"",""status"":""pending"",""created_at"":""2026-09-13T02:11:08.342845+00:00"",""subject_id"":""56f3cf25-84ad-4746-934d-a50e371bf561"",""performed_at"":null,""activity_name"":""col151-fa3f27672f1c admin"",""authority_class"":""facility"",""execution_state"":""none"",""effective_receipt_id"":null,""requirement_version_id"":""7954828e-2856-44ae-8a51-5b4d32ed3c93"",""facility_requirement_id"":""a7da2d96-da69-43b4-bc16-950864034a4f""}",[],[],[],
occurrence,ca12c8e4-406c-470b-8173-39639f3fbe23,col151-fa3f27672f1c admin,pending,2026-09-13T02:11:08.342845+00:00,"{""id"":""ca12c8e4-406c-470b-8173-39639f3fbe23"",""due_at"":""2034-11-12T04:00:00+00:00"",""status"":""pending"",""created_at"":""2026-09-13T02:11:08.342845+00:00"",""subject_id"":""56f3cf25-84ad-4746-934d-a50e371bf561"",""performed_at"":null,""activity_name"":""col151-fa3f27672f1c admin"",""authority_class"":""facility"",""execution_state"":""none"",""effective_receipt_id"":null,""requirement_version_id"":""7954828e-2856-44ae-8a51-5b4d32ed3c93"",""facility_requirement_id"":""a7da2d96-da69-43b4-bc16-950864034a4f""}",[],[],[],
occurrence,cac74a21-3bdb-4f64-bfb5-1fa2072e94fc,col151-fa3f27672f1c admin,pending,2026-09-13T02:11:08.342845+00:00,"{""id"":""cac74a21-3bdb-4f64-bfb5-1fa2072e94fc"",""due_at"":""2034-07-09T03:00:00+00:00"",""status"":""pending"",""created_at"":""2026-09-13T02:11:08.342845+00:00"",""subject_id"":""56f3cf25-84ad-4746-934d-a50e371bf561"",""performed_at"":null,""activity_name"":""col151-fa3f27672f1c admin"",""authority_class"":""facility"",""execution_state"":""none"",""effective_receipt_id"":null,""requirement_version_id"":""7954828e-2856-44ae-8a51-5b4d32ed3c93"",""facility_requirement_id"":""a7da2d96-da69-43b4-bc16-950864034a4f""}",[],[],[],
occurrence,cb71464d-5779-47c3-a410-5cb91bd2b351,col151-fa3f27672f1c admin,pending,2026-09-13T02:11:08.342845+00:00,"{""id"":""cb71464d-5779-47c3-a410-5cb91bd2b351"",""due_at"":""2035-08-26T03:00:00+00:00"",""status"":""pending"",""created_at"":""2026-09-13T02:11:08.342845+00:00"",""subject_id"":""56f3cf25-84ad-4746-934d-a50e371bf561"",""performed_at"":null,""activity_name"":""col151-fa3f27672f1c admin"",""authority_class"":""facility"",""execution_state"":""none"",""effective_receipt_id"":null,""requirement_version_id"":""7954828e-2856-44ae-8a51-5b4d32ed3c93"",""facility_requirement_id"":""a7da2d96-da69-43b4-bc16-950864034a4f""}",[],[],[],
occurrence,cb93d35b-7080-47f8-a46f-3f1003674e89,col151-fa3f27672f1c admin,pending,2026-09-13T02:11:08.342845+00:00,"{""id"":""cb93d35b-7080-47f8-a46f-3f1003674e89"",""due_at"":""2035-10-28T03:00:00+00:00"",""status"":""pending"",""created_at"":""2026-09-13T02:11:08.342845+00:00"",""subject_id"":""56f3cf25-84ad-4746-934d-a50e371bf561"",""performed_at"":null,""activity_name"":""col151-fa3f27672f1c admin"",""authority_class"":""facility"",""execution_state"":""none"",""effective_receipt_id"":null,""requirement_version_id"":""7954828e-2856-44ae-8a51-5b4d32ed3c93"",""facility_requirement_id"":""a7da2d96-da69-43b4-bc16-950864034a4f""}",[],[],[],
occurrence,cb9c387e-bb5b-4631-9f75-575d12894642,col151-fa3f27672f1c admin,pending,2026-09-13T02:11:08.342845+00:00,"{""id"":""cb9c387e-bb5b-4631-9f75-575d12894642"",""due_at"":""2035-03-04T04:00:00+00:00"",""status"":""pending"",""created_at"":""2026-09-13T02:11:08.342845+00:00"",""subject_id"":""56f3cf25-84ad-4746-934d-a50e371bf561"",""performed_at"":null,""activity_name"":""col151-fa3f27672f1c admin"",""authority_class"":""facility"",""execution_state"":""none"",""effective_receipt_id"":null,""requirement_version_id"":""7954828e-2856-44ae-8a51-5b4d32ed3c93"",""facility_requirement_id"":""a7da2d96-da69-43b4-bc16-950864034a4f""}",[],[],[],
occurrence,ccb297f5-acd2-4d6c-99f8-87192af582ed,col151-fa3f27672f1c admin,pending,2026-09-13T02:11:08.342845+00:00,"{""id"":""ccb297f5-acd2-4d6c-99f8-87192af582ed"",""due_at"":""2034-10-08T03:00:00+00:00"",""status"":""pending"",""created_at"":""2026-09-13T02:11:08.342845+00:00"",""subject_id"":""56f3cf25-84ad-4746-934d-a50e371bf561"",""performed_at"":null,""activity_name"":""col151-fa3f27672f1c admin"",""authority_class"":""facility"",""execution_state"":""none"",""effective_receipt_id"":null,""requirement_version_id"":""7954828e-2856-44ae-8a51-5b4d32ed3c93"",""facility_requirement_id"":""a7da2d96-da69-43b4-bc16-950864034a4f""}",[],[],[],
occurrence,cd0a8710-2943-4dad-ac74-b2ff7235e4bc,col151-fa3f27672f1c admin,pending,2026-09-13T02:11:08.342845+00:00,"{""id"":""cd0a8710-2943-4dad-ac74-b2ff7235e4bc"",""due_at"":""2034-12-03T04:00:00+00:00"",""status"":""pending"",""created_at"":""2026-09-13T02:11:08.342845+00:00"",""subject_id"":""56f3cf25-84ad-4746-934d-a50e371bf561"",""performed_at"":null,""activity_name"":""col151-fa3f27672f1c admin"",""authority_class"":""facility"",""execution_state"":""none"",""effective_receipt_id"":null,""requirement_version_id"":""7954828e-2856-44ae-8a51-5b4d32ed3c93"",""facility_requirement_id"":""a7da2d96-da69-43b4-bc16-950864034a4f""}",[],[],[],
occurrence,ce3aee1c-4ada-4bd8-a56b-9b8ca3f20658,col151-fa3f27672f1c admin,pending,2026-09-13T02:11:08.342845+00:00,"{""id"":""ce3aee1c-4ada-4bd8-a56b-9b8ca3f20658"",""due_at"":""2036-04-13T03:00:00+00:00"",""status"":""pending"",""created_at"":""2026-09-13T02:11:08.342845+00:00"",""subject_id"":""56f3cf25-84ad-4746-934d-a50e371bf561"",""performed_at"":null,""activity_name"":""col151-fa3f27672f1c admin"",""authority_class"":""facility"",""execution_state"":""none"",""effective_receipt_id"":null,""requirement_version_id"":""7954828e-2856-44ae-8a51-5b4d32ed3c93"",""facility_requirement_id"":""a7da2d96-da69-43b4-bc16-950864034a4f""}",[],[],[],
occurrence,cf413ae9-5bcc-4555-ac7f-11ca8a0bb335,col151-fa3f27672f1c admin,pending,2026-09-13T02:11:08.342845+00:00,"{""id"":""cf413ae9-5bcc-4555-ac7f-11ca8a0bb335"",""due_at"":""2035-06-10T03:00:00+00:00"",""status"":""pending"",""created_at"":""2026-09-13T02:11:08.342845+00:00"",""subject_id"":""56f3cf25-84ad-4746-934d-a50e371bf561"",""performed_at"":null,""activity_name"":""col151-fa3f27672f1c admin"",""authority_class"":""facility"",""execution_state"":""none"",""effective_receipt_id"":null,""requirement_version_id"":""7954828e-2856-44ae-8a51-5b4d32ed3c93"",""facility_requirement_id"":""a7da2d96-da69-43b4-bc16-950864034a4f""}",[],[],[],
occurrence,d6f16779-23d1-427b-9e52-33281f9ae5eb,col151-fa3f27672f1c admin,pending,2026-09-13T02:11:08.342845+00:00,"{""id"":""d6f16779-23d1-427b-9e52-33281f9ae5eb"",""due_at"":""2034-08-27T03:00:00+00:00"",""status"":""pending"",""created_at"":""2026-09-13T02:11:08.342845+00:00"",""subject_id"":""56f3cf25-84ad-4746-934d-a50e371bf561"",""performed_at"":null,""activity_name"":""col151-fa3f27672f1c admin"",""authority_class"":""facility"",""execution_state"":""none"",""effective_receipt_id"":null,""requirement_version_id"":""7954828e-2856-44ae-8a51-5b4d32ed3c93"",""facility_requirement_id"":""a7da2d96-da69-43b4-bc16-950864034a4f""}",[],[],[],
occurrence,dc0c7880-d69c-4db3-b18a-cdd08f957657,col151-fa3f27672f1c admin,pending,2026-09-13T02:11:08.342845+00:00,"{""id"":""dc0c7880-d69c-4db3-b18a-cdd08f957657"",""due_at"":""2035-03-18T03:00:00+00:00"",""status"":""pending"",""created_at"":""2026-09-13T02:11:08.342845+00:00"",""subject_id"":""56f3cf25-84ad-4746-934d-a50e371bf561"",""performed_at"":null,""activity_name"":""col151-fa3f27672f1c admin"",""authority_class"":""facility"",""execution_state"":""none"",""effective_receipt_id"":null,""requirement_version_id"":""7954828e-2856-44ae-8a51-5b4d32ed3c93"",""facility_requirement_id"":""a7da2d96-da69-43b4-bc16-950864034a4f""}",[],[],[],
occurrence,e2a629a2-3ec7-4205-b418-7fc98197a761,col151-fa3f27672f1c admin,pending,2026-09-13T02:11:08.342845+00:00,"{""id"":""e2a629a2-3ec7-4205-b418-7fc98197a761"",""due_at"":""2035-05-27T03:00:00+00:00"",""status"":""pending"",""created_at"":""2026-09-13T02:11:08.342845+00:00"",""subject_id"":""56f3cf25-84ad-4746-934d-a50e371bf561"",""performed_at"":null,""activity_name"":""col151-fa3f27672f1c admin"",""authority_class"":""facility"",""execution_state"":""none"",""effective_receipt_id"":null,""requirement_version_id"":""7954828e-2856-44ae-8a51-5b4d32ed3c93"",""facility_requirement_id"":""a7da2d96-da69-43b4-bc16-950864034a4f""}",[],[],[],
occurrence,e374a487-fdfe-47ef-925c-511be0a29915,col151-fa3f27672f1c admin,pending,2026-09-13T02:11:08.342845+00:00,"{""id"":""e374a487-fdfe-47ef-925c-511be0a29915"",""due_at"":""2035-01-28T04:00:00+00:00"",""status"":""pending"",""created_at"":""2026-09-13T02:11:08.342845+00:00"",""subject_id"":""56f3cf25-84ad-4746-934d-a50e371bf561"",""performed_at"":null,""activity_name"":""col151-fa3f27672f1c admin"",""authority_class"":""facility"",""execution_state"":""none"",""effective_receipt_id"":null,""requirement_version_id"":""7954828e-2856-44ae-8a51-5b4d32ed3c93"",""facility_requirement_id"":""a7da2d96-da69-43b4-bc16-950864034a4f""}",[],[],[],
occurrence,e4749689-cfad-4da9-b726-a3b70b180f82,col151-fa3f27672f1c admin,pending,2026-09-13T02:11:08.342845+00:00,"{""id"":""e4749689-cfad-4da9-b726-a3b70b180f82"",""due_at"":""2035-07-01T03:00:00+00:00"",""status"":""pending"",""created_at"":""2026-09-13T02:11:08.342845+00:00"",""subject_id"":""56f3cf25-84ad-4746-934d-a50e371bf561"",""performed_at"":null,""activity_name"":""col151-fa3f27672f1c admin"",""authority_class"":""facility"",""execution_state"":""none"",""effective_receipt_id"":null,""requirement_version_id"":""7954828e-2856-44ae-8a51-5b4d32ed3c93"",""facility_requirement_id"":""a7da2d96-da69-43b4-bc16-950864034a4f""}",[],[],[],
occurrence,e8b6f1d3-0532-46b4-a84c-733594cd0a28,col151-fa3f27672f1c admin,pending,2026-09-13T02:11:08.342845+00:00,"{""id"":""e8b6f1d3-0532-46b4-a84c-733594cd0a28"",""due_at"":""2036-03-16T03:00:00+00:00"",""status"":""pending"",""created_at"":""2026-09-13T02:11:08.342845+00:00"",""subject_id"":""56f3cf25-84ad-4746-934d-a50e371bf561"",""performed_at"":null,""activity_name"":""col151-fa3f27672f1c admin"",""authority_class"":""facility"",""execution_state"":""none"",""effective_receipt_id"":null,""requirement_version_id"":""7954828e-2856-44ae-8a51-5b4d32ed3c93"",""facility_requirement_id"":""a7da2d96-da69-43b4-bc16-950864034a4f""}",[],[],[],
occurrence,ecfe8cb6-67b5-4784-b6f1-7266b206dc9f,col151-fa3f27672f1c admin,pending,2026-09-13T02:11:08.342845+00:00,"{""id"":""ecfe8cb6-67b5-4784-b6f1-7266b206dc9f"",""due_at"":""2035-05-06T03:00:00+00:00"",""status"":""pending"",""created_at"":""2026-09-13T02:11:08.342845+00:00"",""subject_id"":""56f3cf25-84ad-4746-934d-a50e371bf561"",""performed_at"":null,""activity_name"":""col151-fa3f27672f1c admin"",""authority_class"":""facility"",""execution_state"":""none"",""effective_receipt_id"":null,""requirement_version_id"":""7954828e-2856-44ae-8a51-5b4d32ed3c93"",""facility_requirement_id"":""a7da2d96-da69-43b4-bc16-950864034a4f""}",[],[],[],
occurrence,ed07ac8b-0f7c-4d99-8218-b469ce7517d0,col151-fa3f27672f1c admin,pending,2026-09-13T02:11:08.342845+00:00,"{""id"":""ed07ac8b-0f7c-4d99-8218-b469ce7517d0"",""due_at"":""2035-06-03T03:00:00+00:00"",""status"":""pending"",""created_at"":""2026-09-13T02:11:08.342845+00:00"",""subject_id"":""56f3cf25-84ad-4746-934d-a50e371bf561"",""performed_at"":null,""activity_name"":""col151-fa3f27672f1c admin"",""authority_class"":""facility"",""execution_state"":""none"",""effective_receipt_id"":null,""requirement_version_id"":""7954828e-2856-44ae-8a51-5b4d32ed3c93"",""facility_requirement_id"":""a7da2d96-da69-43b4-bc16-950864034a4f""}",[],[],[],
occurrence,ed235219-21ed-4fe0-963f-c10d71e85635,col151-fa3f27672f1c admin,pending,2026-09-13T02:11:08.342845+00:00,"{""id"":""ed235219-21ed-4fe0-963f-c10d71e85635"",""due_at"":""2034-09-17T03:00:00+00:00"",""status"":""pending"",""created_at"":""2026-09-13T02:11:08.342845+00:00"",""subject_id"":""56f3cf25-84ad-4746-934d-a50e371bf561"",""performed_at"":null,""activity_name"":""col151-fa3f27672f1c admin"",""authority_class"":""facility"",""execution_state"":""none"",""effective_receipt_id"":null,""requirement_version_id"":""7954828e-2856-44ae-8a51-5b4d32ed3c93"",""facility_requirement_id"":""a7da2d96-da69-43b4-bc16-950864034a4f""}",[],[],[],
occurrence,ed2c6ff0-d2b7-4323-9de1-cd98aa5bf4c6,col151-fa3f27672f1c admin,pending,2026-09-13T02:11:08.342845+00:00,"{""id"":""ed2c6ff0-d2b7-4323-9de1-cd98aa5bf4c6"",""due_at"":""2035-04-08T03:00:00+00:00"",""status"":""pending"",""created_at"":""2026-09-13T02:11:08.342845+00:00"",""subject_id"":""56f3cf25-84ad-4746-934d-a50e371bf561"",""performed_at"":null,""activity_name"":""col151-fa3f27672f1c admin"",""authority_class"":""facility"",""execution_state"":""none"",""effective_receipt_id"":null,""requirement_version_id"":""7954828e-2856-44ae-8a51-5b4d32ed3c93"",""facility_requirement_id"":""a7da2d96-da69-43b4-bc16-950864034a4f""}",[],[],[],
occurrence,ed6c9dc7-c1c6-4b11-b975-f44d50db9db4,col151-fa3f27672f1c admin,pending,2026-09-13T02:11:08.342845+00:00,"{""id"":""ed6c9dc7-c1c6-4b11-b975-f44d50db9db4"",""due_at"":""2035-01-07T04:00:00+00:00"",""status"":""pending"",""created_at"":""2026-09-13T02:11:08.342845+00:00"",""subject_id"":""56f3cf25-84ad-4746-934d-a50e371bf561"",""performed_at"":null,""activity_name"":""col151-fa3f27672f1c admin"",""authority_class"":""facility"",""execution_state"":""none"",""effective_receipt_id"":null,""requirement_version_id"":""7954828e-2856-44ae-8a51-5b4d32ed3c93"",""facility_requirement_id"":""a7da2d96-da69-43b4-bc16-950864034a4f""}",[],[],[],
occurrence,ef077f21-2cdb-47f2-b058-4c928086d53b,col151-fa3f27672f1c admin,pending,2026-09-13T02:11:08.342845+00:00,"{""id"":""ef077f21-2cdb-47f2-b058-4c928086d53b"",""due_at"":""2035-02-04T04:00:00+00:00"",""status"":""pending"",""created_at"":""2026-09-13T02:11:08.342845+00:00"",""subject_id"":""56f3cf25-84ad-4746-934d-a50e371bf561"",""performed_at"":null,""activity_name"":""col151-fa3f27672f1c admin"",""authority_class"":""facility"",""execution_state"":""none"",""effective_receipt_id"":null,""requirement_version_id"":""7954828e-2856-44ae-8a51-5b4d32ed3c93"",""facility_requirement_id"":""a7da2d96-da69-43b4-bc16-950864034a4f""}",[],[],[],
occurrence,f1a021f8-e65a-4685-9416-8fc15ad2f3da,col151-fa3f27672f1c admin,pending,2026-09-13T02:11:08.342845+00:00,"{""id"":""f1a021f8-e65a-4685-9416-8fc15ad2f3da"",""due_at"":""2034-06-11T03:00:00+00:00"",""status"":""pending"",""created_at"":""2026-09-13T02:11:08.342845+00:00"",""subject_id"":""56f3cf25-84ad-4746-934d-a50e371bf561"",""performed_at"":null,""activity_name"":""col151-fa3f27672f1c admin"",""authority_class"":""facility"",""execution_state"":""none"",""effective_receipt_id"":null,""requirement_version_id"":""7954828e-2856-44ae-8a51-5b4d32ed3c93"",""facility_requirement_id"":""a7da2d96-da69-43b4-bc16-950864034a4f""}",[],[],[],
occurrence,f8ae5c8a-963c-4407-a54a-3194f6c364e0,col151-fa3f27672f1c admin,pending,2026-09-13T02:11:08.342845+00:00,"{""id"":""f8ae5c8a-963c-4407-a54a-3194f6c364e0"",""due_at"":""2034-11-26T04:00:00+00:00"",""status"":""pending"",""created_at"":""2026-09-13T02:11:08.342845+00:00"",""subject_id"":""56f3cf25-84ad-4746-934d-a50e371bf561"",""performed_at"":null,""activity_name"":""col151-fa3f27672f1c admin"",""authority_class"":""facility"",""execution_state"":""none"",""effective_receipt_id"":null,""requirement_version_id"":""7954828e-2856-44ae-8a51-5b4d32ed3c93"",""facility_requirement_id"":""a7da2d96-da69-43b4-bc16-950864034a4f""}",[],[],[],
occurrence,f98ac216-61d5-4350-9f86-93fc06647d57,col151-fa3f27672f1c admin,pending,2026-09-13T02:11:08.342845+00:00,"{""id"":""f98ac216-61d5-4350-9f86-93fc06647d57"",""due_at"":""2035-09-16T03:00:00+00:00"",""status"":""pending"",""created_at"":""2026-09-13T02:11:08.342845+00:00"",""subject_id"":""56f3cf25-84ad-4746-934d-a50e371bf561"",""performed_at"":null,""activity_name"":""col151-fa3f27672f1c admin"",""authority_class"":""facility"",""execution_state"":""none"",""effective_receipt_id"":null,""requirement_version_id"":""7954828e-2856-44ae-8a51-5b4d32ed3c93"",""facility_requirement_id"":""a7da2d96-da69-43b4-bc16-950864034a4f""}",[],[],[],
occurrence,fc4eaed8-4673-4bd0-a2ab-55f0ac396a67,col151-fa3f27672f1c admin,pending,2026-09-13T02:11:08.342845+00:00,"{""id"":""fc4eaed8-4673-4bd0-a2ab-55f0ac396a67"",""due_at"":""2036-01-13T04:00:00+00:00"",""status"":""pending"",""created_at"":""2026-09-13T02:11:08.342845+00:00"",""subject_id"":""56f3cf25-84ad-4746-934d-a50e371bf561"",""performed_at"":null,""activity_name"":""col151-fa3f27672f1c admin"",""authority_class"":""facility"",""execution_state"":""none"",""effective_receipt_id"":null,""requirement_version_id"":""7954828e-2856-44ae-8a51-5b4d32ed3c93"",""facility_requirement_id"":""a7da2d96-da69-43b4-bc16-950864034a4f""}",[],[],[],
occurrence,fd0df65f-5e1e-4165-a412-7d4a0dcef441,col151-fa3f27672f1c admin,pending,2026-09-13T02:11:08.342845+00:00,"{""id"":""fd0df65f-5e1e-4165-a412-7d4a0dcef441"",""due_at"":""2035-03-25T03:00:00+00:00"",""status"":""pending"",""created_at"":""2026-09-13T02:11:08.342845+00:00"",""subject_id"":""56f3cf25-84ad-4746-934d-a50e371bf561"",""performed_at"":null,""activity_name"":""col151-fa3f27672f1c admin"",""authority_class"":""facility"",""execution_state"":""none"",""effective_receipt_id"":null,""requirement_version_id"":""7954828e-2856-44ae-8a51-5b4d32ed3c93"",""facility_requirement_id"":""a7da2d96-da69-43b4-bc16-950864034a4f""}",[],[],[],
occurrence,00104c00-6a8e-44fb-bf9e-44e9f017d10c,col151-fa3f27672f1c admin,pending,2026-09-13T02:11:08.923369+00:00,"{""id"":""00104c00-6a8e-44fb-bf9e-44e9f017d10c"",""due_at"":""2037-08-02T03:00:00+00:00"",""status"":""pending"",""created_at"":""2026-09-13T02:11:08.923369+00:00"",""subject_id"":""56f3cf25-84ad-4746-934d-a50e371bf561"",""performed_at"":null,""activity_name"":""col151-fa3f27672f1c admin"",""authority_class"":""facility"",""execution_state"":""none"",""effective_receipt_id"":null,""requirement_version_id"":""7954828e-2856-44ae-8a51-5b4d32ed3c93"",""facility_requirement_id"":""a7da2d96-da69-43b4-bc16-950864034a4f""}",[],[],[],
occurrence,018c2c93-0de8-482e-8ba8-d2492b5da244,col151-fa3f27672f1c admin,pending,2026-09-13T02:11:08.923369+00:00,"{""id"":""018c2c93-0de8-482e-8ba8-d2492b5da244"",""due_at"":""2037-08-23T03:00:00+00:00"",""status"":""pending"",""created_at"":""2026-09-13T02:11:08.923369+00:00"",""subject_id"":""56f3cf25-84ad-4746-934d-a50e371bf561"",""performed_at"":null,""activity_name"":""col151-fa3f27672f1c admin"",""authority_class"":""facility"",""execution_state"":""none"",""effective_receipt_id"":null,""requirement_version_id"":""7954828e-2856-44ae-8a51-5b4d32ed3c93"",""facility_requirement_id"":""a7da2d96-da69-43b4-bc16-950864034a4f""}",[],[],[],
occurrence,0545e243-b4bf-4216-8e20-4933fc6f8ad2,col151-fa3f27672f1c admin,pending,2026-09-13T02:11:08.923369+00:00,"{""id"":""0545e243-b4bf-4216-8e20-4933fc6f8ad2"",""due_at"":""2037-05-10T03:00:00+00:00"",""status"":""pending"",""created_at"":""2026-09-13T02:11:08.923369+00:00"",""subject_id"":""56f3cf25-84ad-4746-934d-a50e371bf561"",""performed_at"":null,""activity_name"":""col151-fa3f27672f1c admin"",""authority_class"":""facility"",""execution_state"":""none"",""effective_receipt_id"":null,""requirement_version_id"":""7954828e-2856-44ae-8a51-5b4d32ed3c93"",""facility_requirement_id"":""a7da2d96-da69-43b4-bc16-950864034a4f""}",[],[],[],
occurrence,078f117f-52a7-41d3-892f-18db1c418166,col151-fa3f27672f1c admin,pending,2026-09-13T02:11:08.923369+00:00,"{""id"":""078f117f-52a7-41d3-892f-18db1c418166"",""due_at"":""2037-04-26T03:00:00+00:00"",""status"":""pending"",""created_at"":""2026-09-13T02:11:08.923369+00:00"",""subject_id"":""56f3cf25-84ad-4746-934d-a50e371bf561"",""performed_at"":null,""activity_name"":""col151-fa3f27672f1c admin"",""authority_class"":""facility"",""execution_state"":""none"",""effective_receipt_id"":null,""requirement_version_id"":""7954828e-2856-44ae-8a51-5b4d32ed3c93"",""facility_requirement_id"":""a7da2d96-da69-43b4-bc16-950864034a4f""}",[],[],[],
occurrence,07b6d833-3eb0-4f7a-9925-531556817e08,col151-fa3f27672f1c admin,pending,2026-09-13T02:11:08.923369+00:00,"{""id"":""07b6d833-3eb0-4f7a-9925-531556817e08"",""due_at"":""2038-03-07T04:00:00+00:00"",""status"":""pending"",""created_at"":""2026-09-13T02:11:08.923369+00:00"",""subject_id"":""56f3cf25-84ad-4746-934d-a50e371bf561"",""performed_at"":null,""activity_name"":""col151-fa3f27672f1c admin"",""authority_class"":""facility"",""execution_state"":""none"",""effective_receipt_id"":null,""requirement_version_id"":""7954828e-2856-44ae-8a51-5b4d32ed3c93"",""facility_requirement_id"":""a7da2d96-da69-43b4-bc16-950864034a4f""}",[],[],[],
occurrence,08e095ce-d839-486d-9d6b-a8f9ba8b524b,col151-fa3f27672f1c admin,pending,2026-09-13T02:11:08.923369+00:00,"{""id"":""08e095ce-d839-486d-9d6b-a8f9ba8b524b"",""due_at"":""2037-01-25T04:00:00+00:00"",""status"":""pending"",""created_at"":""2026-09-13T02:11:08.923369+00:00"",""subject_id"":""56f3cf25-84ad-4746-934d-a50e371bf561"",""performed_at"":null,""activity_name"":""col151-fa3f27672f1c admin"",""authority_class"":""facility"",""execution_state"":""none"",""effective_receipt_id"":null,""requirement_version_id"":""7954828e-2856-44ae-8a51-5b4d32ed3c93"",""facility_requirement_id"":""a7da2d96-da69-43b4-bc16-950864034a4f""}",[],[],[],
occurrence,0e656227-5ee4-4817-a1d4-03d1f4970f77,col151-fa3f27672f1c admin,pending,2026-09-13T02:11:08.923369+00:00,"{""id"":""0e656227-5ee4-4817-a1d4-03d1f4970f77"",""due_at"":""2036-10-19T03:00:00+00:00"",""status"":""pending"",""created_at"":""2026-09-13T02:11:08.923369+00:00"",""subject_id"":""56f3cf25-84ad-4746-934d-a50e371bf561"",""performed_at"":null,""activity_name"":""col151-fa3f27672f1c admin"",""authority_class"":""facility"",""execution_state"":""none"",""effective_receipt_id"":null,""requirement_version_id"":""7954828e-2856-44ae-8a51-5b4d32ed3c93"",""facility_requirement_id"":""a7da2d96-da69-43b4-bc16-950864034a4f""}",[],[],[],
occurrence,139bc6bb-410d-4a35-b08e-ed1b1b4a4bca,col151-fa3f27672f1c admin,pending,2026-09-13T02:11:08.923369+00:00,"{""id"":""139bc6bb-410d-4a35-b08e-ed1b1b4a4bca"",""due_at"":""2037-11-22T04:00:00+00:00"",""status"":""pending"",""created_at"":""2026-09-13T02:11:08.923369+00:00"",""subject_id"":""56f3cf25-84ad-4746-934d-a50e371bf561"",""performed_at"":null,""activity_name"":""col151-fa3f27672f1c admin"",""authority_class"":""facility"",""execution_state"":""none"",""effective_receipt_id"":null,""requirement_version_id"":""7954828e-2856-44ae-8a51-5b4d32ed3c93"",""facility_requirement_id"":""a7da2d96-da69-43b4-bc16-950864034a4f""}",[],[],[],
occurrence,1769bfc5-e61f-41a4-a0f8-62a3c32efc9b,col151-fa3f27672f1c admin,pending,2026-09-13T02:11:08.923369+00:00,"{""id"":""1769bfc5-e61f-41a4-a0f8-62a3c32efc9b"",""due_at"":""2037-08-16T03:00:00+00:00"",""status"":""pending"",""created_at"":""2026-09-13T02:11:08.923369+00:00"",""subject_id"":""56f3cf25-84ad-4746-934d-a50e371bf561"",""performed_at"":null,""activity_name"":""col151-fa3f27672f1c admin"",""authority_class"":""facility"",""execution_state"":""none"",""effective_receipt_id"":null,""requirement_version_id"":""7954828e-2856-44ae-8a51-5b4d32ed3c93"",""facility_requirement_id"":""a7da2d96-da69-43b4-bc16-950864034a4f""}",[],[],[],
occurrence,1a5ba016-2e6c-4ccf-ba1c-d51117847fcf,col151-fa3f27672f1c admin,pending,2026-09-13T02:11:08.923369+00:00,"{""id"":""1a5ba016-2e6c-4ccf-ba1c-d51117847fcf"",""due_at"":""2036-05-18T03:00:00+00:00"",""status"":""pending"",""created_at"":""2026-09-13T02:11:08.923369+00:00"",""subject_id"":""56f3cf25-84ad-4746-934d-a50e371bf561"",""performed_at"":null,""activity_name"":""col151-fa3f27672f1c admin"",""authority_class"":""facility"",""execution_state"":""none"",""effective_receipt_id"":null,""requirement_version_id"":""7954828e-2856-44ae-8a51-5b4d32ed3c93"",""facility_requirement_id"":""a7da2d96-da69-43b4-bc16-950864034a4f""}",[],[],[],
occurrence,1ba3fb70-ebef-4833-8bd6-4cb69ea1ea3e,col151-fa3f27672f1c admin,pending,2026-09-13T02:11:08.923369+00:00,"{""id"":""1ba3fb70-ebef-4833-8bd6-4cb69ea1ea3e"",""due_at"":""2038-02-07T04:00:00+00:00"",""status"":""pending"",""created_at"":""2026-09-13T02:11:08.923369+00:00"",""subject_id"":""56f3cf25-84ad-4746-934d-a50e371bf561"",""performed_at"":null,""activity_name"":""col151-fa3f27672f1c admin"",""authority_class"":""facility"",""execution_state"":""none"",""effective_receipt_id"":null,""requirement_version_id"":""7954828e-2856-44ae-8a51-5b4d32ed3c93"",""facility_requirement_id"":""a7da2d96-da69-43b4-bc16-950864034a4f""}",[],[],[],
occurrence,1e3791b6-859e-4b00-9066-fea6737ff189,col151-fa3f27672f1c admin,pending,2026-09-13T02:11:08.923369+00:00,"{""id"":""1e3791b6-859e-4b00-9066-fea6737ff189"",""due_at"":""2037-09-20T03:00:00+00:00"",""status"":""pending"",""created_at"":""2026-09-13T02:11:08.923369+00:00"",""subject_id"":""56f3cf25-84ad-4746-934d-a50e371bf561"",""performed_at"":null,""activity_name"":""col151-fa3f27672f1c admin"",""authority_class"":""facility"",""execution_state"":""none"",""effective_receipt_id"":null,""requirement_version_id"":""7954828e-2856-44ae-8a51-5b4d32ed3c93"",""facility_requirement_id"":""a7da2d96-da69-43b4-bc16-950864034a4f""}",[],[],[],
occurrence,21a49f54-3504-4e02-963c-64d7d42581b4,col151-fa3f27672f1c admin,pending,2026-09-13T02:11:08.923369+00:00,"{""id"":""21a49f54-3504-4e02-963c-64d7d42581b4"",""due_at"":""2036-11-30T04:00:00+00:00"",""status"":""pending"",""created_at"":""2026-09-13T02:11:08.923369+00:00"",""subject_id"":""56f3cf25-84ad-4746-934d-a50e371bf561"",""performed_at"":null,""activity_name"":""col151-fa3f27672f1c admin"",""authority_class"":""facility"",""execution_state"":""none"",""effective_receipt_id"":null,""requirement_version_id"":""7954828e-2856-44ae-8a51-5b4d32ed3c93"",""facility_requirement_id"":""a7da2d96-da69-43b4-bc16-950864034a4f""}",[],[],[],
occurrence,27530208-9a28-4ad9-8b88-bab31488173b,col151-fa3f27672f1c admin,pending,2026-09-13T02:11:08.923369+00:00,"{""id"":""27530208-9a28-4ad9-8b88-bab31488173b"",""due_at"":""2036-06-15T03:00:00+00:00"",""status"":""pending"",""created_at"":""2026-09-13T02:11:08.923369+00:00"",""subject_id"":""56f3cf25-84ad-4746-934d-a50e371bf561"",""performed_at"":null,""activity_name"":""col151-fa3f27672f1c admin"",""authority_class"":""facility"",""execution_state"":""none"",""effective_receipt_id"":null,""requirement_version_id"":""7954828e-2856-44ae-8a51-5b4d32ed3c93"",""facility_requirement_id"":""a7da2d96-da69-43b4-bc16-950864034a4f""}",[],[],[],
occurrence,28c7552a-0ff5-4d9f-b20e-580e4c0c5f1d,col151-fa3f27672f1c admin,pending,2026-09-13T02:11:08.923369+00:00,"{""id"":""28c7552a-0ff5-4d9f-b20e-580e4c0c5f1d"",""due_at"":""2037-02-15T04:00:00+00:00"",""status"":""pending"",""created_at"":""2026-09-13T02:11:08.923369+00:00"",""subject_id"":""56f3cf25-84ad-4746-934d-a50e371bf561"",""performed_at"":null,""activity_name"":""col151-fa3f27672f1c admin"",""authority_class"":""facility"",""execution_state"":""none"",""effective_receipt_id"":null,""requirement_version_id"":""7954828e-2856-44ae-8a51-5b4d32ed3c93"",""facility_requirement_id"":""a7da2d96-da69-43b4-bc16-950864034a4f""}",[],[],[],
occurrence,2ccccbd7-c974-4ba4-b798-7caba0eb7bcd,col151-fa3f27672f1c admin,pending,2026-09-13T02:11:08.923369+00:00,"{""id"":""2ccccbd7-c974-4ba4-b798-7caba0eb7bcd"",""due_at"":""2036-06-29T03:00:00+00:00"",""status"":""pending"",""created_at"":""2026-09-13T02:11:08.923369+00:00"",""subject_id"":""56f3cf25-84ad-4746-934d-a50e371bf561"",""performed_at"":null,""activity_name"":""col151-fa3f27672f1c admin"",""authority_class"":""facility"",""execution_state"":""none"",""effective_receipt_id"":null,""requirement_version_id"":""7954828e-2856-44ae-8a51-5b4d32ed3c93"",""facility_requirement_id"":""a7da2d96-da69-43b4-bc16-950864034a4f""}",[],[],[],
occurrence,2fd22627-c696-4485-aa46-2a180a312033,col151-fa3f27672f1c admin,pending,2026-09-13T02:11:08.923369+00:00,"{""id"":""2fd22627-c696-4485-aa46-2a180a312033"",""due_at"":""2037-03-22T03:00:00+00:00"",""status"":""pending"",""created_at"":""2026-09-13T02:11:08.923369+00:00"",""subject_id"":""56f3cf25-84ad-4746-934d-a50e371bf561"",""performed_at"":null,""activity_name"":""col151-fa3f27672f1c admin"",""authority_class"":""facility"",""execution_state"":""none"",""effective_receipt_id"":null,""requirement_version_id"":""7954828e-2856-44ae-8a51-5b4d32ed3c93"",""facility_requirement_id"":""a7da2d96-da69-43b4-bc16-950864034a4f""}",[],[],[],
occurrence,31d802c4-497e-4a40-97a6-10a13bd98bee,col151-fa3f27672f1c admin,pending,2026-09-13T02:11:08.923369+00:00,"{""id"":""31d802c4-497e-4a40-97a6-10a13bd98bee"",""due_at"":""2037-03-15T03:00:00+00:00"",""status"":""pending"",""created_at"":""2026-09-13T02:11:08.923369+00:00"",""subject_id"":""56f3cf25-84ad-4746-934d-a50e371bf561"",""performed_at"":null,""activity_name"":""col151-fa3f27672f1c admin"",""authority_class"":""facility"",""execution_state"":""none"",""effective_receipt_id"":null,""requirement_version_id"":""7954828e-2856-44ae-8a51-5b4d32ed3c93"",""facility_requirement_id"":""a7da2d96-da69-43b4-bc16-950864034a4f""}",[],[],[],
occurrence,32d1de48-cd92-4e01-9bf7-12b0bd831e03,col151-fa3f27672f1c admin,pending,2026-09-13T02:11:08.923369+00:00,"{""id"":""32d1de48-cd92-4e01-9bf7-12b0bd831e03"",""due_at"":""2037-10-04T03:00:00+00:00"",""status"":""pending"",""created_at"":""2026-09-13T02:11:08.923369+00:00"",""subject_id"":""56f3cf25-84ad-4746-934d-a50e371bf561"",""performed_at"":null,""activity_name"":""col151-fa3f27672f1c admin"",""authority_class"":""facility"",""execution_state"":""none"",""effective_receipt_id"":null,""requirement_version_id"":""7954828e-2856-44ae-8a51-5b4d32ed3c93"",""facility_requirement_id"":""a7da2d96-da69-43b4-bc16-950864034a4f""}",[],[],[],
occurrence,35d4b8ee-a193-44f7-a042-0829fb8f8c82,col151-fa3f27672f1c admin,pending,2026-09-13T02:11:08.923369+00:00,"{""id"":""35d4b8ee-a193-44f7-a042-0829fb8f8c82"",""due_at"":""2038-01-31T04:00:00+00:00"",""status"":""pending"",""created_at"":""2026-09-13T02:11:08.923369+00:00"",""subject_id"":""56f3cf25-84ad-4746-934d-a50e371bf561"",""performed_at"":null,""activity_name"":""col151-fa3f27672f1c admin"",""authority_class"":""facility"",""execution_state"":""none"",""effective_receipt_id"":null,""requirement_version_id"":""7954828e-2856-44ae-8a51-5b4d32ed3c93"",""facility_requirement_id"":""a7da2d96-da69-43b4-bc16-950864034a4f""}",[],[],[],
occurrence,3a40a8fe-8b73-43c3-ac55-c00edd911065,col151-fa3f27672f1c admin,pending,2026-09-13T02:11:08.923369+00:00,"{""id"":""3a40a8fe-8b73-43c3-ac55-c00edd911065"",""due_at"":""2036-05-11T03:00:00+00:00"",""status"":""pending"",""created_at"":""2026-09-13T02:11:08.923369+00:00"",""subject_id"":""56f3cf25-84ad-4746-934d-a50e371bf561"",""performed_at"":null,""activity_name"":""col151-fa3f27672f1c admin"",""authority_class"":""facility"",""execution_state"":""none"",""effective_receipt_id"":null,""requirement_version_id"":""7954828e-2856-44ae-8a51-5b4d32ed3c93"",""facility_requirement_id"":""a7da2d96-da69-43b4-bc16-950864034a4f""}",[],[],[],
occurrence,3cf816c6-cef9-4d47-80a4-d23949440997,col151-fa3f27672f1c admin,pending,2026-09-13T02:11:08.923369+00:00,"{""id"":""3cf816c6-cef9-4d47-80a4-d23949440997"",""due_at"":""2037-03-01T04:00:00+00:00"",""status"":""pending"",""created_at"":""2026-09-13T02:11:08.923369+00:00"",""subject_id"":""56f3cf25-84ad-4746-934d-a50e371bf561"",""performed_at"":null,""activity_name"":""col151-fa3f27672f1c admin"",""authority_class"":""facility"",""execution_state"":""none"",""effective_receipt_id"":null,""requirement_version_id"":""7954828e-2856-44ae-8a51-5b4d32ed3c93"",""facility_requirement_id"":""a7da2d96-da69-43b4-bc16-950864034a4f""}",[],[],[],
occurrence,41ab2d8e-1dfe-42d3-810d-0622b5b10e97,col151-fa3f27672f1c admin,pending,2026-09-13T02:11:08.923369+00:00,"{""id"":""41ab2d8e-1dfe-42d3-810d-0622b5b10e97"",""due_at"":""2036-06-01T03:00:00+00:00"",""status"":""pending"",""created_at"":""2026-09-13T02:11:08.923369+00:00"",""subject_id"":""56f3cf25-84ad-4746-934d-a50e371bf561"",""performed_at"":null,""activity_name"":""col151-fa3f27672f1c admin"",""authority_class"":""facility"",""execution_state"":""none"",""effective_receipt_id"":null,""requirement_version_id"":""7954828e-2856-44ae-8a51-5b4d32ed3c93"",""facility_requirement_id"":""a7da2d96-da69-43b4-bc16-950864034a4f""}",[],[],[],
occurrence,42ff5ba2-8cd2-4c5d-a5ad-2c0dbd76e81b,col151-fa3f27672f1c admin,pending,2026-09-13T02:11:08.923369+00:00,"{""id"":""42ff5ba2-8cd2-4c5d-a5ad-2c0dbd76e81b"",""due_at"":""2037-02-01T04:00:00+00:00"",""status"":""pending"",""created_at"":""2026-09-13T02:11:08.923369+00:00"",""subject_id"":""56f3cf25-84ad-4746-934d-a50e371bf561"",""performed_at"":null,""activity_name"":""col151-fa3f27672f1c admin"",""authority_class"":""facility"",""execution_state"":""none"",""effective_receipt_id"":null,""requirement_version_id"":""7954828e-2856-44ae-8a51-5b4d32ed3c93"",""facility_requirement_id"":""a7da2d96-da69-43b4-bc16-950864034a4f""}",[],[],[],
occurrence,44b524f5-1277-48f9-8eda-70e769ba3465,col151-fa3f27672f1c admin,pending,2026-09-13T02:11:08.923369+00:00,"{""id"":""44b524f5-1277-48f9-8eda-70e769ba3465"",""due_at"":""2036-10-26T03:00:00+00:00"",""status"":""pending"",""created_at"":""2026-09-13T02:11:08.923369+00:00"",""subject_id"":""56f3cf25-84ad-4746-934d-a50e371bf561"",""performed_at"":null,""activity_name"":""col151-fa3f27672f1c admin"",""authority_class"":""facility"",""execution_state"":""none"",""effective_receipt_id"":null,""requirement_version_id"":""7954828e-2856-44ae-8a51-5b4d32ed3c93"",""facility_requirement_id"":""a7da2d96-da69-43b4-bc16-950864034a4f""}",[],[],[],
occurrence,4843ee90-0a12-4e79-a29c-9b82dd8dcc13,col151-fa3f27672f1c admin,pending,2026-09-13T02:11:08.923369+00:00,"{""id"":""4843ee90-0a12-4e79-a29c-9b82dd8dcc13"",""due_at"":""2037-01-04T04:00:00+00:00"",""status"":""pending"",""created_at"":""2026-09-13T02:11:08.923369+00:00"",""subject_id"":""56f3cf25-84ad-4746-934d-a50e371bf561"",""performed_at"":null,""activity_name"":""col151-fa3f27672f1c admin"",""authority_class"":""facility"",""execution_state"":""none"",""effective_receipt_id"":null,""requirement_version_id"":""7954828e-2856-44ae-8a51-5b4d32ed3c93"",""facility_requirement_id"":""a7da2d96-da69-43b4-bc16-950864034a4f""}",[],[],[],
occurrence,4a576334-d6c0-4cfa-9a75-ebb8c8b1a9d9,col151-fa3f27672f1c admin,pending,2026-09-13T02:11:08.923369+00:00,"{""id"":""4a576334-d6c0-4cfa-9a75-ebb8c8b1a9d9"",""due_at"":""2037-12-06T04:00:00+00:00"",""status"":""pending"",""created_at"":""2026-09-13T02:11:08.923369+00:00"",""subject_id"":""56f3cf25-84ad-4746-934d-a50e371bf561"",""performed_at"":null,""activity_name"":""col151-fa3f27672f1c admin"",""authority_class"":""facility"",""execution_state"":""none"",""effective_receipt_id"":null,""requirement_version_id"":""7954828e-2856-44ae-8a51-5b4d32ed3c93"",""facility_requirement_id"":""a7da2d96-da69-43b4-bc16-950864034a4f""}",[],[],[],
occurrence,4d3cc495-2020-444c-af86-98c2c1019191,col151-fa3f27672f1c admin,pending,2026-09-13T02:11:08.923369+00:00,"{""id"":""4d3cc495-2020-444c-af86-98c2c1019191"",""due_at"":""2037-01-11T04:00:00+00:00"",""status"":""pending"",""created_at"":""2026-09-13T02:11:08.923369+00:00"",""subject_id"":""56f3cf25-84ad-4746-934d-a50e371bf561"",""performed_at"":null,""activity_name"":""col151-fa3f27672f1c admin"",""authority_class"":""facility"",""execution_state"":""none"",""effective_receipt_id"":null,""requirement_version_id"":""7954828e-2856-44ae-8a51-5b4d32ed3c93"",""facility_requirement_id"":""a7da2d96-da69-43b4-bc16-950864034a4f""}",[],[],[],
occurrence,4ebda4fa-c792-42e0-baf9-4f7f11058895,col151-fa3f27672f1c admin,pending,2026-09-13T02:11:08.923369+00:00,"{""id"":""4ebda4fa-c792-42e0-baf9-4f7f11058895"",""due_at"":""2038-02-14T04:00:00+00:00"",""status"":""pending"",""created_at"":""2026-09-13T02:11:08.923369+00:00"",""subject_id"":""56f3cf25-84ad-4746-934d-a50e371bf561"",""performed_at"":null,""activity_name"":""col151-fa3f27672f1c admin"",""authority_class"":""facility"",""execution_state"":""none"",""effective_receipt_id"":null,""requirement_version_id"":""7954828e-2856-44ae-8a51-5b4d32ed3c93"",""facility_requirement_id"":""a7da2d96-da69-43b4-bc16-950864034a4f""}",[],[],[],
occurrence,511695e0-c8e6-47b0-897a-5a410bdcac15,col151-fa3f27672f1c admin,pending,2026-09-13T02:11:08.923369+00:00,"{""id"":""511695e0-c8e6-47b0-897a-5a410bdcac15"",""due_at"":""2037-06-28T03:00:00+00:00"",""status"":""pending"",""created_at"":""2026-09-13T02:11:08.923369+00:00"",""subject_id"":""56f3cf25-84ad-4746-934d-a50e371bf561"",""performed_at"":null,""activity_name"":""col151-fa3f27672f1c admin"",""authority_class"":""facility"",""execution_state"":""none"",""effective_receipt_id"":null,""requirement_version_id"":""7954828e-2856-44ae-8a51-5b4d32ed3c93"",""facility_requirement_id"":""a7da2d96-da69-43b4-bc16-950864034a4f""}",[],[],[],
occurrence,529f0bc1-968d-47e4-b349-ecacdcbad8c4,col151-fa3f27672f1c admin,pending,2026-09-13T02:11:08.923369+00:00,"{""id"":""529f0bc1-968d-47e4-b349-ecacdcbad8c4"",""due_at"":""2036-12-28T04:00:00+00:00"",""status"":""pending"",""created_at"":""2026-09-13T02:11:08.923369+00:00"",""subject_id"":""56f3cf25-84ad-4746-934d-a50e371bf561"",""performed_at"":null,""activity_name"":""col151-fa3f27672f1c admin"",""authority_class"":""facility"",""execution_state"":""none"",""effective_receipt_id"":null,""requirement_version_id"":""7954828e-2856-44ae-8a51-5b4d32ed3c93"",""facility_requirement_id"":""a7da2d96-da69-43b4-bc16-950864034a4f""}",[],[],[],
occurrence,5ad74d4a-9a94-4a1f-af8d-5c9c3373801f,col151-fa3f27672f1c admin,pending,2026-09-13T02:11:08.923369+00:00,"{""id"":""5ad74d4a-9a94-4a1f-af8d-5c9c3373801f"",""due_at"":""2038-02-28T04:00:00+00:00"",""status"":""pending"",""created_at"":""2026-09-13T02:11:08.923369+00:00"",""subject_id"":""56f3cf25-84ad-4746-934d-a50e371bf561"",""performed_at"":null,""activity_name"":""col151-fa3f27672f1c admin"",""authority_class"":""facility"",""execution_state"":""none"",""effective_receipt_id"":null,""requirement_version_id"":""7954828e-2856-44ae-8a51-5b4d32ed3c93"",""facility_requirement_id"":""a7da2d96-da69-43b4-bc16-950864034a4f""}",[],[],[],
occurrence,5b65fdab-c532-47f5-9d01-dc5b40b70319,col151-fa3f27672f1c admin,pending,2026-09-13T02:11:08.923369+00:00,"{""id"":""5b65fdab-c532-47f5-9d01-dc5b40b70319"",""due_at"":""2037-07-19T03:00:00+00:00"",""status"":""pending"",""created_at"":""2026-09-13T02:11:08.923369+00:00"",""subject_id"":""56f3cf25-84ad-4746-934d-a50e371bf561"",""performed_at"":null,""activity_name"":""col151-fa3f27672f1c admin"",""authority_class"":""facility"",""execution_state"":""none"",""effective_receipt_id"":null,""requirement_version_id"":""7954828e-2856-44ae-8a51-5b4d32ed3c93"",""facility_requirement_id"":""a7da2d96-da69-43b4-bc16-950864034a4f""}",[],[],[],
occurrence,5cc3a46b-7803-46e4-a567-dfd257f4542a,col151-fa3f27672f1c admin,pending,2026-09-13T02:11:08.923369+00:00,"{""id"":""5cc3a46b-7803-46e4-a567-dfd257f4542a"",""due_at"":""2038-01-24T04:00:00+00:00"",""status"":""pending"",""created_at"":""2026-09-13T02:11:08.923369+00:00"",""subject_id"":""56f3cf25-84ad-4746-934d-a50e371bf561"",""performed_at"":null,""activity_name"":""col151-fa3f27672f1c admin"",""authority_class"":""facility"",""execution_state"":""none"",""effective_receipt_id"":null,""requirement_version_id"":""7954828e-2856-44ae-8a51-5b4d32ed3c93"",""facility_requirement_id"":""a7da2d96-da69-43b4-bc16-950864034a4f""}",[],[],[],
occurrence,5d33000c-7654-45ad-bc3d-99c5fe0c5e8e,col151-fa3f27672f1c admin,pending,2026-09-13T02:11:08.923369+00:00,"{""id"":""5d33000c-7654-45ad-bc3d-99c5fe0c5e8e"",""due_at"":""2036-08-31T03:00:00+00:00"",""status"":""pending"",""created_at"":""2026-09-13T02:11:08.923369+00:00"",""subject_id"":""56f3cf25-84ad-4746-934d-a50e371bf561"",""performed_at"":null,""activity_name"":""col151-fa3f27672f1c admin"",""authority_class"":""facility"",""execution_state"":""none"",""effective_receipt_id"":null,""requirement_version_id"":""7954828e-2856-44ae-8a51-5b4d32ed3c93"",""facility_requirement_id"":""a7da2d96-da69-43b4-bc16-950864034a4f""}",[],[],[],
occurrence,5e5bd265-920b-45dd-b206-6f00451153b5,col151-fa3f27672f1c admin,pending,2026-09-13T02:11:08.923369+00:00,"{""id"":""5e5bd265-920b-45dd-b206-6f00451153b5"",""due_at"":""2037-02-22T04:00:00+00:00"",""status"":""pending"",""created_at"":""2026-09-13T02:11:08.923369+00:00"",""subject_id"":""56f3cf25-84ad-4746-934d-a50e371bf561"",""performed_at"":null,""activity_name"":""col151-fa3f27672f1c admin"",""authority_class"":""facility"",""execution_state"":""none"",""effective_receipt_id"":null,""requirement_version_id"":""7954828e-2856-44ae-8a51-5b4d32ed3c93"",""facility_requirement_id"":""a7da2d96-da69-43b4-bc16-950864034a4f""}",[],[],[],
occurrence,5e71cc4a-52b1-43dd-9144-3f07d0246cb8,col151-fa3f27672f1c admin,pending,2026-09-13T02:11:08.923369+00:00,"{""id"":""5e71cc4a-52b1-43dd-9144-3f07d0246cb8"",""due_at"":""2037-09-13T03:00:00+00:00"",""status"":""pending"",""created_at"":""2026-09-13T02:11:08.923369+00:00"",""subject_id"":""56f3cf25-84ad-4746-934d-a50e371bf561"",""performed_at"":null,""activity_name"":""col151-fa3f27672f1c admin"",""authority_class"":""facility"",""execution_state"":""none"",""effective_receipt_id"":null,""requirement_version_id"":""7954828e-2856-44ae-8a51-5b4d32ed3c93"",""facility_requirement_id"":""a7da2d96-da69-43b4-bc16-950864034a4f""}",[],[],[],
occurrence,5efa212f-f74d-4c04-b329-6181c611ebbe,col151-fa3f27672f1c admin,pending,2026-09-13T02:11:08.923369+00:00,"{""id"":""5efa212f-f74d-4c04-b329-6181c611ebbe"",""due_at"":""2037-06-14T03:00:00+00:00"",""status"":""pending"",""created_at"":""2026-09-13T02:11:08.923369+00:00"",""subject_id"":""56f3cf25-84ad-4746-934d-a50e371bf561"",""performed_at"":null,""activity_name"":""col151-fa3f27672f1c admin"",""authority_class"":""facility"",""execution_state"":""none"",""effective_receipt_id"":null,""requirement_version_id"":""7954828e-2856-44ae-8a51-5b4d32ed3c93"",""facility_requirement_id"":""a7da2d96-da69-43b4-bc16-950864034a4f""}",[],[],[],
occurrence,5f0beeae-4144-4413-9da3-5daedf2e6267,col151-fa3f27672f1c admin,pending,2026-09-13T02:11:08.923369+00:00,"{""id"":""5f0beeae-4144-4413-9da3-5daedf2e6267"",""due_at"":""2036-07-20T03:00:00+00:00"",""status"":""pending"",""created_at"":""2026-09-13T02:11:08.923369+00:00"",""subject_id"":""56f3cf25-84ad-4746-934d-a50e371bf561"",""performed_at"":null,""activity_name"":""col151-fa3f27672f1c admin"",""authority_class"":""facility"",""execution_state"":""none"",""effective_receipt_id"":null,""requirement_version_id"":""7954828e-2856-44ae-8a51-5b4d32ed3c93"",""facility_requirement_id"":""a7da2d96-da69-43b4-bc16-950864034a4f""}",[],[],[],
occurrence,627c1585-bb68-431c-956f-0dc44a71b791,col151-fa3f27672f1c admin,pending,2026-09-13T02:11:08.923369+00:00,"{""id"":""627c1585-bb68-431c-956f-0dc44a71b791"",""due_at"":""2037-04-05T03:00:00+00:00"",""status"":""pending"",""created_at"":""2026-09-13T02:11:08.923369+00:00"",""subject_id"":""56f3cf25-84ad-4746-934d-a50e371bf561"",""performed_at"":null,""activity_name"":""col151-fa3f27672f1c admin"",""authority_class"":""facility"",""execution_state"":""none"",""effective_receipt_id"":null,""requirement_version_id"":""7954828e-2856-44ae-8a51-5b4d32ed3c93"",""facility_requirement_id"":""a7da2d96-da69-43b4-bc16-950864034a4f""}",[],[],[],
occurrence,66e3a52d-eaff-4d85-abaa-c2f0806e251c,col151-fa3f27672f1c admin,pending,2026-09-13T02:11:08.923369+00:00,"{""id"":""66e3a52d-eaff-4d85-abaa-c2f0806e251c"",""due_at"":""2036-12-21T04:00:00+00:00"",""status"":""pending"",""created_at"":""2026-09-13T02:11:08.923369+00:00"",""subject_id"":""56f3cf25-84ad-4746-934d-a50e371bf561"",""performed_at"":null,""activity_name"":""col151-fa3f27672f1c admin"",""authority_class"":""facility"",""execution_state"":""none"",""effective_receipt_id"":null,""requirement_version_id"":""7954828e-2856-44ae-8a51-5b4d32ed3c93"",""facility_requirement_id"":""a7da2d96-da69-43b4-bc16-950864034a4f""}",[],[],[],
occurrence,6929e4d4-af9e-4c2f-b7b1-7a32b1514224,col151-fa3f27672f1c admin,pending,2026-09-13T02:11:08.923369+00:00,"{""id"":""6929e4d4-af9e-4c2f-b7b1-7a32b1514224"",""due_at"":""2037-05-24T03:00:00+00:00"",""status"":""pending"",""created_at"":""2026-09-13T02:11:08.923369+00:00"",""subject_id"":""56f3cf25-84ad-4746-934d-a50e371bf561"",""performed_at"":null,""activity_name"":""col151-fa3f27672f1c admin"",""authority_class"":""facility"",""execution_state"":""none"",""effective_receipt_id"":null,""requirement_version_id"":""7954828e-2856-44ae-8a51-5b4d32ed3c93"",""facility_requirement_id"":""a7da2d96-da69-43b4-bc16-950864034a4f""}",[],[],[],
occurrence,696ee655-0f36-48f8-bc16-f75c77b38ed4,col151-fa3f27672f1c admin,pending,2026-09-13T02:11:08.923369+00:00,"{""id"":""696ee655-0f36-48f8-bc16-f75c77b38ed4"",""due_at"":""2036-04-20T03:00:00+00:00"",""status"":""pending"",""created_at"":""2026-09-13T02:11:08.923369+00:00"",""subject_id"":""56f3cf25-84ad-4746-934d-a50e371bf561"",""performed_at"":null,""activity_name"":""col151-fa3f27672f1c admin"",""authority_class"":""facility"",""execution_state"":""none"",""effective_receipt_id"":null,""requirement_version_id"":""7954828e-2856-44ae-8a51-5b4d32ed3c93"",""facility_requirement_id"":""a7da2d96-da69-43b4-bc16-950864034a4f""}",[],[],[],
occurrence,6dc9c11c-4249-44a1-8ad1-a2e5c7c00fe9,col151-fa3f27672f1c admin,pending,2026-09-13T02:11:08.923369+00:00,"{""id"":""6dc9c11c-4249-44a1-8ad1-a2e5c7c00fe9"",""due_at"":""2037-03-29T03:00:00+00:00"",""status"":""pending"",""created_at"":""2026-09-13T02:11:08.923369+00:00"",""subject_id"":""56f3cf25-84ad-4746-934d-a50e371bf561"",""performed_at"":null,""activity_name"":""col151-fa3f27672f1c admin"",""authority_class"":""facility"",""execution_state"":""none"",""effective_receipt_id"":null,""requirement_version_id"":""7954828e-2856-44ae-8a51-5b4d32ed3c93"",""facility_requirement_id"":""a7da2d96-da69-43b4-bc16-950864034a4f""}",[],[],[],
occurrence,6de7be35-b686-4ac4-a11e-60794daa107c,col151-fa3f27672f1c admin,pending,2026-09-13T02:11:08.923369+00:00,"{""id"":""6de7be35-b686-4ac4-a11e-60794daa107c"",""due_at"":""2037-03-08T04:00:00+00:00"",""status"":""pending"",""created_at"":""2026-09-13T02:11:08.923369+00:00"",""subject_id"":""56f3cf25-84ad-4746-934d-a50e371bf561"",""performed_at"":null,""activity_name"":""col151-fa3f27672f1c admin"",""authority_class"":""facility"",""execution_state"":""none"",""effective_receipt_id"":null,""requirement_version_id"":""7954828e-2856-44ae-8a51-5b4d32ed3c93"",""facility_requirement_id"":""a7da2d96-da69-43b4-bc16-950864034a4f""}",[],[],[],
occurrence,6e098e64-7fcb-46ab-868d-53e6d7270fb3,col151-fa3f27672f1c admin,pending,2026-09-13T02:11:08.923369+00:00,"{""id"":""6e098e64-7fcb-46ab-868d-53e6d7270fb3"",""due_at"":""2038-01-17T04:00:00+00:00"",""status"":""pending"",""created_at"":""2026-09-13T02:11:08.923369+00:00"",""subject_id"":""56f3cf25-84ad-4746-934d-a50e371bf561"",""performed_at"":null,""activity_name"":""col151-fa3f27672f1c admin"",""authority_class"":""facility"",""execution_state"":""none"",""effective_receipt_id"":null,""requirement_version_id"":""7954828e-2856-44ae-8a51-5b4d32ed3c93"",""facility_requirement_id"":""a7da2d96-da69-43b4-bc16-950864034a4f""}",[],[],[],
occurrence,6e87c33b-f2ad-4fbe-8820-d85daa797db5,col151-fa3f27672f1c admin,pending,2026-09-13T02:11:08.923369+00:00,"{""id"":""6e87c33b-f2ad-4fbe-8820-d85daa797db5"",""due_at"":""2037-12-20T04:00:00+00:00"",""status"":""pending"",""created_at"":""2026-09-13T02:11:08.923369+00:00"",""subject_id"":""56f3cf25-84ad-4746-934d-a50e371bf561"",""performed_at"":null,""activity_name"":""col151-fa3f27672f1c admin"",""authority_class"":""facility"",""execution_state"":""none"",""effective_receipt_id"":null,""requirement_version_id"":""7954828e-2856-44ae-8a51-5b4d32ed3c93"",""facility_requirement_id"":""a7da2d96-da69-43b4-bc16-950864034a4f""}",[],[],[],
occurrence,71cf23bf-11fc-4ea7-9f27-a63860b52627,col151-fa3f27672f1c admin,pending,2026-09-13T02:11:08.923369+00:00,"{""id"":""71cf23bf-11fc-4ea7-9f27-a63860b52627"",""due_at"":""2037-08-30T03:00:00+00:00"",""status"":""pending"",""created_at"":""2026-09-13T02:11:08.923369+00:00"",""subject_id"":""56f3cf25-84ad-4746-934d-a50e371bf561"",""performed_at"":null,""activity_name"":""col151-fa3f27672f1c admin"",""authority_class"":""facility"",""execution_state"":""none"",""effective_receipt_id"":null,""requirement_version_id"":""7954828e-2856-44ae-8a51-5b4d32ed3c93"",""facility_requirement_id"":""a7da2d96-da69-43b4-bc16-950864034a4f""}",[],[],[],
occurrence,80692b3c-19a6-42be-84fa-9a0410d3b51f,col151-fa3f27672f1c admin,pending,2026-09-13T02:11:08.923369+00:00,"{""id"":""80692b3c-19a6-42be-84fa-9a0410d3b51f"",""due_at"":""2036-09-07T03:00:00+00:00"",""status"":""pending"",""created_at"":""2026-09-13T02:11:08.923369+00:00"",""subject_id"":""56f3cf25-84ad-4746-934d-a50e371bf561"",""performed_at"":null,""activity_name"":""col151-fa3f27672f1c admin"",""authority_class"":""facility"",""execution_state"":""none"",""effective_receipt_id"":null,""requirement_version_id"":""7954828e-2856-44ae-8a51-5b4d32ed3c93"",""facility_requirement_id"":""a7da2d96-da69-43b4-bc16-950864034a4f""}",[],[],[],
occurrence,887f79d1-42d4-4992-9e44-e9dbc9a6e77c,col151-fa3f27672f1c admin,pending,2026-09-13T02:11:08.923369+00:00,"{""id"":""887f79d1-42d4-4992-9e44-e9dbc9a6e77c"",""due_at"":""2037-04-12T03:00:00+00:00"",""status"":""pending"",""created_at"":""2026-09-13T02:11:08.923369+00:00"",""subject_id"":""56f3cf25-84ad-4746-934d-a50e371bf561"",""performed_at"":null,""activity_name"":""col151-fa3f27672f1c admin"",""authority_class"":""facility"",""execution_state"":""none"",""effective_receipt_id"":null,""requirement_version_id"":""7954828e-2856-44ae-8a51-5b4d32ed3c93"",""facility_requirement_id"":""a7da2d96-da69-43b4-bc16-950864034a4f""}",[],[],[],
occurrence,8b16758f-6379-4ad2-98c8-69a3888c5aae,col151-fa3f27672f1c admin,pending,2026-09-13T02:11:08.923369+00:00,"{""id"":""8b16758f-6379-4ad2-98c8-69a3888c5aae"",""due_at"":""2037-12-13T04:00:00+00:00"",""status"":""pending"",""created_at"":""2026-09-13T02:11:08.923369+00:00"",""subject_id"":""56f3cf25-84ad-4746-934d-a50e371bf561"",""performed_at"":null,""activity_name"":""col151-fa3f27672f1c admin"",""authority_class"":""facility"",""execution_state"":""none"",""effective_receipt_id"":null,""requirement_version_id"":""7954828e-2856-44ae-8a51-5b4d32ed3c93"",""facility_requirement_id"":""a7da2d96-da69-43b4-bc16-950864034a4f""}",[],[],[],
occurrence,8bf5f5e8-dd4f-401c-8742-9682c5777ea6,col151-fa3f27672f1c admin,pending,2026-09-13T02:11:08.923369+00:00,"{""id"":""8bf5f5e8-dd4f-401c-8742-9682c5777ea6"",""due_at"":""2036-08-03T03:00:00+00:00"",""status"":""pending"",""created_at"":""2026-09-13T02:11:08.923369+00:00"",""subject_id"":""56f3cf25-84ad-4746-934d-a50e371bf561"",""performed_at"":null,""activity_name"":""col151-fa3f27672f1c admin"",""authority_class"":""facility"",""execution_state"":""none"",""effective_receipt_id"":null,""requirement_version_id"":""7954828e-2856-44ae-8a51-5b4d32ed3c93"",""facility_requirement_id"":""a7da2d96-da69-43b4-bc16-950864034a4f""}",[],[],[],
occurrence,8f54713a-2e2d-4281-be4c-b82b735d46a1,col151-fa3f27672f1c admin,pending,2026-09-13T02:11:08.923369+00:00,"{""id"":""8f54713a-2e2d-4281-be4c-b82b735d46a1"",""due_at"":""2038-01-03T04:00:00+00:00"",""status"":""pending"",""created_at"":""2026-09-13T02:11:08.923369+00:00"",""subject_id"":""56f3cf25-84ad-4746-934d-a50e371bf561"",""performed_at"":null,""activity_name"":""col151-fa3f27672f1c admin"",""authority_class"":""facility"",""execution_state"":""none"",""effective_receipt_id"":null,""requirement_version_id"":""7954828e-2856-44ae-8a51-5b4d32ed3c93"",""facility_requirement_id"":""a7da2d96-da69-43b4-bc16-950864034a4f""}",[],[],[],
occurrence,8fb4e692-54a3-4dd6-8e9c-64f9512ae758,col151-fa3f27672f1c admin,pending,2026-09-13T02:11:08.923369+00:00,"{""id"":""8fb4e692-54a3-4dd6-8e9c-64f9512ae758"",""due_at"":""2037-08-09T03:00:00+00:00"",""status"":""pending"",""created_at"":""2026-09-13T02:11:08.923369+00:00"",""subject_id"":""56f3cf25-84ad-4746-934d-a50e371bf561"",""performed_at"":null,""activity_name"":""col151-fa3f27672f1c admin"",""authority_class"":""facility"",""execution_state"":""none"",""effective_receipt_id"":null,""requirement_version_id"":""7954828e-2856-44ae-8a51-5b4d32ed3c93"",""facility_requirement_id"":""a7da2d96-da69-43b4-bc16-950864034a4f""}",[],[],[],
occurrence,90570648-f6a9-4a26-a956-52f938caa7f4,col151-fa3f27672f1c admin,pending,2026-09-13T02:11:08.923369+00:00,"{""id"":""90570648-f6a9-4a26-a956-52f938caa7f4"",""due_at"":""2036-11-02T03:00:00+00:00"",""status"":""pending"",""created_at"":""2026-09-13T02:11:08.923369+00:00"",""subject_id"":""56f3cf25-84ad-4746-934d-a50e371bf561"",""performed_at"":null,""activity_name"":""col151-fa3f27672f1c admin"",""authority_class"":""facility"",""execution_state"":""none"",""effective_receipt_id"":null,""requirement_version_id"":""7954828e-2856-44ae-8a51-5b4d32ed3c93"",""facility_requirement_id"":""a7da2d96-da69-43b4-bc16-950864034a4f""}",[],[],[],
occurrence,90602a0c-e749-4f3c-9f8b-0da5a0493623,col151-fa3f27672f1c admin,pending,2026-09-13T02:11:08.923369+00:00,"{""id"":""90602a0c-e749-4f3c-9f8b-0da5a0493623"",""due_at"":""2036-08-10T03:00:00+00:00"",""status"":""pending"",""created_at"":""2026-09-13T02:11:08.923369+00:00"",""subject_id"":""56f3cf25-84ad-4746-934d-a50e371bf561"",""performed_at"":null,""activity_name"":""col151-fa3f27672f1c admin"",""authority_class"":""facility"",""execution_state"":""none"",""effective_receipt_id"":null,""requirement_version_id"":""7954828e-2856-44ae-8a51-5b4d32ed3c93"",""facility_requirement_id"":""a7da2d96-da69-43b4-bc16-950864034a4f""}",[],[],[],
occurrence,9087d54a-f7e3-412e-876e-5fce4a451671,col151-fa3f27672f1c admin,pending,2026-09-13T02:11:08.923369+00:00,"{""id"":""9087d54a-f7e3-412e-876e-5fce4a451671"",""due_at"":""2038-03-14T04:00:00+00:00"",""status"":""pending"",""created_at"":""2026-09-13T02:11:08.923369+00:00"",""subject_id"":""56f3cf25-84ad-4746-934d-a50e371bf561"",""performed_at"":null,""activity_name"":""col151-fa3f27672f1c admin"",""authority_class"":""facility"",""execution_state"":""none"",""effective_receipt_id"":null,""requirement_version_id"":""7954828e-2856-44ae-8a51-5b4d32ed3c93"",""facility_requirement_id"":""a7da2d96-da69-43b4-bc16-950864034a4f""}",[],[],[],
occurrence,9201ebb0-501a-4b95-8911-844e46d5dc5e,col151-fa3f27672f1c admin,pending,2026-09-13T02:11:08.923369+00:00,"{""id"":""9201ebb0-501a-4b95-8911-844e46d5dc5e"",""due_at"":""2037-09-27T03:00:00+00:00"",""status"":""pending"",""created_at"":""2026-09-13T02:11:08.923369+00:00"",""subject_id"":""56f3cf25-84ad-4746-934d-a50e371bf561"",""performed_at"":null,""activity_name"":""col151-fa3f27672f1c admin"",""authority_class"":""facility"",""execution_state"":""none"",""effective_receipt_id"":null,""requirement_version_id"":""7954828e-2856-44ae-8a51-5b4d32ed3c93"",""facility_requirement_id"":""a7da2d96-da69-43b4-bc16-950864034a4f""}",[],[],[],
occurrence,927a29a4-ff9e-4821-8585-6202b8753995,col151-fa3f27672f1c admin,pending,2026-09-13T02:11:08.923369+00:00,"{""id"":""927a29a4-ff9e-4821-8585-6202b8753995"",""due_at"":""2037-02-08T04:00:00+00:00"",""status"":""pending"",""created_at"":""2026-09-13T02:11:08.923369+00:00"",""subject_id"":""56f3cf25-84ad-4746-934d-a50e371bf561"",""performed_at"":null,""activity_name"":""col151-fa3f27672f1c admin"",""authority_class"":""facility"",""execution_state"":""none"",""effective_receipt_id"":null,""requirement_version_id"":""7954828e-2856-44ae-8a51-5b4d32ed3c93"",""facility_requirement_id"":""a7da2d96-da69-43b4-bc16-950864034a4f""}",[],[],[],
occurrence,94a93555-54de-4581-831a-2882e05ab8a3,col151-fa3f27672f1c admin,pending,2026-09-13T02:11:08.923369+00:00,"{""id"":""94a93555-54de-4581-831a-2882e05ab8a3"",""due_at"":""2036-11-23T04:00:00+00:00"",""status"":""pending"",""created_at"":""2026-09-13T02:11:08.923369+00:00"",""subject_id"":""56f3cf25-84ad-4746-934d-a50e371bf561"",""performed_at"":null,""activity_name"":""col151-fa3f27672f1c admin"",""authority_class"":""facility"",""execution_state"":""none"",""effective_receipt_id"":null,""requirement_version_id"":""7954828e-2856-44ae-8a51-5b4d32ed3c93"",""facility_requirement_id"":""a7da2d96-da69-43b4-bc16-950864034a4f""}",[],[],[],
occurrence,9cfed3ab-3550-4fc5-9452-c11d3338f183,col151-fa3f27672f1c admin,pending,2026-09-13T02:11:08.923369+00:00,"{""id"":""9cfed3ab-3550-4fc5-9452-c11d3338f183"",""due_at"":""2037-05-03T03:00:00+00:00"",""status"":""pending"",""created_at"":""2026-09-13T02:11:08.923369+00:00"",""subject_id"":""56f3cf25-84ad-4746-934d-a50e371bf561"",""performed_at"":null,""activity_name"":""col151-fa3f27672f1c admin"",""authority_class"":""facility"",""execution_state"":""none"",""effective_receipt_id"":null,""requirement_version_id"":""7954828e-2856-44ae-8a51-5b4d32ed3c93"",""facility_requirement_id"":""a7da2d96-da69-43b4-bc16-950864034a4f""}",[],[],[],
occurrence,9f9505c9-db12-4245-8a58-28b8b2453c09,col151-fa3f27672f1c admin,pending,2026-09-13T02:11:08.923369+00:00,"{""id"":""9f9505c9-db12-4245-8a58-28b8b2453c09"",""due_at"":""2037-05-17T03:00:00+00:00"",""status"":""pending"",""created_at"":""2026-09-13T02:11:08.923369+00:00"",""subject_id"":""56f3cf25-84ad-4746-934d-a50e371bf561"",""performed_at"":null,""activity_name"":""col151-fa3f27672f1c admin"",""authority_class"":""facility"",""execution_state"":""none"",""effective_receipt_id"":null,""requirement_version_id"":""7954828e-2856-44ae-8a51-5b4d32ed3c93"",""facility_requirement_id"":""a7da2d96-da69-43b4-bc16-950864034a4f""}",[],[],[],
occurrence,9ff407a8-fb7c-4368-853e-569496b3219f,col151-fa3f27672f1c admin,pending,2026-09-13T02:11:08.923369+00:00,"{""id"":""9ff407a8-fb7c-4368-853e-569496b3219f"",""due_at"":""2038-01-10T04:00:00+00:00"",""status"":""pending"",""created_at"":""2026-09-13T02:11:08.923369+00:00"",""subject_id"":""56f3cf25-84ad-4746-934d-a50e371bf561"",""performed_at"":null,""activity_name"":""col151-fa3f27672f1c admin"",""authority_class"":""facility"",""execution_state"":""none"",""effective_receipt_id"":null,""requirement_version_id"":""7954828e-2856-44ae-8a51-5b4d32ed3c93"",""facility_requirement_id"":""a7da2d96-da69-43b4-bc16-950864034a4f""}",[],[],[],
occurrence,a2764dc5-3e0e-47b9-903d-0e97e48b9a17,col151-fa3f27672f1c admin,pending,2026-09-13T02:11:08.923369+00:00,"{""id"":""a2764dc5-3e0e-47b9-903d-0e97e48b9a17"",""due_at"":""2036-07-27T03:00:00+00:00"",""status"":""pending"",""created_at"":""2026-09-13T02:11:08.923369+00:00"",""subject_id"":""56f3cf25-84ad-4746-934d-a50e371bf561"",""performed_at"":null,""activity_name"":""col151-fa3f27672f1c admin"",""authority_class"":""facility"",""execution_state"":""none"",""effective_receipt_id"":null,""requirement_version_id"":""7954828e-2856-44ae-8a51-5b4d32ed3c93"",""facility_requirement_id"":""a7da2d96-da69-43b4-bc16-950864034a4f""}",[],[],[],
occurrence,a782d91b-f48e-4838-a0d6-23a1ae668863,col151-fa3f27672f1c admin,pending,2026-09-13T02:11:08.923369+00:00,"{""id"":""a782d91b-f48e-4838-a0d6-23a1ae668863"",""due_at"":""2037-07-26T03:00:00+00:00"",""status"":""pending"",""created_at"":""2026-09-13T02:11:08.923369+00:00"",""subject_id"":""56f3cf25-84ad-4746-934d-a50e371bf561"",""performed_at"":null,""activity_name"":""col151-fa3f27672f1c admin"",""authority_class"":""facility"",""execution_state"":""none"",""effective_receipt_id"":null,""requirement_version_id"":""7954828e-2856-44ae-8a51-5b4d32ed3c93"",""facility_requirement_id"":""a7da2d96-da69-43b4-bc16-950864034a4f""}",[],[],[],
occurrence,b02d2065-0330-4f15-abb4-b9e1f58f2416,col151-fa3f27672f1c admin,pending,2026-09-13T02:11:08.923369+00:00,"{""id"":""b02d2065-0330-4f15-abb4-b9e1f58f2416"",""due_at"":""2036-12-07T04:00:00+00:00"",""status"":""pending"",""created_at"":""2026-09-13T02:11:08.923369+00:00"",""subject_id"":""56f3cf25-84ad-4746-934d-a50e371bf561"",""performed_at"":null,""activity_name"":""col151-fa3f27672f1c admin"",""authority_class"":""facility"",""execution_state"":""none"",""effective_receipt_id"":null,""requirement_version_id"":""7954828e-2856-44ae-8a51-5b4d32ed3c93"",""facility_requirement_id"":""a7da2d96-da69-43b4-bc16-950864034a4f""}",[],[],[],
occurrence,b0374af4-bb91-475f-974f-e0d032acb118,col151-fa3f27672f1c admin,pending,2026-09-13T02:11:08.923369+00:00,"{""id"":""b0374af4-bb91-475f-974f-e0d032acb118"",""due_at"":""2036-07-06T03:00:00+00:00"",""status"":""pending"",""created_at"":""2026-09-13T02:11:08.923369+00:00"",""subject_id"":""56f3cf25-84ad-4746-934d-a50e371bf561"",""performed_at"":null,""activity_name"":""col151-fa3f27672f1c admin"",""authority_class"":""facility"",""execution_state"":""none"",""effective_receipt_id"":null,""requirement_version_id"":""7954828e-2856-44ae-8a51-5b4d32ed3c93"",""facility_requirement_id"":""a7da2d96-da69-43b4-bc16-950864034a4f""}",[],[],[],
occurrence,b09c37bb-65b7-4fd5-9bad-5d248a03e76b,col151-fa3f27672f1c admin,pending,2026-09-13T02:11:08.923369+00:00,"{""id"":""b09c37bb-65b7-4fd5-9bad-5d248a03e76b"",""due_at"":""2036-10-05T03:00:00+00:00"",""status"":""pending"",""created_at"":""2026-09-13T02:11:08.923369+00:00"",""subject_id"":""56f3cf25-84ad-4746-934d-a50e371bf561"",""performed_at"":null,""activity_name"":""col151-fa3f27672f1c admin"",""authority_class"":""facility"",""execution_state"":""none"",""effective_receipt_id"":null,""requirement_version_id"":""7954828e-2856-44ae-8a51-5b4d32ed3c93"",""facility_requirement_id"":""a7da2d96-da69-43b4-bc16-950864034a4f""}",[],[],[],
occurrence,b253b224-8555-49d2-885c-5e32f2115283,col151-fa3f27672f1c admin,pending,2026-09-13T02:11:08.923369+00:00,"{""id"":""b253b224-8555-49d2-885c-5e32f2115283"",""due_at"":""2036-12-14T04:00:00+00:00"",""status"":""pending"",""created_at"":""2026-09-13T02:11:08.923369+00:00"",""subject_id"":""56f3cf25-84ad-4746-934d-a50e371bf561"",""performed_at"":null,""activity_name"":""col151-fa3f27672f1c admin"",""authority_class"":""facility"",""execution_state"":""none"",""effective_receipt_id"":null,""requirement_version_id"":""7954828e-2856-44ae-8a51-5b4d32ed3c93"",""facility_requirement_id"":""a7da2d96-da69-43b4-bc16-950864034a4f""}",[],[],[],
occurrence,b46eda3a-01bc-4a67-a522-324fd6469d33,col151-fa3f27672f1c admin,pending,2026-09-13T02:11:08.923369+00:00,"{""id"":""b46eda3a-01bc-4a67-a522-324fd6469d33"",""due_at"":""2037-10-11T03:00:00+00:00"",""status"":""pending"",""created_at"":""2026-09-13T02:11:08.923369+00:00"",""subject_id"":""56f3cf25-84ad-4746-934d-a50e371bf561"",""performed_at"":null,""activity_name"":""col151-fa3f27672f1c admin"",""authority_class"":""facility"",""execution_state"":""none"",""effective_receipt_id"":null,""requirement_version_id"":""7954828e-2856-44ae-8a51-5b4d32ed3c93"",""facility_requirement_id"":""a7da2d96-da69-43b4-bc16-950864034a4f""}",[],[],[],
occurrence,ba6bcae3-6c97-4d49-a602-b3165c137b2b,col151-fa3f27672f1c admin,pending,2026-09-13T02:11:08.923369+00:00,"{""id"":""ba6bcae3-6c97-4d49-a602-b3165c137b2b"",""due_at"":""2036-05-25T03:00:00+00:00"",""status"":""pending"",""created_at"":""2026-09-13T02:11:08.923369+00:00"",""subject_id"":""56f3cf25-84ad-4746-934d-a50e371bf561"",""performed_at"":null,""activity_name"":""col151-fa3f27672f1c admin"",""authority_class"":""facility"",""execution_state"":""none"",""effective_receipt_id"":null,""requirement_version_id"":""7954828e-2856-44ae-8a51-5b4d32ed3c93"",""facility_requirement_id"":""a7da2d96-da69-43b4-bc16-950864034a4f""}",[],[],[],
occurrence,bc9c1644-2d9d-4b23-a7a1-a5b02564ce45,col151-fa3f27672f1c admin,pending,2026-09-13T02:11:08.923369+00:00,"{""id"":""bc9c1644-2d9d-4b23-a7a1-a5b02564ce45"",""due_at"":""2037-11-08T04:00:00+00:00"",""status"":""pending"",""created_at"":""2026-09-13T02:11:08.923369+00:00"",""subject_id"":""56f3cf25-84ad-4746-934d-a50e371bf561"",""performed_at"":null,""activity_name"":""col151-fa3f27672f1c admin"",""authority_class"":""facility"",""execution_state"":""none"",""effective_receipt_id"":null,""requirement_version_id"":""7954828e-2856-44ae-8a51-5b4d32ed3c93"",""facility_requirement_id"":""a7da2d96-da69-43b4-bc16-950864034a4f""}",[],[],[],
occurrence,bdfc3776-2349-40e2-9f8e-c24459b0ac04,col151-fa3f27672f1c admin,pending,2026-09-13T02:11:08.923369+00:00,"{""id"":""bdfc3776-2349-40e2-9f8e-c24459b0ac04"",""due_at"":""2037-07-12T03:00:00+00:00"",""status"":""pending"",""created_at"":""2026-09-13T02:11:08.923369+00:00"",""subject_id"":""56f3cf25-84ad-4746-934d-a50e371bf561"",""performed_at"":null,""activity_name"":""col151-fa3f27672f1c admin"",""authority_class"":""facility"",""execution_state"":""none"",""effective_receipt_id"":null,""requirement_version_id"":""7954828e-2856-44ae-8a51-5b4d32ed3c93"",""facility_requirement_id"":""a7da2d96-da69-43b4-bc16-950864034a4f""}",[],[],[],
occurrence,c0efabfb-4471-4445-9cc8-4e4705ba3503,col151-fa3f27672f1c admin,pending,2026-09-13T02:11:08.923369+00:00,"{""id"":""c0efabfb-4471-4445-9cc8-4e4705ba3503"",""due_at"":""2037-12-27T04:00:00+00:00"",""status"":""pending"",""created_at"":""2026-09-13T02:11:08.923369+00:00"",""subject_id"":""56f3cf25-84ad-4746-934d-a50e371bf561"",""performed_at"":null,""activity_name"":""col151-fa3f27672f1c admin"",""authority_class"":""facility"",""execution_state"":""none"",""effective_receipt_id"":null,""requirement_version_id"":""7954828e-2856-44ae-8a51-5b4d32ed3c93"",""facility_requirement_id"":""a7da2d96-da69-43b4-bc16-950864034a4f""}",[],[],[],
occurrence,c37ad935-53b7-4bdb-8e31-41616bdd7979,col151-fa3f27672f1c admin,pending,2026-09-13T02:11:08.923369+00:00,"{""id"":""c37ad935-53b7-4bdb-8e31-41616bdd7979"",""due_at"":""2036-07-13T03:00:00+00:00"",""status"":""pending"",""created_at"":""2026-09-13T02:11:08.923369+00:00"",""subject_id"":""56f3cf25-84ad-4746-934d-a50e371bf561"",""performed_at"":null,""activity_name"":""col151-fa3f27672f1c admin"",""authority_class"":""facility"",""execution_state"":""none"",""effective_receipt_id"":null,""requirement_version_id"":""7954828e-2856-44ae-8a51-5b4d32ed3c93"",""facility_requirement_id"":""a7da2d96-da69-43b4-bc16-950864034a4f""}",[],[],[],
occurrence,c9b6a9a3-5a05-4bc1-93cd-ac788fe16003,col151-fa3f27672f1c admin,pending,2026-09-13T02:11:08.923369+00:00,"{""id"":""c9b6a9a3-5a05-4bc1-93cd-ac788fe16003"",""due_at"":""2036-05-04T03:00:00+00:00"",""status"":""pending"",""created_at"":""2026-09-13T02:11:08.923369+00:00"",""subject_id"":""56f3cf25-84ad-4746-934d-a50e371bf561"",""performed_at"":null,""activity_name"":""col151-fa3f27672f1c admin"",""authority_class"":""facility"",""execution_state"":""none"",""effective_receipt_id"":null,""requirement_version_id"":""7954828e-2856-44ae-8a51-5b4d32ed3c93"",""facility_requirement_id"":""a7da2d96-da69-43b4-bc16-950864034a4f""}",[],[],[],
occurrence,cdbcdccd-254c-4eec-a8ff-6221f766988f,col151-fa3f27672f1c admin,pending,2026-09-13T02:11:08.923369+00:00,"{""id"":""cdbcdccd-254c-4eec-a8ff-6221f766988f"",""due_at"":""2036-08-17T03:00:00+00:00"",""status"":""pending"",""created_at"":""2026-09-13T02:11:08.923369+00:00"",""subject_id"":""56f3cf25-84ad-4746-934d-a50e371bf561"",""performed_at"":null,""activity_name"":""col151-fa3f27672f1c admin"",""authority_class"":""facility"",""execution_state"":""none"",""effective_receipt_id"":null,""requirement_version_id"":""7954828e-2856-44ae-8a51-5b4d32ed3c93"",""facility_requirement_id"":""a7da2d96-da69-43b4-bc16-950864034a4f""}",[],[],[],
occurrence,d159bbe5-5d1b-401b-bd56-483fd96e26d8,col151-fa3f27672f1c admin,pending,2026-09-13T02:11:08.923369+00:00,"{""id"":""d159bbe5-5d1b-401b-bd56-483fd96e26d8"",""due_at"":""2036-10-12T03:00:00+00:00"",""status"":""pending"",""created_at"":""2026-09-13T02:11:08.923369+00:00"",""subject_id"":""56f3cf25-84ad-4746-934d-a50e371bf561"",""performed_at"":null,""activity_name"":""col151-fa3f27672f1c admin"",""authority_class"":""facility"",""execution_state"":""none"",""effective_receipt_id"":null,""requirement_version_id"":""7954828e-2856-44ae-8a51-5b4d32ed3c93"",""facility_requirement_id"":""a7da2d96-da69-43b4-bc16-950864034a4f""}",[],[],[],
occurrence,d18b5e96-718f-450a-be23-6c2800377acf,col151-fa3f27672f1c admin,pending,2026-09-13T02:11:08.923369+00:00,"{""id"":""d18b5e96-718f-450a-be23-6c2800377acf"",""due_at"":""2037-04-19T03:00:00+00:00"",""status"":""pending"",""created_at"":""2026-09-13T02:11:08.923369+00:00"",""subject_id"":""56f3cf25-84ad-4746-934d-a50e371bf561"",""performed_at"":null,""activity_name"":""col151-fa3f27672f1c admin"",""authority_class"":""facility"",""execution_state"":""none"",""effective_receipt_id"":null,""requirement_version_id"":""7954828e-2856-44ae-8a51-5b4d32ed3c93"",""facility_requirement_id"":""a7da2d96-da69-43b4-bc16-950864034a4f""}",[],[],[],
occurrence,d2bbe8b2-b5b3-4a0f-bf08-6059ea35a785,col151-fa3f27672f1c admin,pending,2026-09-13T02:11:08.923369+00:00,"{""id"":""d2bbe8b2-b5b3-4a0f-bf08-6059ea35a785"",""due_at"":""2036-04-27T03:00:00+00:00"",""status"":""pending"",""created_at"":""2026-09-13T02:11:08.923369+00:00"",""subject_id"":""56f3cf25-84ad-4746-934d-a50e371bf561"",""performed_at"":null,""activity_name"":""col151-fa3f27672f1c admin"",""authority_class"":""facility"",""execution_state"":""none"",""effective_receipt_id"":null,""requirement_version_id"":""7954828e-2856-44ae-8a51-5b4d32ed3c93"",""facility_requirement_id"":""a7da2d96-da69-43b4-bc16-950864034a4f""}",[],[],[],
occurrence,d336d721-3446-49ec-a7a3-7d25293ef590,col151-fa3f27672f1c admin,pending,2026-09-13T02:11:08.923369+00:00,"{""id"":""d336d721-3446-49ec-a7a3-7d25293ef590"",""due_at"":""2036-08-24T03:00:00+00:00"",""status"":""pending"",""created_at"":""2026-09-13T02:11:08.923369+00:00"",""subject_id"":""56f3cf25-84ad-4746-934d-a50e371bf561"",""performed_at"":null,""activity_name"":""col151-fa3f27672f1c admin"",""authority_class"":""facility"",""execution_state"":""none"",""effective_receipt_id"":null,""requirement_version_id"":""7954828e-2856-44ae-8a51-5b4d32ed3c93"",""facility_requirement_id"":""a7da2d96-da69-43b4-bc16-950864034a4f""}",[],[],[],
occurrence,d8236bc4-688b-4207-877c-c1cea980c867,col151-fa3f27672f1c admin,pending,2026-09-13T02:11:08.923369+00:00,"{""id"":""d8236bc4-688b-4207-877c-c1cea980c867"",""due_at"":""2036-11-16T04:00:00+00:00"",""status"":""pending"",""created_at"":""2026-09-13T02:11:08.923369+00:00"",""subject_id"":""56f3cf25-84ad-4746-934d-a50e371bf561"",""performed_at"":null,""activity_name"":""col151-fa3f27672f1c admin"",""authority_class"":""facility"",""execution_state"":""none"",""effective_receipt_id"":null,""requirement_version_id"":""7954828e-2856-44ae-8a51-5b4d32ed3c93"",""facility_requirement_id"":""a7da2d96-da69-43b4-bc16-950864034a4f""}",[],[],[],
occurrence,d870a6cc-a611-489b-b885-b6c1c704cac1,col151-fa3f27672f1c admin,pending,2026-09-13T02:11:08.923369+00:00,"{""id"":""d870a6cc-a611-489b-b885-b6c1c704cac1"",""due_at"":""2036-09-28T03:00:00+00:00"",""status"":""pending"",""created_at"":""2026-09-13T02:11:08.923369+00:00"",""subject_id"":""56f3cf25-84ad-4746-934d-a50e371bf561"",""performed_at"":null,""activity_name"":""col151-fa3f27672f1c admin"",""authority_class"":""facility"",""execution_state"":""none"",""effective_receipt_id"":null,""requirement_version_id"":""7954828e-2856-44ae-8a51-5b4d32ed3c93"",""facility_requirement_id"":""a7da2d96-da69-43b4-bc16-950864034a4f""}",[],[],[],
occurrence,d9b97790-8e49-4c0c-973a-542d2fb61cdb,col151-fa3f27672f1c admin,pending,2026-09-13T02:11:08.923369+00:00,"{""id"":""d9b97790-8e49-4c0c-973a-542d2fb61cdb"",""due_at"":""2037-06-07T03:00:00+00:00"",""status"":""pending"",""created_at"":""2026-09-13T02:11:08.923369+00:00"",""subject_id"":""56f3cf25-84ad-4746-934d-a50e371bf561"",""performed_at"":null,""activity_name"":""col151-fa3f27672f1c admin"",""authority_class"":""facility"",""execution_state"":""none"",""effective_receipt_id"":null,""requirement_version_id"":""7954828e-2856-44ae-8a51-5b4d32ed3c93"",""facility_requirement_id"":""a7da2d96-da69-43b4-bc16-950864034a4f""}",[],[],[],
occurrence,dd99f381-e608-4057-b5b7-48f947ecf7a1,col151-fa3f27672f1c admin,pending,2026-09-13T02:11:08.923369+00:00,"{""id"":""dd99f381-e608-4057-b5b7-48f947ecf7a1"",""due_at"":""2037-05-31T03:00:00+00:00"",""status"":""pending"",""created_at"":""2026-09-13T02:11:08.923369+00:00"",""subject_id"":""56f3cf25-84ad-4746-934d-a50e371bf561"",""performed_at"":null,""activity_name"":""col151-fa3f27672f1c admin"",""authority_class"":""facility"",""execution_state"":""none"",""effective_receipt_id"":null,""requirement_version_id"":""7954828e-2856-44ae-8a51-5b4d32ed3c93"",""facility_requirement_id"":""a7da2d96-da69-43b4-bc16-950864034a4f""}",[],[],[],
occurrence,e09dcc14-923b-42a7-80ba-b6f4ce088f2c,col151-fa3f27672f1c admin,pending,2026-09-13T02:11:08.923369+00:00,"{""id"":""e09dcc14-923b-42a7-80ba-b6f4ce088f2c"",""due_at"":""2037-10-18T03:00:00+00:00"",""status"":""pending"",""created_at"":""2026-09-13T02:11:08.923369+00:00"",""subject_id"":""56f3cf25-84ad-4746-934d-a50e371bf561"",""performed_at"":null,""activity_name"":""col151-fa3f27672f1c admin"",""authority_class"":""facility"",""execution_state"":""none"",""effective_receipt_id"":null,""requirement_version_id"":""7954828e-2856-44ae-8a51-5b4d32ed3c93"",""facility_requirement_id"":""a7da2d96-da69-43b4-bc16-950864034a4f""}",[],[],[],
occurrence,e0d9191d-b7a3-4704-9be6-ab34959eeb9c,col151-fa3f27672f1c admin,pending,2026-09-13T02:11:08.923369+00:00,"{""id"":""e0d9191d-b7a3-4704-9be6-ab34959eeb9c"",""due_at"":""2037-01-18T04:00:00+00:00"",""status"":""pending"",""created_at"":""2026-09-13T02:11:08.923369+00:00"",""subject_id"":""56f3cf25-84ad-4746-934d-a50e371bf561"",""performed_at"":null,""activity_name"":""col151-fa3f27672f1c admin"",""authority_class"":""facility"",""execution_state"":""none"",""effective_receipt_id"":null,""requirement_version_id"":""7954828e-2856-44ae-8a51-5b4d32ed3c93"",""facility_requirement_id"":""a7da2d96-da69-43b4-bc16-950864034a4f""}",[],[],[],
occurrence,e2d36299-77fb-40f2-9aea-75fdf4c1ee43,col151-fa3f27672f1c admin,pending,2026-09-13T02:11:08.923369+00:00,"{""id"":""e2d36299-77fb-40f2-9aea-75fdf4c1ee43"",""due_at"":""2037-11-29T04:00:00+00:00"",""status"":""pending"",""created_at"":""2026-09-13T02:11:08.923369+00:00"",""subject_id"":""56f3cf25-84ad-4746-934d-a50e371bf561"",""performed_at"":null,""activity_name"":""col151-fa3f27672f1c admin"",""authority_class"":""facility"",""execution_state"":""none"",""effective_receipt_id"":null,""requirement_version_id"":""7954828e-2856-44ae-8a51-5b4d32ed3c93"",""facility_requirement_id"":""a7da2d96-da69-43b4-bc16-950864034a4f""}",[],[],[],
occurrence,e50dfd41-00e1-4bb6-b30c-c2f41837a1d2,col151-fa3f27672f1c admin,pending,2026-09-13T02:11:08.923369+00:00,"{""id"":""e50dfd41-00e1-4bb6-b30c-c2f41837a1d2"",""due_at"":""2036-11-09T04:00:00+00:00"",""status"":""pending"",""created_at"":""2026-09-13T02:11:08.923369+00:00"",""subject_id"":""56f3cf25-84ad-4746-934d-a50e371bf561"",""performed_at"":null,""activity_name"":""col151-fa3f27672f1c admin"",""authority_class"":""facility"",""execution_state"":""none"",""effective_receipt_id"":null,""requirement_version_id"":""7954828e-2856-44ae-8a51-5b4d32ed3c93"",""facility_requirement_id"":""a7da2d96-da69-43b4-bc16-950864034a4f""}",[],[],[],
occurrence,ee0d4646-9b75-4548-82b4-7d323abd03b0,col151-fa3f27672f1c admin,pending,2026-09-13T02:11:08.923369+00:00,"{""id"":""ee0d4646-9b75-4548-82b4-7d323abd03b0"",""due_at"":""2038-02-21T04:00:00+00:00"",""status"":""pending"",""created_at"":""2026-09-13T02:11:08.923369+00:00"",""subject_id"":""56f3cf25-84ad-4746-934d-a50e371bf561"",""performed_at"":null,""activity_name"":""col151-fa3f27672f1c admin"",""authority_class"":""facility"",""execution_state"":""none"",""effective_receipt_id"":null,""requirement_version_id"":""7954828e-2856-44ae-8a51-5b4d32ed3c93"",""facility_requirement_id"":""a7da2d96-da69-43b4-bc16-950864034a4f""}",[],[],[],
occurrence,ef090bfa-c50e-48ed-96a9-31ef7d950842,col151-fa3f27672f1c admin,pending,2026-09-13T02:11:08.923369+00:00,"{""id"":""ef090bfa-c50e-48ed-96a9-31ef7d950842"",""due_at"":""2037-11-15T04:00:00+00:00"",""status"":""pending"",""created_at"":""2026-09-13T02:11:08.923369+00:00"",""subject_id"":""56f3cf25-84ad-4746-934d-a50e371bf561"",""performed_at"":null,""activity_name"":""col151-fa3f27672f1c admin"",""authority_class"":""facility"",""execution_state"":""none"",""effective_receipt_id"":null,""requirement_version_id"":""7954828e-2856-44ae-8a51-5b4d32ed3c93"",""facility_requirement_id"":""a7da2d96-da69-43b4-bc16-950864034a4f""}",[],[],[],
occurrence,ef2297f6-f764-4e07-aa05-31b1a744c313,col151-fa3f27672f1c admin,pending,2026-09-13T02:11:08.923369+00:00,"{""id"":""ef2297f6-f764-4e07-aa05-31b1a744c313"",""due_at"":""2037-09-06T03:00:00+00:00"",""status"":""pending"",""created_at"":""2026-09-13T02:11:08.923369+00:00"",""subject_id"":""56f3cf25-84ad-4746-934d-a50e371bf561"",""performed_at"":null,""activity_name"":""col151-fa3f27672f1c admin"",""authority_class"":""facility"",""execution_state"":""none"",""effective_receipt_id"":null,""requirement_version_id"":""7954828e-2856-44ae-8a51-5b4d32ed3c93"",""facility_requirement_id"":""a7da2d96-da69-43b4-bc16-950864034a4f""}",[],[],[],
occurrence,f1598a88-a5d9-4a53-9c53-d01a77de7f2e,col151-fa3f27672f1c admin,pending,2026-09-13T02:11:08.923369+00:00,"{""id"":""f1598a88-a5d9-4a53-9c53-d01a77de7f2e"",""due_at"":""2037-07-05T03:00:00+00:00"",""status"":""pending"",""created_at"":""2026-09-13T02:11:08.923369+00:00"",""subject_id"":""56f3cf25-84ad-4746-934d-a50e371bf561"",""performed_at"":null,""activity_name"":""col151-fa3f27672f1c admin"",""authority_class"":""facility"",""execution_state"":""none"",""effective_receipt_id"":null,""requirement_version_id"":""7954828e-2856-44ae-8a51-5b4d32ed3c93"",""facility_requirement_id"":""a7da2d96-da69-43b4-bc16-950864034a4f""}",[],[],[],
occurrence,f81cdb6e-57ae-4ff5-a1a5-e7c219f75f04,col151-fa3f27672f1c admin,pending,2026-09-13T02:11:08.923369+00:00,"{""id"":""f81cdb6e-57ae-4ff5-a1a5-e7c219f75f04"",""due_at"":""2037-10-25T03:00:00+00:00"",""status"":""pending"",""created_at"":""2026-09-13T02:11:08.923369+00:00"",""subject_id"":""56f3cf25-84ad-4746-934d-a50e371bf561"",""performed_at"":null,""activity_name"":""col151-fa3f27672f1c admin"",""authority_class"":""facility"",""execution_state"":""none"",""effective_receipt_id"":null,""requirement_version_id"":""7954828e-2856-44ae-8a51-5b4d32ed3c93"",""facility_requirement_id"":""a7da2d96-da69-43b4-bc16-950864034a4f""}",[],[],[],
occurrence,f8832cc9-b5e8-4607-a455-4b95f675ef28,col151-fa3f27672f1c admin,pending,2026-09-13T02:11:08.923369+00:00,"{""id"":""f8832cc9-b5e8-4607-a455-4b95f675ef28"",""due_at"":""2036-09-21T03:00:00+00:00"",""status"":""pending"",""created_at"":""2026-09-13T02:11:08.923369+00:00"",""subject_id"":""56f3cf25-84ad-4746-934d-a50e371bf561"",""performed_at"":null,""activity_name"":""col151-fa3f27672f1c admin"",""authority_class"":""facility"",""execution_state"":""none"",""effective_receipt_id"":null,""requirement_version_id"":""7954828e-2856-44ae-8a51-5b4d32ed3c93"",""facility_requirement_id"":""a7da2d96-da69-43b4-bc16-950864034a4f""}",[],[],[],
occurrence,fa7105dd-289d-47b1-807c-b5a914711535,col151-fa3f27672f1c admin,pending,2026-09-13T02:11:08.923369+00:00,"{""id"":""fa7105dd-289d-47b1-807c-b5a914711535"",""due_at"":""2037-11-01T03:00:00+00:00"",""status"":""pending"",""created_at"":""2026-09-13T02:11:08.923369+00:00"",""subject_id"":""56f3cf25-84ad-4746-934d-a50e371bf561"",""performed_at"":null,""activity_name"":""col151-fa3f27672f1c admin"",""authority_class"":""facility"",""execution_state"":""none"",""effective_receipt_id"":null,""requirement_version_id"":""7954828e-2856-44ae-8a51-5b4d32ed3c93"",""facility_requirement_id"":""a7da2d96-da69-43b4-bc16-950864034a4f""}",[],[],[],
occurrence,fbeae2e0-6862-489f-b1e1-2c29839b161e,col151-fa3f27672f1c admin,pending,2026-09-13T02:11:08.923369+00:00,"{""id"":""fbeae2e0-6862-489f-b1e1-2c29839b161e"",""due_at"":""2036-06-22T03:00:00+00:00"",""status"":""pending"",""created_at"":""2026-09-13T02:11:08.923369+00:00"",""subject_id"":""56f3cf25-84ad-4746-934d-a50e371bf561"",""performed_at"":null,""activity_name"":""col151-fa3f27672f1c admin"",""authority_class"":""facility"",""execution_state"":""none"",""effective_receipt_id"":null,""requirement_version_id"":""7954828e-2856-44ae-8a51-5b4d32ed3c93"",""facility_requirement_id"":""a7da2d96-da69-43b4-bc16-950864034a4f""}",[],[],[],
occurrence,fdd32d7e-ecfe-4fa7-b4a0-b2a16146883f,col151-fa3f27672f1c admin,pending,2026-09-13T02:11:08.923369+00:00,"{""id"":""fdd32d7e-ecfe-4fa7-b4a0-b2a16146883f"",""due_at"":""2036-09-14T03:00:00+00:00"",""status"":""pending"",""created_at"":""2026-09-13T02:11:08.923369+00:00"",""subject_id"":""56f3cf25-84ad-4746-934d-a50e371bf561"",""performed_at"":null,""activity_name"":""col151-fa3f27672f1c admin"",""authority_class"":""facility"",""execution_state"":""none"",""effective_receipt_id"":null,""requirement_version_id"":""7954828e-2856-44ae-8a51-5b4d32ed3c93"",""facility_requirement_id"":""a7da2d96-da69-43b4-bc16-950864034a4f""}",[],[],[],
occurrence,feae84a5-8dfe-443c-b1ca-7b4c5e3dc40b,col151-fa3f27672f1c admin,pending,2026-09-13T02:11:08.923369+00:00,"{""id"":""feae84a5-8dfe-443c-b1ca-7b4c5e3dc40b"",""due_at"":""2037-06-21T03:00:00+00:00"",""status"":""pending"",""created_at"":""2026-09-13T02:11:08.923369+00:00"",""subject_id"":""56f3cf25-84ad-4746-934d-a50e371bf561"",""performed_at"":null,""activity_name"":""col151-fa3f27672f1c admin"",""authority_class"":""facility"",""execution_state"":""none"",""effective_receipt_id"":null,""requirement_version_id"":""7954828e-2856-44ae-8a51-5b4d32ed3c93"",""facility_requirement_id"":""a7da2d96-da69-43b4-bc16-950864034a4f""}",[],[],[],
occurrence,ff264f5f-c05e-4467-9f6f-8ecf3107efca,col151-fa3f27672f1c admin,pending,2026-09-13T02:11:08.923369+00:00,"{""id"":""ff264f5f-c05e-4467-9f6f-8ecf3107efca"",""due_at"":""2036-06-08T03:00:00+00:00"",""status"":""pending"",""created_at"":""2026-09-13T02:11:08.923369+00:00"",""subject_id"":""56f3cf25-84ad-4746-934d-a50e371bf561"",""performed_at"":null,""activity_name"":""col151-fa3f27672f1c admin"",""authority_class"":""facility"",""execution_state"":""none"",""effective_receipt_id"":null,""requirement_version_id"":""7954828e-2856-44ae-8a51-5b4d32ed3c93"",""facility_requirement_id"":""a7da2d96-da69-43b4-bc16-950864034a4f""}",[],[],[],
occurrence,01f30686-2ba3-4f07-8132-f0d34c0ee726,col151-fa3f27672f1c admin,pending,2026-09-13T02:11:09.429756+00:00,"{""id"":""01f30686-2ba3-4f07-8132-f0d34c0ee726"",""due_at"":""2040-02-05T04:00:00+00:00"",""status"":""pending"",""created_at"":""2026-09-13T02:11:09.429756+00:00"",""subject_id"":""56f3cf25-84ad-4746-934d-a50e371bf561"",""performed_at"":null,""activity_name"":""col151-fa3f27672f1c admin"",""authority_class"":""facility"",""execution_state"":""none"",""effective_receipt_id"":null,""requirement_version_id"":""7954828e-2856-44ae-8a51-5b4d32ed3c93"",""facility_requirement_id"":""a7da2d96-da69-43b4-bc16-950864034a4f""}",[],[],[],
occurrence,02f1ff58-31a0-4c1e-b20f-32db842afd1c,col151-fa3f27672f1c admin,pending,2026-09-13T02:11:09.429756+00:00,"{""id"":""02f1ff58-31a0-4c1e-b20f-32db842afd1c"",""due_at"":""2039-09-18T03:00:00+00:00"",""status"":""pending"",""created_at"":""2026-09-13T02:11:09.429756+00:00"",""subject_id"":""56f3cf25-84ad-4746-934d-a50e371bf561"",""performed_at"":null,""activity_name"":""col151-fa3f27672f1c admin"",""authority_class"":""facility"",""execution_state"":""none"",""effective_receipt_id"":null,""requirement_version_id"":""7954828e-2856-44ae-8a51-5b4d32ed3c93"",""facility_requirement_id"":""a7da2d96-da69-43b4-bc16-950864034a4f""}",[],[],[],
occurrence,0dc229ee-8acc-49e5-b63e-21d93b8247b4,col151-fa3f27672f1c admin,pending,2026-09-13T02:11:09.429756+00:00,"{""id"":""0dc229ee-8acc-49e5-b63e-21d93b8247b4"",""due_at"":""2039-08-21T03:00:00+00:00"",""status"":""pending"",""created_at"":""2026-09-13T02:11:09.429756+00:00"",""subject_id"":""56f3cf25-84ad-4746-934d-a50e371bf561"",""performed_at"":null,""activity_name"":""col151-fa3f27672f1c admin"",""authority_class"":""facility"",""execution_state"":""none"",""effective_receipt_id"":null,""requirement_version_id"":""7954828e-2856-44ae-8a51-5b4d32ed3c93"",""facility_requirement_id"":""a7da2d96-da69-43b4-bc16-950864034a4f""}",[],[],[],
occurrence,0ef3218a-276c-4561-8bc4-1aa00daad9e7,col151-fa3f27672f1c admin,pending,2026-09-13T02:11:09.429756+00:00,"{""id"":""0ef3218a-276c-4561-8bc4-1aa00daad9e7"",""due_at"":""2039-08-14T03:00:00+00:00"",""status"":""pending"",""created_at"":""2026-09-13T02:11:09.429756+00:00"",""subject_id"":""56f3cf25-84ad-4746-934d-a50e371bf561"",""performed_at"":null,""activity_name"":""col151-fa3f27672f1c admin"",""authority_class"":""facility"",""execution_state"":""none"",""effective_receipt_id"":null,""requirement_version_id"":""7954828e-2856-44ae-8a51-5b4d32ed3c93"",""facility_requirement_id"":""a7da2d96-da69-43b4-bc16-950864034a4f""}",[],[],[],
occurrence,116c71e3-afa4-4b43-ab03-1815329063d9,col151-fa3f27672f1c admin,pending,2026-09-13T02:11:09.429756+00:00,"{""id"":""116c71e3-afa4-4b43-ab03-1815329063d9"",""due_at"":""2039-01-16T04:00:00+00:00"",""status"":""pending"",""created_at"":""2026-09-13T02:11:09.429756+00:00"",""subject_id"":""56f3cf25-84ad-4746-934d-a50e371bf561"",""performed_at"":null,""activity_name"":""col151-fa3f27672f1c admin"",""authority_class"":""facility"",""execution_state"":""none"",""effective_receipt_id"":null,""requirement_version_id"":""7954828e-2856-44ae-8a51-5b4d32ed3c93"",""facility_requirement_id"":""a7da2d96-da69-43b4-bc16-950864034a4f""}",[],[],[],
occurrence,158fd6b8-b664-4094-a13d-3794795d1ce1,col151-fa3f27672f1c admin,pending,2026-09-13T02:11:09.429756+00:00,"{""id"":""158fd6b8-b664-4094-a13d-3794795d1ce1"",""due_at"":""2040-01-15T04:00:00+00:00"",""status"":""pending"",""created_at"":""2026-09-13T02:11:09.429756+00:00"",""subject_id"":""56f3cf25-84ad-4746-934d-a50e371bf561"",""performed_at"":null,""activity_name"":""col151-fa3f27672f1c admin"",""authority_class"":""facility"",""execution_state"":""none"",""effective_receipt_id"":null,""requirement_version_id"":""7954828e-2856-44ae-8a51-5b4d32ed3c93"",""facility_requirement_id"":""a7da2d96-da69-43b4-bc16-950864034a4f""}",[],[],[],
occurrence,160cc1fe-4020-4200-bc76-d67c02ed5324,col151-fa3f27672f1c admin,pending,2026-09-13T02:11:09.429756+00:00,"{""id"":""160cc1fe-4020-4200-bc76-d67c02ed5324"",""due_at"":""2039-04-24T03:00:00+00:00"",""status"":""pending"",""created_at"":""2026-09-13T02:11:09.429756+00:00"",""subject_id"":""56f3cf25-84ad-4746-934d-a50e371bf561"",""performed_at"":null,""activity_name"":""col151-fa3f27672f1c admin"",""authority_class"":""facility"",""execution_state"":""none"",""effective_receipt_id"":null,""requirement_version_id"":""7954828e-2856-44ae-8a51-5b4d32ed3c93"",""facility_requirement_id"":""a7da2d96-da69-43b4-bc16-950864034a4f""}",[],[],[],
occurrence,19c09d4a-e5ff-4d20-af9d-58944984245e,col151-fa3f27672f1c admin,pending,2026-09-13T02:11:09.429756+00:00,"{""id"":""19c09d4a-e5ff-4d20-af9d-58944984245e"",""due_at"":""2039-11-20T04:00:00+00:00"",""status"":""pending"",""created_at"":""2026-09-13T02:11:09.429756+00:00"",""subject_id"":""56f3cf25-84ad-4746-934d-a50e371bf561"",""performed_at"":null,""activity_name"":""col151-fa3f27672f1c admin"",""authority_class"":""facility"",""execution_state"":""none"",""effective_receipt_id"":null,""requirement_version_id"":""7954828e-2856-44ae-8a51-5b4d32ed3c93"",""facility_requirement_id"":""a7da2d96-da69-43b4-bc16-950864034a4f""}",[],[],[],
occurrence,1e881f18-da77-4e37-9364-1fedd02bbaf9,col151-fa3f27672f1c admin,pending,2026-09-13T02:11:09.429756+00:00,"{""id"":""1e881f18-da77-4e37-9364-1fedd02bbaf9"",""due_at"":""2038-04-04T03:00:00+00:00"",""status"":""pending"",""created_at"":""2026-09-13T02:11:09.429756+00:00"",""subject_id"":""56f3cf25-84ad-4746-934d-a50e371bf561"",""performed_at"":null,""activity_name"":""col151-fa3f27672f1c admin"",""authority_class"":""facility"",""execution_state"":""none"",""effective_receipt_id"":null,""requirement_version_id"":""7954828e-2856-44ae-8a51-5b4d32ed3c93"",""facility_requirement_id"":""a7da2d96-da69-43b4-bc16-950864034a4f""}",[],[],[],
occurrence,1ec9e3d1-5f67-42f0-9d82-8cd9348625cc,col151-fa3f27672f1c admin,pending,2026-09-13T02:11:09.429756+00:00,"{""id"":""1ec9e3d1-5f67-42f0-9d82-8cd9348625cc"",""due_at"":""2039-04-03T03:00:00+00:00"",""status"":""pending"",""created_at"":""2026-09-13T02:11:09.429756+00:00"",""subject_id"":""56f3cf25-84ad-4746-934d-a50e371bf561"",""performed_at"":null,""activity_name"":""col151-fa3f27672f1c admin"",""authority_class"":""facility"",""execution_state"":""none"",""effective_receipt_id"":null,""requirement_version_id"":""7954828e-2856-44ae-8a51-5b4d32ed3c93"",""facility_requirement_id"":""a7da2d96-da69-43b4-bc16-950864034a4f""}",[],[],[],
occurrence,224c81bc-fe8e-4cdb-8f99-02a526442059,col151-fa3f27672f1c admin,pending,2026-09-13T02:11:09.429756+00:00,"{""id"":""224c81bc-fe8e-4cdb-8f99-02a526442059"",""due_at"":""2039-06-26T03:00:00+00:00"",""status"":""pending"",""created_at"":""2026-09-13T02:11:09.429756+00:00"",""subject_id"":""56f3cf25-84ad-4746-934d-a50e371bf561"",""performed_at"":null,""activity_name"":""col151-fa3f27672f1c admin"",""authority_class"":""facility"",""execution_state"":""none"",""effective_receipt_id"":null,""requirement_version_id"":""7954828e-2856-44ae-8a51-5b4d32ed3c93"",""facility_requirement_id"":""a7da2d96-da69-43b4-bc16-950864034a4f""}",[],[],[],
occurrence,22ae5f32-41f0-434b-86ff-58a9e517ce5a,col151-fa3f27672f1c admin,pending,2026-09-13T02:11:09.429756+00:00,"{""id"":""22ae5f32-41f0-434b-86ff-58a9e517ce5a"",""due_at"":""2040-02-12T04:00:00+00:00"",""status"":""pending"",""created_at"":""2026-09-13T02:11:09.429756+00:00"",""subject_id"":""56f3cf25-84ad-4746-934d-a50e371bf561"",""performed_at"":null,""activity_name"":""col151-fa3f27672f1c admin"",""authority_class"":""facility"",""execution_state"":""none"",""effective_receipt_id"":null,""requirement_version_id"":""7954828e-2856-44ae-8a51-5b4d32ed3c93"",""facility_requirement_id"":""a7da2d96-da69-43b4-bc16-950864034a4f""}",[],[],[],
occurrence,2983419f-c59e-421a-8400-d6e227519aad,col151-fa3f27672f1c admin,pending,2026-09-13T02:11:09.429756+00:00,"{""id"":""2983419f-c59e-421a-8400-d6e227519aad"",""due_at"":""2038-03-28T03:00:00+00:00"",""status"":""pending"",""created_at"":""2026-09-13T02:11:09.429756+00:00"",""subject_id"":""56f3cf25-84ad-4746-934d-a50e371bf561"",""performed_at"":null,""activity_name"":""col151-fa3f27672f1c admin"",""authority_class"":""facility"",""execution_state"":""none"",""effective_receipt_id"":null,""requirement_version_id"":""7954828e-2856-44ae-8a51-5b4d32ed3c93"",""facility_requirement_id"":""a7da2d96-da69-43b4-bc16-950864034a4f""}",[],[],[],
occurrence,2be8076a-2be0-4d8b-8180-f41db9ccad11,col151-fa3f27672f1c admin,pending,2026-09-13T02:11:09.429756+00:00,"{""id"":""2be8076a-2be0-4d8b-8180-f41db9ccad11"",""due_at"":""2039-07-24T03:00:00+00:00"",""status"":""pending"",""created_at"":""2026-09-13T02:11:09.429756+00:00"",""subject_id"":""56f3cf25-84ad-4746-934d-a50e371bf561"",""performed_at"":null,""activity_name"":""col151-fa3f27672f1c admin"",""authority_class"":""facility"",""execution_state"":""none"",""effective_receipt_id"":null,""requirement_version_id"":""7954828e-2856-44ae-8a51-5b4d32ed3c93"",""facility_requirement_id"":""a7da2d96-da69-43b4-bc16-950864034a4f""}",[],[],[],
occurrence,2f05e36a-5399-4809-9c9c-4ccaa3b8e14f,col151-fa3f27672f1c admin,pending,2026-09-13T02:11:09.429756+00:00,"{""id"":""2f05e36a-5399-4809-9c9c-4ccaa3b8e14f"",""due_at"":""2038-06-20T03:00:00+00:00"",""status"":""pending"",""created_at"":""2026-09-13T02:11:09.429756+00:00"",""subject_id"":""56f3cf25-84ad-4746-934d-a50e371bf561"",""performed_at"":null,""activity_name"":""col151-fa3f27672f1c admin"",""authority_class"":""facility"",""execution_state"":""none"",""effective_receipt_id"":null,""requirement_version_id"":""7954828e-2856-44ae-8a51-5b4d32ed3c93"",""facility_requirement_id"":""a7da2d96-da69-43b4-bc16-950864034a4f""}",[],[],[],
occurrence,3039b5b8-0d7e-44b8-a238-2c491f2db2ae,col151-fa3f27672f1c admin,pending,2026-09-13T02:11:09.429756+00:00,"{""id"":""3039b5b8-0d7e-44b8-a238-2c491f2db2ae"",""due_at"":""2038-07-18T03:00:00+00:00"",""status"":""pending"",""created_at"":""2026-09-13T02:11:09.429756+00:00"",""subject_id"":""56f3cf25-84ad-4746-934d-a50e371bf561"",""performed_at"":null,""activity_name"":""col151-fa3f27672f1c admin"",""authority_class"":""facility"",""execution_state"":""none"",""effective_receipt_id"":null,""requirement_version_id"":""7954828e-2856-44ae-8a51-5b4d32ed3c93"",""facility_requirement_id"":""a7da2d96-da69-43b4-bc16-950864034a4f""}",[],[],[],
occurrence,313fb189-bd3a-489f-9db5-ddf12993b5bf,col151-fa3f27672f1c admin,pending,2026-09-13T02:11:09.429756+00:00,"{""id"":""313fb189-bd3a-489f-9db5-ddf12993b5bf"",""due_at"":""2038-11-28T04:00:00+00:00"",""status"":""pending"",""created_at"":""2026-09-13T02:11:09.429756+00:00"",""subject_id"":""56f3cf25-84ad-4746-934d-a50e371bf561"",""performed_at"":null,""activity_name"":""col151-fa3f27672f1c admin"",""authority_class"":""facility"",""execution_state"":""none"",""effective_receipt_id"":null,""requirement_version_id"":""7954828e-2856-44ae-8a51-5b4d32ed3c93"",""facility_requirement_id"":""a7da2d96-da69-43b4-bc16-950864034a4f""}",[],[],[],
occurrence,32707e9e-71e5-48d8-a0af-7ee1b43685fb,col151-fa3f27672f1c admin,pending,2026-09-13T02:11:09.429756+00:00,"{""id"":""32707e9e-71e5-48d8-a0af-7ee1b43685fb"",""due_at"":""2039-04-17T03:00:00+00:00"",""status"":""pending"",""created_at"":""2026-09-13T02:11:09.429756+00:00"",""subject_id"":""56f3cf25-84ad-4746-934d-a50e371bf561"",""performed_at"":null,""activity_name"":""col151-fa3f27672f1c admin"",""authority_class"":""facility"",""execution_state"":""none"",""effective_receipt_id"":null,""requirement_version_id"":""7954828e-2856-44ae-8a51-5b4d32ed3c93"",""facility_requirement_id"":""a7da2d96-da69-43b4-bc16-950864034a4f""}",[],[],[],
occurrence,3534dcb8-7672-4256-8eb4-ff4a5259bba1,col151-fa3f27672f1c admin,pending,2026-09-13T02:11:09.429756+00:00,"{""id"":""3534dcb8-7672-4256-8eb4-ff4a5259bba1"",""due_at"":""2038-12-05T04:00:00+00:00"",""status"":""pending"",""created_at"":""2026-09-13T02:11:09.429756+00:00"",""subject_id"":""56f3cf25-84ad-4746-934d-a50e371bf561"",""performed_at"":null,""activity_name"":""col151-fa3f27672f1c admin"",""authority_class"":""facility"",""execution_state"":""none"",""effective_receipt_id"":null,""requirement_version_id"":""7954828e-2856-44ae-8a51-5b4d32ed3c93"",""facility_requirement_id"":""a7da2d96-da69-43b4-bc16-950864034a4f""}",[],[],[],
occurrence,35395131-076b-466a-a27b-721c989c0f3b,col151-fa3f27672f1c admin,pending,2026-09-13T02:11:09.429756+00:00,"{""id"":""35395131-076b-466a-a27b-721c989c0f3b"",""due_at"":""2039-07-31T03:00:00+00:00"",""status"":""pending"",""created_at"":""2026-09-13T02:11:09.429756+00:00"",""subject_id"":""56f3cf25-84ad-4746-934d-a50e371bf561"",""performed_at"":null,""activity_name"":""col151-fa3f27672f1c admin"",""authority_class"":""facility"",""execution_state"":""none"",""effective_receipt_id"":null,""requirement_version_id"":""7954828e-2856-44ae-8a51-5b4d32ed3c93"",""facility_requirement_id"":""a7da2d96-da69-43b4-bc16-950864034a4f""}",[],[],[],
occurrence,37588e1d-bc93-41a5-bd1e-02d6eeed303f,col151-fa3f27672f1c admin,pending,2026-09-13T02:11:09.429756+00:00,"{""id"":""37588e1d-bc93-41a5-bd1e-02d6eeed303f"",""due_at"":""2038-10-17T03:00:00+00:00"",""status"":""pending"",""created_at"":""2026-09-13T02:11:09.429756+00:00"",""subject_id"":""56f3cf25-84ad-4746-934d-a50e371bf561"",""performed_at"":null,""activity_name"":""col151-fa3f27672f1c admin"",""authority_class"":""facility"",""execution_state"":""none"",""effective_receipt_id"":null,""requirement_version_id"":""7954828e-2856-44ae-8a51-5b4d32ed3c93"",""facility_requirement_id"":""a7da2d96-da69-43b4-bc16-950864034a4f""}",[],[],[],
occurrence,42f04617-705d-487f-8b65-8d358eeb90c9,col151-fa3f27672f1c admin,pending,2026-09-13T02:11:09.429756+00:00,"{""id"":""42f04617-705d-487f-8b65-8d358eeb90c9"",""due_at"":""2038-09-12T03:00:00+00:00"",""status"":""pending"",""created_at"":""2026-09-13T02:11:09.429756+00:00"",""subject_id"":""56f3cf25-84ad-4746-934d-a50e371bf561"",""performed_at"":null,""activity_name"":""col151-fa3f27672f1c admin"",""authority_class"":""facility"",""execution_state"":""none"",""effective_receipt_id"":null,""requirement_version_id"":""7954828e-2856-44ae-8a51-5b4d32ed3c93"",""facility_requirement_id"":""a7da2d96-da69-43b4-bc16-950864034a4f""}",[],[],[],
occurrence,48b091fb-b0d0-4ca2-b71f-a30b1db23f42,col151-fa3f27672f1c admin,pending,2026-09-13T02:11:09.429756+00:00,"{""id"":""48b091fb-b0d0-4ca2-b71f-a30b1db23f42"",""due_at"":""2038-09-19T03:00:00+00:00"",""status"":""pending"",""created_at"":""2026-09-13T02:11:09.429756+00:00"",""subject_id"":""56f3cf25-84ad-4746-934d-a50e371bf561"",""performed_at"":null,""activity_name"":""col151-fa3f27672f1c admin"",""authority_class"":""facility"",""execution_state"":""none"",""effective_receipt_id"":null,""requirement_version_id"":""7954828e-2856-44ae-8a51-5b4d32ed3c93"",""facility_requirement_id"":""a7da2d96-da69-43b4-bc16-950864034a4f""}",[],[],[],
occurrence,497570f7-cc83-42ec-9232-0a051466f3ea,col151-fa3f27672f1c admin,pending,2026-09-13T02:11:09.429756+00:00,"{""id"":""497570f7-cc83-42ec-9232-0a051466f3ea"",""due_at"":""2039-09-04T03:00:00+00:00"",""status"":""pending"",""created_at"":""2026-09-13T02:11:09.429756+00:00"",""subject_id"":""56f3cf25-84ad-4746-934d-a50e371bf561"",""performed_at"":null,""activity_name"":""col151-fa3f27672f1c admin"",""authority_class"":""facility"",""execution_state"":""none"",""effective_receipt_id"":null,""requirement_version_id"":""7954828e-2856-44ae-8a51-5b4d32ed3c93"",""facility_requirement_id"":""a7da2d96-da69-43b4-bc16-950864034a4f""}",[],[],[],
occurrence,4a8257dc-0a77-4fa2-b18b-e7d1f4423071,col151-fa3f27672f1c admin,pending,2026-09-13T02:11:09.429756+00:00,"{""id"":""4a8257dc-0a77-4fa2-b18b-e7d1f4423071"",""due_at"":""2038-06-06T03:00:00+00:00"",""status"":""pending"",""created_at"":""2026-09-13T02:11:09.429756+00:00"",""subject_id"":""56f3cf25-84ad-4746-934d-a50e371bf561"",""performed_at"":null,""activity_name"":""col151-fa3f27672f1c admin"",""authority_class"":""facility"",""execution_state"":""none"",""effective_receipt_id"":null,""requirement_version_id"":""7954828e-2856-44ae-8a51-5b4d32ed3c93"",""facility_requirement_id"":""a7da2d96-da69-43b4-bc16-950864034a4f""}",[],[],[],
occurrence,4ae033ff-6eb9-4c2d-b6da-ec2ca904cc99,col151-fa3f27672f1c admin,pending,2026-09-13T02:11:09.429756+00:00,"{""id"":""4ae033ff-6eb9-4c2d-b6da-ec2ca904cc99"",""due_at"":""2039-09-25T03:00:00+00:00"",""status"":""pending"",""created_at"":""2026-09-13T02:11:09.429756+00:00"",""subject_id"":""56f3cf25-84ad-4746-934d-a50e371bf561"",""performed_at"":null,""activity_name"":""col151-fa3f27672f1c admin"",""authority_class"":""facility"",""execution_state"":""none"",""effective_receipt_id"":null,""requirement_version_id"":""7954828e-2856-44ae-8a51-5b4d32ed3c93"",""facility_requirement_id"":""a7da2d96-da69-43b4-bc16-950864034a4f""}",[],[],[],
occurrence,4bf3bfa3-037b-4f26-b602-f2318c35f7a8,col151-fa3f27672f1c admin,pending,2026-09-13T02:11:09.429756+00:00,"{""id"":""4bf3bfa3-037b-4f26-b602-f2318c35f7a8"",""due_at"":""2039-12-25T04:00:00+00:00"",""status"":""pending"",""created_at"":""2026-09-13T02:11:09.429756+00:00"",""subject_id"":""56f3cf25-84ad-4746-934d-a50e371bf561"",""performed_at"":null,""activity_name"":""col151-fa3f27672f1c admin"",""authority_class"":""facility"",""execution_state"":""none"",""effective_receipt_id"":null,""requirement_version_id"":""7954828e-2856-44ae-8a51-5b4d32ed3c93"",""facility_requirement_id"":""a7da2d96-da69-43b4-bc16-950864034a4f""}",[],[],[],
occurrence,54b29268-0f08-486f-a454-17313591d9c1,col151-fa3f27672f1c admin,pending,2026-09-13T02:11:09.429756+00:00,"{""id"":""54b29268-0f08-486f-a454-17313591d9c1"",""due_at"":""2039-11-06T03:00:00+00:00"",""status"":""pending"",""created_at"":""2026-09-13T02:11:09.429756+00:00"",""subject_id"":""56f3cf25-84ad-4746-934d-a50e371bf561"",""performed_at"":null,""activity_name"":""col151-fa3f27672f1c admin"",""authority_class"":""facility"",""execution_state"":""none"",""effective_receipt_id"":null,""requirement_version_id"":""7954828e-2856-44ae-8a51-5b4d32ed3c93"",""facility_requirement_id"":""a7da2d96-da69-43b4-bc16-950864034a4f""}",[],[],[],
occurrence,5a2cd3cb-84bf-4627-8310-26fa94842356,col151-fa3f27672f1c admin,pending,2026-09-13T02:11:09.429756+00:00,"{""id"":""5a2cd3cb-84bf-4627-8310-26fa94842356"",""due_at"":""2039-12-04T04:00:00+00:00"",""status"":""pending"",""created_at"":""2026-09-13T02:11:09.429756+00:00"",""subject_id"":""56f3cf25-84ad-4746-934d-a50e371bf561"",""performed_at"":null,""activity_name"":""col151-fa3f27672f1c admin"",""authority_class"":""facility"",""execution_state"":""none"",""effective_receipt_id"":null,""requirement_version_id"":""7954828e-2856-44ae-8a51-5b4d32ed3c93"",""facility_requirement_id"":""a7da2d96-da69-43b4-bc16-950864034a4f""}",[],[],[],
occurrence,5b3e646c-5a2f-4215-ba6a-25ee5337cc7d,col151-fa3f27672f1c admin,pending,2026-09-13T02:11:09.429756+00:00,"{""id"":""5b3e646c-5a2f-4215-ba6a-25ee5337cc7d"",""due_at"":""2038-08-22T03:00:00+00:00"",""status"":""pending"",""created_at"":""2026-09-13T02:11:09.429756+00:00"",""subject_id"":""56f3cf25-84ad-4746-934d-a50e371bf561"",""performed_at"":null,""activity_name"":""col151-fa3f27672f1c admin"",""authority_class"":""facility"",""execution_state"":""none"",""effective_receipt_id"":null,""requirement_version_id"":""7954828e-2856-44ae-8a51-5b4d32ed3c93"",""facility_requirement_id"":""a7da2d96-da69-43b4-bc16-950864034a4f""}",[],[],[],
occurrence,5c6b4454-d678-4bf4-a05d-85a9f4383a39,col151-fa3f27672f1c admin,pending,2026-09-13T02:11:09.429756+00:00,"{""id"":""5c6b4454-d678-4bf4-a05d-85a9f4383a39"",""due_at"":""2039-10-30T03:00:00+00:00"",""status"":""pending"",""created_at"":""2026-09-13T02:11:09.429756+00:00"",""subject_id"":""56f3cf25-84ad-4746-934d-a50e371bf561"",""performed_at"":null,""activity_name"":""col151-fa3f27672f1c admin"",""authority_class"":""facility"",""execution_state"":""none"",""effective_receipt_id"":null,""requirement_version_id"":""7954828e-2856-44ae-8a51-5b4d32ed3c93"",""facility_requirement_id"":""a7da2d96-da69-43b4-bc16-950864034a4f""}",[],[],[],
occurrence,5d6eb4b3-a2bb-479c-855f-1908bc67bf3a,col151-fa3f27672f1c admin,pending,2026-09-13T02:11:09.429756+00:00,"{""id"":""5d6eb4b3-a2bb-479c-855f-1908bc67bf3a"",""due_at"":""2039-01-23T04:00:00+00:00"",""status"":""pending"",""created_at"":""2026-09-13T02:11:09.429756+00:00"",""subject_id"":""56f3cf25-84ad-4746-934d-a50e371bf561"",""performed_at"":null,""activity_name"":""col151-fa3f27672f1c admin"",""authority_class"":""facility"",""execution_state"":""none"",""effective_receipt_id"":null,""requirement_version_id"":""7954828e-2856-44ae-8a51-5b4d32ed3c93"",""facility_requirement_id"":""a7da2d96-da69-43b4-bc16-950864034a4f""}",[],[],[],
occurrence,5ec5fd5b-7c93-4362-b8df-daad912c3be1,col151-fa3f27672f1c admin,pending,2026-09-13T02:11:09.429756+00:00,"{""id"":""5ec5fd5b-7c93-4362-b8df-daad912c3be1"",""due_at"":""2039-07-10T03:00:00+00:00"",""status"":""pending"",""created_at"":""2026-09-13T02:11:09.429756+00:00"",""subject_id"":""56f3cf25-84ad-4746-934d-a50e371bf561"",""performed_at"":null,""activity_name"":""col151-fa3f27672f1c admin"",""authority_class"":""facility"",""execution_state"":""none"",""effective_receipt_id"":null,""requirement_version_id"":""7954828e-2856-44ae-8a51-5b4d32ed3c93"",""facility_requirement_id"":""a7da2d96-da69-43b4-bc16-950864034a4f""}",[],[],[],
occurrence,5f3177a6-ba74-4e81-9fff-27c1097c1f7e,col151-fa3f27672f1c admin,pending,2026-09-13T02:11:09.429756+00:00,"{""id"":""5f3177a6-ba74-4e81-9fff-27c1097c1f7e"",""due_at"":""2039-01-30T04:00:00+00:00"",""status"":""pending"",""created_at"":""2026-09-13T02:11:09.429756+00:00"",""subject_id"":""56f3cf25-84ad-4746-934d-a50e371bf561"",""performed_at"":null,""activity_name"":""col151-fa3f27672f1c admin"",""authority_class"":""facility"",""execution_state"":""none"",""effective_receipt_id"":null,""requirement_version_id"":""7954828e-2856-44ae-8a51-5b4d32ed3c93"",""facility_requirement_id"":""a7da2d96-da69-43b4-bc16-950864034a4f""}",[],[],[],
occurrence,61d9cee4-0207-4c3a-b732-cdad40fc4667,col151-fa3f27672f1c admin,pending,2026-09-13T02:11:09.429756+00:00,"{""id"":""61d9cee4-0207-4c3a-b732-cdad40fc4667"",""due_at"":""2039-04-10T03:00:00+00:00"",""status"":""pending"",""created_at"":""2026-09-13T02:11:09.429756+00:00"",""subject_id"":""56f3cf25-84ad-4746-934d-a50e371bf561"",""performed_at"":null,""activity_name"":""col151-fa3f27672f1c admin"",""authority_class"":""facility"",""execution_state"":""none"",""effective_receipt_id"":null,""requirement_version_id"":""7954828e-2856-44ae-8a51-5b4d32ed3c93"",""facility_requirement_id"":""a7da2d96-da69-43b4-bc16-950864034a4f""}",[],[],[],
occurrence,61fb22dd-99ff-4783-b486-6909270eeee1,col151-fa3f27672f1c admin,pending,2026-09-13T02:11:09.429756+00:00,"{""id"":""61fb22dd-99ff-4783-b486-6909270eeee1"",""due_at"":""2038-07-25T03:00:00+00:00"",""status"":""pending"",""created_at"":""2026-09-13T02:11:09.429756+00:00"",""subject_id"":""56f3cf25-84ad-4746-934d-a50e371bf561"",""performed_at"":null,""activity_name"":""col151-fa3f27672f1c admin"",""authority_class"":""facility"",""execution_state"":""none"",""effective_receipt_id"":null,""requirement_version_id"":""7954828e-2856-44ae-8a51-5b4d32ed3c93"",""facility_requirement_id"":""a7da2d96-da69-43b4-bc16-950864034a4f""}",[],[],[],
occurrence,63d8fd42-e4cf-466e-a00f-3ebd9a9335b2,col151-fa3f27672f1c admin,pending,2026-09-13T02:11:09.429756+00:00,"{""id"":""63d8fd42-e4cf-466e-a00f-3ebd9a9335b2"",""due_at"":""2039-05-22T03:00:00+00:00"",""status"":""pending"",""created_at"":""2026-09-13T02:11:09.429756+00:00"",""subject_id"":""56f3cf25-84ad-4746-934d-a50e371bf561"",""performed_at"":null,""activity_name"":""col151-fa3f27672f1c admin"",""authority_class"":""facility"",""execution_state"":""none"",""effective_receipt_id"":null,""requirement_version_id"":""7954828e-2856-44ae-8a51-5b4d32ed3c93"",""facility_requirement_id"":""a7da2d96-da69-43b4-bc16-950864034a4f""}",[],[],[],
occurrence,690b23d7-3a47-4f36-9218-7272eb34b17b,col151-fa3f27672f1c admin,pending,2026-09-13T02:11:09.429756+00:00,"{""id"":""690b23d7-3a47-4f36-9218-7272eb34b17b"",""due_at"":""2039-12-11T04:00:00+00:00"",""status"":""pending"",""created_at"":""2026-09-13T02:11:09.429756+00:00"",""subject_id"":""56f3cf25-84ad-4746-934d-a50e371bf561"",""performed_at"":null,""activity_name"":""col151-fa3f27672f1c admin"",""authority_class"":""facility"",""execution_state"":""none"",""effective_receipt_id"":null,""requirement_version_id"":""7954828e-2856-44ae-8a51-5b4d32ed3c93"",""facility_requirement_id"":""a7da2d96-da69-43b4-bc16-950864034a4f""}",[],[],[],
occurrence,6b301eec-d7a2-47c6-995c-a64f86f31f73,col151-fa3f27672f1c admin,pending,2026-09-13T02:11:09.429756+00:00,"{""id"":""6b301eec-d7a2-47c6-995c-a64f86f31f73"",""due_at"":""2039-10-09T03:00:00+00:00"",""status"":""pending"",""created_at"":""2026-09-13T02:11:09.429756+00:00"",""subject_id"":""56f3cf25-84ad-4746-934d-a50e371bf561"",""performed_at"":null,""activity_name"":""col151-fa3f27672f1c admin"",""authority_class"":""facility"",""execution_state"":""none"",""effective_receipt_id"":null,""requirement_version_id"":""7954828e-2856-44ae-8a51-5b4d32ed3c93"",""facility_requirement_id"":""a7da2d96-da69-43b4-bc16-950864034a4f""}",[],[],[],
occurrence,70de82ff-83fc-4d93-9963-6c9d22742d92,col151-fa3f27672f1c admin,pending,2026-09-13T02:11:09.429756+00:00,"{""id"":""70de82ff-83fc-4d93-9963-6c9d22742d92"",""due_at"":""2039-01-02T04:00:00+00:00"",""status"":""pending"",""created_at"":""2026-09-13T02:11:09.429756+00:00"",""subject_id"":""56f3cf25-84ad-4746-934d-a50e371bf561"",""performed_at"":null,""activity_name"":""col151-fa3f27672f1c admin"",""authority_class"":""facility"",""execution_state"":""none"",""effective_receipt_id"":null,""requirement_version_id"":""7954828e-2856-44ae-8a51-5b4d32ed3c93"",""facility_requirement_id"":""a7da2d96-da69-43b4-bc16-950864034a4f""}",[],[],[],
occurrence,729943a2-5de4-43d7-b7ac-0f38aec72b80,col151-fa3f27672f1c admin,pending,2026-09-13T02:11:09.429756+00:00,"{""id"":""729943a2-5de4-43d7-b7ac-0f38aec72b80"",""due_at"":""2039-03-20T03:00:00+00:00"",""status"":""pending"",""created_at"":""2026-09-13T02:11:09.429756+00:00"",""subject_id"":""56f3cf25-84ad-4746-934d-a50e371bf561"",""performed_at"":null,""activity_name"":""col151-fa3f27672f1c admin"",""authority_class"":""facility"",""execution_state"":""none"",""effective_receipt_id"":null,""requirement_version_id"":""7954828e-2856-44ae-8a51-5b4d32ed3c93"",""facility_requirement_id"":""a7da2d96-da69-43b4-bc16-950864034a4f""}",[],[],[],
occurrence,746ec34a-be97-4cc5-b313-fc61ca07196c,col151-fa3f27672f1c admin,pending,2026-09-13T02:11:09.429756+00:00,"{""id"":""746ec34a-be97-4cc5-b313-fc61ca07196c"",""due_at"":""2038-03-21T03:00:00+00:00"",""status"":""pending"",""created_at"":""2026-09-13T02:11:09.429756+00:00"",""subject_id"":""56f3cf25-84ad-4746-934d-a50e371bf561"",""performed_at"":null,""activity_name"":""col151-fa3f27672f1c admin"",""authority_class"":""facility"",""execution_state"":""none"",""effective_receipt_id"":null,""requirement_version_id"":""7954828e-2856-44ae-8a51-5b4d32ed3c93"",""facility_requirement_id"":""a7da2d96-da69-43b4-bc16-950864034a4f""}",[],[],[],
occurrence,748b71f3-5093-49ef-bbe9-841f4ab1fc86,col151-fa3f27672f1c admin,pending,2026-09-13T02:11:09.429756+00:00,"{""id"":""748b71f3-5093-49ef-bbe9-841f4ab1fc86"",""due_at"":""2039-05-08T03:00:00+00:00"",""status"":""pending"",""created_at"":""2026-09-13T02:11:09.429756+00:00"",""subject_id"":""56f3cf25-84ad-4746-934d-a50e371bf561"",""performed_at"":null,""activity_name"":""col151-fa3f27672f1c admin"",""authority_class"":""facility"",""execution_state"":""none"",""effective_receipt_id"":null,""requirement_version_id"":""7954828e-2856-44ae-8a51-5b4d32ed3c93"",""facility_requirement_id"":""a7da2d96-da69-43b4-bc16-950864034a4f""}",[],[],[],
occurrence,75012543-89d0-49a3-b5af-83b95c1dd1fc,col151-fa3f27672f1c admin,pending,2026-09-13T02:11:09.429756+00:00,"{""id"":""75012543-89d0-49a3-b5af-83b95c1dd1fc"",""due_at"":""2039-07-03T03:00:00+00:00"",""status"":""pending"",""created_at"":""2026-09-13T02:11:09.429756+00:00"",""subject_id"":""56f3cf25-84ad-4746-934d-a50e371bf561"",""performed_at"":null,""activity_name"":""col151-fa3f27672f1c admin"",""authority_class"":""facility"",""execution_state"":""none"",""effective_receipt_id"":null,""requirement_version_id"":""7954828e-2856-44ae-8a51-5b4d32ed3c93"",""facility_requirement_id"":""a7da2d96-da69-43b4-bc16-950864034a4f""}",[],[],[],
occurrence,7525e4e6-9cea-474d-b258-02da65cc510a,col151-fa3f27672f1c admin,pending,2026-09-13T02:11:09.429756+00:00,"{""id"":""7525e4e6-9cea-474d-b258-02da65cc510a"",""due_at"":""2040-01-08T04:00:00+00:00"",""status"":""pending"",""created_at"":""2026-09-13T02:11:09.429756+00:00"",""subject_id"":""56f3cf25-84ad-4746-934d-a50e371bf561"",""performed_at"":null,""activity_name"":""col151-fa3f27672f1c admin"",""authority_class"":""facility"",""execution_state"":""none"",""effective_receipt_id"":null,""requirement_version_id"":""7954828e-2856-44ae-8a51-5b4d32ed3c93"",""facility_requirement_id"":""a7da2d96-da69-43b4-bc16-950864034a4f""}",[],[],[],
occurrence,7553c46b-932c-4b54-bb59-475ae9c61344,col151-fa3f27672f1c admin,pending,2026-09-13T02:11:09.429756+00:00,"{""id"":""7553c46b-932c-4b54-bb59-475ae9c61344"",""due_at"":""2039-01-09T04:00:00+00:00"",""status"":""pending"",""created_at"":""2026-09-13T02:11:09.429756+00:00"",""subject_id"":""56f3cf25-84ad-4746-934d-a50e371bf561"",""performed_at"":null,""activity_name"":""col151-fa3f27672f1c admin"",""authority_class"":""facility"",""execution_state"":""none"",""effective_receipt_id"":null,""requirement_version_id"":""7954828e-2856-44ae-8a51-5b4d32ed3c93"",""facility_requirement_id"":""a7da2d96-da69-43b4-bc16-950864034a4f""}",[],[],[],
occurrence,78a00dc8-2e16-4a9a-b96d-ef9a227b5eb6,col151-fa3f27672f1c admin,pending,2026-09-13T02:11:09.429756+00:00,"{""id"":""78a00dc8-2e16-4a9a-b96d-ef9a227b5eb6"",""due_at"":""2039-06-19T03:00:00+00:00"",""status"":""pending"",""created_at"":""2026-09-13T02:11:09.429756+00:00"",""subject_id"":""56f3cf25-84ad-4746-934d-a50e371bf561"",""performed_at"":null,""activity_name"":""col151-fa3f27672f1c admin"",""authority_class"":""facility"",""execution_state"":""none"",""effective_receipt_id"":null,""requirement_version_id"":""7954828e-2856-44ae-8a51-5b4d32ed3c93"",""facility_requirement_id"":""a7da2d96-da69-43b4-bc16-950864034a4f""}",[],[],[],
occurrence,79ea38dc-9610-433e-bbcd-ae107621db80,col151-fa3f27672f1c admin,pending,2026-09-13T02:11:09.429756+00:00,"{""id"":""79ea38dc-9610-433e-bbcd-ae107621db80"",""due_at"":""2038-10-03T03:00:00+00:00"",""status"":""pending"",""created_at"":""2026-09-13T02:11:09.429756+00:00"",""subject_id"":""56f3cf25-84ad-4746-934d-a50e371bf561"",""performed_at"":null,""activity_name"":""col151-fa3f27672f1c admin"",""authority_class"":""facility"",""execution_state"":""none"",""effective_receipt_id"":null,""requirement_version_id"":""7954828e-2856-44ae-8a51-5b4d32ed3c93"",""facility_requirement_id"":""a7da2d96-da69-43b4-bc16-950864034a4f""}",[],[],[],
occurrence,7d430da5-d55c-4240-9f6c-6ad08f30a8aa,col151-fa3f27672f1c admin,pending,2026-09-13T02:11:09.429756+00:00,"{""id"":""7d430da5-d55c-4240-9f6c-6ad08f30a8aa"",""due_at"":""2038-10-31T03:00:00+00:00"",""status"":""pending"",""created_at"":""2026-09-13T02:11:09.429756+00:00"",""subject_id"":""56f3cf25-84ad-4746-934d-a50e371bf561"",""performed_at"":null,""activity_name"":""col151-fa3f27672f1c admin"",""authority_class"":""facility"",""execution_state"":""none"",""effective_receipt_id"":null,""requirement_version_id"":""7954828e-2856-44ae-8a51-5b4d32ed3c93"",""facility_requirement_id"":""a7da2d96-da69-43b4-bc16-950864034a4f""}",[],[],[],
occurrence,7fe73ca7-ef26-4f5d-9b9b-44cc5f1f3d8c,col151-fa3f27672f1c admin,pending,2026-09-13T02:11:09.429756+00:00,"{""id"":""7fe73ca7-ef26-4f5d-9b9b-44cc5f1f3d8c"",""due_at"":""2039-11-27T04:00:00+00:00"",""status"":""pending"",""created_at"":""2026-09-13T02:11:09.429756+00:00"",""subject_id"":""56f3cf25-84ad-4746-934d-a50e371bf561"",""performed_at"":null,""activity_name"":""col151-fa3f27672f1c admin"",""authority_class"":""facility"",""execution_state"":""none"",""effective_receipt_id"":null,""requirement_version_id"":""7954828e-2856-44ae-8a51-5b4d32ed3c93"",""facility_requirement_id"":""a7da2d96-da69-43b4-bc16-950864034a4f""}",[],[],[],
occurrence,86e507f3-6074-4481-aba4-dc53a95a44b8,col151-fa3f27672f1c admin,pending,2026-09-13T02:11:09.429756+00:00,"{""id"":""86e507f3-6074-4481-aba4-dc53a95a44b8"",""due_at"":""2038-09-26T03:00:00+00:00"",""status"":""pending"",""created_at"":""2026-09-13T02:11:09.429756+00:00"",""subject_id"":""56f3cf25-84ad-4746-934d-a50e371bf561"",""performed_at"":null,""activity_name"":""col151-fa3f27672f1c admin"",""authority_class"":""facility"",""execution_state"":""none"",""effective_receipt_id"":null,""requirement_version_id"":""7954828e-2856-44ae-8a51-5b4d32ed3c93"",""facility_requirement_id"":""a7da2d96-da69-43b4-bc16-950864034a4f""}",[],[],[],
occurrence,89b63819-082e-4e2a-9a33-4363a89582be,col151-fa3f27672f1c admin,pending,2026-09-13T02:11:09.429756+00:00,"{""id"":""89b63819-082e-4e2a-9a33-4363a89582be"",""due_at"":""2038-06-27T03:00:00+00:00"",""status"":""pending"",""created_at"":""2026-09-13T02:11:09.429756+00:00"",""subject_id"":""56f3cf25-84ad-4746-934d-a50e371bf561"",""performed_at"":null,""activity_name"":""col151-fa3f27672f1c admin"",""authority_class"":""facility"",""execution_state"":""none"",""effective_receipt_id"":null,""requirement_version_id"":""7954828e-2856-44ae-8a51-5b4d32ed3c93"",""facility_requirement_id"":""a7da2d96-da69-43b4-bc16-950864034a4f""}",[],[],[],
occurrence,8d2ed6e1-f1e7-41ea-bbc0-c8b211590c4b,col151-fa3f27672f1c admin,pending,2026-09-13T02:11:09.429756+00:00,"{""id"":""8d2ed6e1-f1e7-41ea-bbc0-c8b211590c4b"",""due_at"":""2038-04-11T03:00:00+00:00"",""status"":""pending"",""created_at"":""2026-09-13T02:11:09.429756+00:00"",""subject_id"":""56f3cf25-84ad-4746-934d-a50e371bf561"",""performed_at"":null,""activity_name"":""col151-fa3f27672f1c admin"",""authority_class"":""facility"",""execution_state"":""none"",""effective_receipt_id"":null,""requirement_version_id"":""7954828e-2856-44ae-8a51-5b4d32ed3c93"",""facility_requirement_id"":""a7da2d96-da69-43b4-bc16-950864034a4f""}",[],[],[],
occurrence,8d8630b1-cdfd-46d1-93ba-c07a7ebf1bb1,col151-fa3f27672f1c admin,pending,2026-09-13T02:11:09.429756+00:00,"{""id"":""8d8630b1-cdfd-46d1-93ba-c07a7ebf1bb1"",""due_at"":""2039-11-13T04:00:00+00:00"",""status"":""pending"",""created_at"":""2026-09-13T02:11:09.429756+00:00"",""subject_id"":""56f3cf25-84ad-4746-934d-a50e371bf561"",""performed_at"":null,""activity_name"":""col151-fa3f27672f1c admin"",""authority_class"":""facility"",""execution_state"":""none"",""effective_receipt_id"":null,""requirement_version_id"":""7954828e-2856-44ae-8a51-5b4d32ed3c93"",""facility_requirement_id"":""a7da2d96-da69-43b4-bc16-950864034a4f""}",[],[],[],
occurrence,8f1a5479-2d74-4e6f-b0e7-a777a706b300,col151-fa3f27672f1c admin,pending,2026-09-13T02:11:09.429756+00:00,"{""id"":""8f1a5479-2d74-4e6f-b0e7-a777a706b300"",""due_at"":""2038-12-19T04:00:00+00:00"",""status"":""pending"",""created_at"":""2026-09-13T02:11:09.429756+00:00"",""subject_id"":""56f3cf25-84ad-4746-934d-a50e371bf561"",""performed_at"":null,""activity_name"":""col151-fa3f27672f1c admin"",""authority_class"":""facility"",""execution_state"":""none"",""effective_receipt_id"":null,""requirement_version_id"":""7954828e-2856-44ae-8a51-5b4d32ed3c93"",""facility_requirement_id"":""a7da2d96-da69-43b4-bc16-950864034a4f""}",[],[],[],
occurrence,8fb87aa4-614f-476e-a4f6-c97837ed30d4,col151-fa3f27672f1c admin,pending,2026-09-13T02:11:09.429756+00:00,"{""id"":""8fb87aa4-614f-476e-a4f6-c97837ed30d4"",""due_at"":""2039-09-11T03:00:00+00:00"",""status"":""pending"",""created_at"":""2026-09-13T02:11:09.429756+00:00"",""subject_id"":""56f3cf25-84ad-4746-934d-a50e371bf561"",""performed_at"":null,""activity_name"":""col151-fa3f27672f1c admin"",""authority_class"":""facility"",""execution_state"":""none"",""effective_receipt_id"":null,""requirement_version_id"":""7954828e-2856-44ae-8a51-5b4d32ed3c93"",""facility_requirement_id"":""a7da2d96-da69-43b4-bc16-950864034a4f""}",[],[],[],
occurrence,939c6740-f59d-4e12-b7c4-b9a7ec0c1bff,col151-fa3f27672f1c admin,pending,2026-09-13T02:11:09.429756+00:00,"{""id"":""939c6740-f59d-4e12-b7c4-b9a7ec0c1bff"",""due_at"":""2038-08-01T03:00:00+00:00"",""status"":""pending"",""created_at"":""2026-09-13T02:11:09.429756+00:00"",""subject_id"":""56f3cf25-84ad-4746-934d-a50e371bf561"",""performed_at"":null,""activity_name"":""col151-fa3f27672f1c admin"",""authority_class"":""facility"",""execution_state"":""none"",""effective_receipt_id"":null,""requirement_version_id"":""7954828e-2856-44ae-8a51-5b4d32ed3c93"",""facility_requirement_id"":""a7da2d96-da69-43b4-bc16-950864034a4f""}",[],[],[],
occurrence,93feaf24-bef1-4388-93c3-61a58f0e058c,col151-fa3f27672f1c admin,pending,2026-09-13T02:11:09.429756+00:00,"{""id"":""93feaf24-bef1-4388-93c3-61a58f0e058c"",""due_at"":""2039-08-07T03:00:00+00:00"",""status"":""pending"",""created_at"":""2026-09-13T02:11:09.429756+00:00"",""subject_id"":""56f3cf25-84ad-4746-934d-a50e371bf561"",""performed_at"":null,""activity_name"":""col151-fa3f27672f1c admin"",""authority_class"":""facility"",""execution_state"":""none"",""effective_receipt_id"":null,""requirement_version_id"":""7954828e-2856-44ae-8a51-5b4d32ed3c93"",""facility_requirement_id"":""a7da2d96-da69-43b4-bc16-950864034a4f""}",[],[],[],
occurrence,9d0a2550-381e-4a22-b582-0cdf866522f9,col151-fa3f27672f1c admin,pending,2026-09-13T02:11:09.429756+00:00,"{""id"":""9d0a2550-381e-4a22-b582-0cdf866522f9"",""due_at"":""2038-08-15T03:00:00+00:00"",""status"":""pending"",""created_at"":""2026-09-13T02:11:09.429756+00:00"",""subject_id"":""56f3cf25-84ad-4746-934d-a50e371bf561"",""performed_at"":null,""activity_name"":""col151-fa3f27672f1c admin"",""authority_class"":""facility"",""execution_state"":""none"",""effective_receipt_id"":null,""requirement_version_id"":""7954828e-2856-44ae-8a51-5b4d32ed3c93"",""facility_requirement_id"":""a7da2d96-da69-43b4-bc16-950864034a4f""}",[],[],[],
occurrence,a3c3011f-99d2-434b-a8d2-dff2291bccfb,col151-fa3f27672f1c admin,pending,2026-09-13T02:11:09.429756+00:00,"{""id"":""a3c3011f-99d2-434b-a8d2-dff2291bccfb"",""due_at"":""2038-05-23T03:00:00+00:00"",""status"":""pending"",""created_at"":""2026-09-13T02:11:09.429756+00:00"",""subject_id"":""56f3cf25-84ad-4746-934d-a50e371bf561"",""performed_at"":null,""activity_name"":""col151-fa3f27672f1c admin"",""authority_class"":""facility"",""execution_state"":""none"",""effective_receipt_id"":null,""requirement_version_id"":""7954828e-2856-44ae-8a51-5b4d32ed3c93"",""facility_requirement_id"":""a7da2d96-da69-43b4-bc16-950864034a4f""}",[],[],[],
occurrence,a79fb316-9ef8-48e3-ac85-5deaf971aa09,col151-fa3f27672f1c admin,pending,2026-09-13T02:11:09.429756+00:00,"{""id"":""a79fb316-9ef8-48e3-ac85-5deaf971aa09"",""due_at"":""2038-11-21T04:00:00+00:00"",""status"":""pending"",""created_at"":""2026-09-13T02:11:09.429756+00:00"",""subject_id"":""56f3cf25-84ad-4746-934d-a50e371bf561"",""performed_at"":null,""activity_name"":""col151-fa3f27672f1c admin"",""authority_class"":""facility"",""execution_state"":""none"",""effective_receipt_id"":null,""requirement_version_id"":""7954828e-2856-44ae-8a51-5b4d32ed3c93"",""facility_requirement_id"":""a7da2d96-da69-43b4-bc16-950864034a4f""}",[],[],[],
occurrence,a86c2ff3-3bf2-4c8f-8e64-8c367ead4948,col151-fa3f27672f1c admin,pending,2026-09-13T02:11:09.429756+00:00,"{""id"":""a86c2ff3-3bf2-4c8f-8e64-8c367ead4948"",""due_at"":""2040-01-29T04:00:00+00:00"",""status"":""pending"",""created_at"":""2026-09-13T02:11:09.429756+00:00"",""subject_id"":""56f3cf25-84ad-4746-934d-a50e371bf561"",""performed_at"":null,""activity_name"":""col151-fa3f27672f1c admin"",""authority_class"":""facility"",""execution_state"":""none"",""effective_receipt_id"":null,""requirement_version_id"":""7954828e-2856-44ae-8a51-5b4d32ed3c93"",""facility_requirement_id"":""a7da2d96-da69-43b4-bc16-950864034a4f""}",[],[],[],
occurrence,ac61b713-7379-457f-b0a3-4049f21e926f,col151-fa3f27672f1c admin,pending,2026-09-13T02:11:09.429756+00:00,"{""id"":""ac61b713-7379-457f-b0a3-4049f21e926f"",""due_at"":""2038-05-09T03:00:00+00:00"",""status"":""pending"",""created_at"":""2026-09-13T02:11:09.429756+00:00"",""subject_id"":""56f3cf25-84ad-4746-934d-a50e371bf561"",""performed_at"":null,""activity_name"":""col151-fa3f27672f1c admin"",""authority_class"":""facility"",""execution_state"":""none"",""effective_receipt_id"":null,""requirement_version_id"":""7954828e-2856-44ae-8a51-5b4d32ed3c93"",""facility_requirement_id"":""a7da2d96-da69-43b4-bc16-950864034a4f""}",[],[],[],
occurrence,adf45dfd-9206-4b48-9b58-c02517c7036f,col151-fa3f27672f1c admin,pending,2026-09-13T02:11:09.429756+00:00,"{""id"":""adf45dfd-9206-4b48-9b58-c02517c7036f"",""due_at"":""2038-07-04T03:00:00+00:00"",""status"":""pending"",""created_at"":""2026-09-13T02:11:09.429756+00:00"",""subject_id"":""56f3cf25-84ad-4746-934d-a50e371bf561"",""performed_at"":null,""activity_name"":""col151-fa3f27672f1c admin"",""authority_class"":""facility"",""execution_state"":""none"",""effective_receipt_id"":null,""requirement_version_id"":""7954828e-2856-44ae-8a51-5b4d32ed3c93"",""facility_requirement_id"":""a7da2d96-da69-43b4-bc16-950864034a4f""}",[],[],[],
occurrence,ae36e650-cd17-43bd-ae79-ffcb15ee3fe8,col151-fa3f27672f1c admin,pending,2026-09-13T02:11:09.429756+00:00,"{""id"":""ae36e650-cd17-43bd-ae79-ffcb15ee3fe8"",""due_at"":""2040-01-22T04:00:00+00:00"",""status"":""pending"",""created_at"":""2026-09-13T02:11:09.429756+00:00"",""subject_id"":""56f3cf25-84ad-4746-934d-a50e371bf561"",""performed_at"":null,""activity_name"":""col151-fa3f27672f1c admin"",""authority_class"":""facility"",""execution_state"":""none"",""effective_receipt_id"":null,""requirement_version_id"":""7954828e-2856-44ae-8a51-5b4d32ed3c93"",""facility_requirement_id"":""a7da2d96-da69-43b4-bc16-950864034a4f""}",[],[],[],
occurrence,aeb2e260-4547-4c8a-adc0-8e2356188825,col151-fa3f27672f1c admin,pending,2026-09-13T02:11:09.429756+00:00,"{""id"":""aeb2e260-4547-4c8a-adc0-8e2356188825"",""due_at"":""2039-10-02T03:00:00+00:00"",""status"":""pending"",""created_at"":""2026-09-13T02:11:09.429756+00:00"",""subject_id"":""56f3cf25-84ad-4746-934d-a50e371bf561"",""performed_at"":null,""activity_name"":""col151-fa3f27672f1c admin"",""authority_class"":""facility"",""execution_state"":""none"",""effective_receipt_id"":null,""requirement_version_id"":""7954828e-2856-44ae-8a51-5b4d32ed3c93"",""facility_requirement_id"":""a7da2d96-da69-43b4-bc16-950864034a4f""}",[],[],[],
occurrence,b467d30e-91ed-42ed-97ae-2c6d615945f8,col151-fa3f27672f1c admin,pending,2026-09-13T02:11:09.429756+00:00,"{""id"":""b467d30e-91ed-42ed-97ae-2c6d615945f8"",""due_at"":""2038-12-12T04:00:00+00:00"",""status"":""pending"",""created_at"":""2026-09-13T02:11:09.429756+00:00"",""subject_id"":""56f3cf25-84ad-4746-934d-a50e371bf561"",""performed_at"":null,""activity_name"":""col151-fa3f27672f1c admin"",""authority_class"":""facility"",""execution_state"":""none"",""effective_receipt_id"":null,""requirement_version_id"":""7954828e-2856-44ae-8a51-5b4d32ed3c93"",""facility_requirement_id"":""a7da2d96-da69-43b4-bc16-950864034a4f""}",[],[],[],
occurrence,b4d45b76-1bfd-4813-8f8e-8d75fdd3983d,col151-fa3f27672f1c admin,pending,2026-09-13T02:11:09.429756+00:00,"{""id"":""b4d45b76-1bfd-4813-8f8e-8d75fdd3983d"",""due_at"":""2038-04-25T03:00:00+00:00"",""status"":""pending"",""created_at"":""2026-09-13T02:11:09.429756+00:00"",""subject_id"":""56f3cf25-84ad-4746-934d-a50e371bf561"",""performed_at"":null,""activity_name"":""col151-fa3f27672f1c admin"",""authority_class"":""facility"",""execution_state"":""none"",""effective_receipt_id"":null,""requirement_version_id"":""7954828e-2856-44ae-8a51-5b4d32ed3c93"",""facility_requirement_id"":""a7da2d96-da69-43b4-bc16-950864034a4f""}",[],[],[],
occurrence,b552edb0-f89b-4d2f-bc1f-ff24ce237f17,col151-fa3f27672f1c admin,pending,2026-09-13T02:11:09.429756+00:00,"{""id"":""b552edb0-f89b-4d2f-bc1f-ff24ce237f17"",""due_at"":""2038-08-08T03:00:00+00:00"",""status"":""pending"",""created_at"":""2026-09-13T02:11:09.429756+00:00"",""subject_id"":""56f3cf25-84ad-4746-934d-a50e371bf561"",""performed_at"":null,""activity_name"":""col151-fa3f27672f1c admin"",""authority_class"":""facility"",""execution_state"":""none"",""effective_receipt_id"":null,""requirement_version_id"":""7954828e-2856-44ae-8a51-5b4d32ed3c93"",""facility_requirement_id"":""a7da2d96-da69-43b4-bc16-950864034a4f""}",[],[],[],
occurrence,b81bc72c-1148-494d-9cbc-f8d897789a66,col151-fa3f27672f1c admin,pending,2026-09-13T02:11:09.429756+00:00,"{""id"":""b81bc72c-1148-494d-9cbc-f8d897789a66"",""due_at"":""2038-05-30T03:00:00+00:00"",""status"":""pending"",""created_at"":""2026-09-13T02:11:09.429756+00:00"",""subject_id"":""56f3cf25-84ad-4746-934d-a50e371bf561"",""performed_at"":null,""activity_name"":""col151-fa3f27672f1c admin"",""authority_class"":""facility"",""execution_state"":""none"",""effective_receipt_id"":null,""requirement_version_id"":""7954828e-2856-44ae-8a51-5b4d32ed3c93"",""facility_requirement_id"":""a7da2d96-da69-43b4-bc16-950864034a4f""}",[],[],[],
occurrence,ba94515f-5cfd-4cf7-bc55-b0694177eb94,col151-fa3f27672f1c admin,pending,2026-09-13T02:11:09.429756+00:00,"{""id"":""ba94515f-5cfd-4cf7-bc55-b0694177eb94"",""due_at"":""2038-09-05T03:00:00+00:00"",""status"":""pending"",""created_at"":""2026-09-13T02:11:09.429756+00:00"",""subject_id"":""56f3cf25-84ad-4746-934d-a50e371bf561"",""performed_at"":null,""activity_name"":""col151-fa3f27672f1c admin"",""authority_class"":""facility"",""execution_state"":""none"",""effective_receipt_id"":null,""requirement_version_id"":""7954828e-2856-44ae-8a51-5b4d32ed3c93"",""facility_requirement_id"":""a7da2d96-da69-43b4-bc16-950864034a4f""}",[],[],[],
occurrence,bafdb2c1-9920-4809-91d8-1d2961940e4e,col151-fa3f27672f1c admin,pending,2026-09-13T02:11:09.429756+00:00,"{""id"":""bafdb2c1-9920-4809-91d8-1d2961940e4e"",""due_at"":""2039-05-29T03:00:00+00:00"",""status"":""pending"",""created_at"":""2026-09-13T02:11:09.429756+00:00"",""subject_id"":""56f3cf25-84ad-4746-934d-a50e371bf561"",""performed_at"":null,""activity_name"":""col151-fa3f27672f1c admin"",""authority_class"":""facility"",""execution_state"":""none"",""effective_receipt_id"":null,""requirement_version_id"":""7954828e-2856-44ae-8a51-5b4d32ed3c93"",""facility_requirement_id"":""a7da2d96-da69-43b4-bc16-950864034a4f""}",[],[],[],
occurrence,bbc2ce18-c518-4125-bbb4-db5cd843247f,col151-fa3f27672f1c admin,pending,2026-09-13T02:11:09.429756+00:00,"{""id"":""bbc2ce18-c518-4125-bbb4-db5cd843247f"",""due_at"":""2039-02-20T04:00:00+00:00"",""status"":""pending"",""created_at"":""2026-09-13T02:11:09.429756+00:00"",""subject_id"":""56f3cf25-84ad-4746-934d-a50e371bf561"",""performed_at"":null,""activity_name"":""col151-fa3f27672f1c admin"",""authority_class"":""facility"",""execution_state"":""none"",""effective_receipt_id"":null,""requirement_version_id"":""7954828e-2856-44ae-8a51-5b4d32ed3c93"",""facility_requirement_id"":""a7da2d96-da69-43b4-bc16-950864034a4f""}",[],[],[],
occurrence,c0c870b4-7c41-4ba1-89f3-e23a8e1d785c,col151-fa3f27672f1c admin,pending,2026-09-13T02:11:09.429756+00:00,"{""id"":""c0c870b4-7c41-4ba1-89f3-e23a8e1d785c"",""due_at"":""2039-08-28T03:00:00+00:00"",""status"":""pending"",""created_at"":""2026-09-13T02:11:09.429756+00:00"",""subject_id"":""56f3cf25-84ad-4746-934d-a50e371bf561"",""performed_at"":null,""activity_name"":""col151-fa3f27672f1c admin"",""authority_class"":""facility"",""execution_state"":""none"",""effective_receipt_id"":null,""requirement_version_id"":""7954828e-2856-44ae-8a51-5b4d32ed3c93"",""facility_requirement_id"":""a7da2d96-da69-43b4-bc16-950864034a4f""}",[],[],[],
occurrence,c244f903-d6d0-402a-a175-abfab9860dbf,col151-fa3f27672f1c admin,pending,2026-09-13T02:11:09.429756+00:00,"{""id"":""c244f903-d6d0-402a-a175-abfab9860dbf"",""due_at"":""2039-10-16T03:00:00+00:00"",""status"":""pending"",""created_at"":""2026-09-13T02:11:09.429756+00:00"",""subject_id"":""56f3cf25-84ad-4746-934d-a50e371bf561"",""performed_at"":null,""activity_name"":""col151-fa3f27672f1c admin"",""authority_class"":""facility"",""execution_state"":""none"",""effective_receipt_id"":null,""requirement_version_id"":""7954828e-2856-44ae-8a51-5b4d32ed3c93"",""facility_requirement_id"":""a7da2d96-da69-43b4-bc16-950864034a4f""}",[],[],[],
occurrence,c4a68f6e-6336-4a5b-a448-c72380ab057a,col151-fa3f27672f1c admin,pending,2026-09-13T02:11:09.429756+00:00,"{""id"":""c4a68f6e-6336-4a5b-a448-c72380ab057a"",""due_at"":""2038-10-10T03:00:00+00:00"",""status"":""pending"",""created_at"":""2026-09-13T02:11:09.429756+00:00"",""subject_id"":""56f3cf25-84ad-4746-934d-a50e371bf561"",""performed_at"":null,""activity_name"":""col151-fa3f27672f1c admin"",""authority_class"":""facility"",""execution_state"":""none"",""effective_receipt_id"":null,""requirement_version_id"":""7954828e-2856-44ae-8a51-5b4d32ed3c93"",""facility_requirement_id"":""a7da2d96-da69-43b4-bc16-950864034a4f""}",[],[],[],
occurrence,c8ab6d49-f331-413e-9016-ecedc5492035,col151-fa3f27672f1c admin,pending,2026-09-13T02:11:09.429756+00:00,"{""id"":""c8ab6d49-f331-413e-9016-ecedc5492035"",""due_at"":""2038-07-11T03:00:00+00:00"",""status"":""pending"",""created_at"":""2026-09-13T02:11:09.429756+00:00"",""subject_id"":""56f3cf25-84ad-4746-934d-a50e371bf561"",""performed_at"":null,""activity_name"":""col151-fa3f27672f1c admin"",""authority_class"":""facility"",""execution_state"":""none"",""effective_receipt_id"":null,""requirement_version_id"":""7954828e-2856-44ae-8a51-5b4d32ed3c93"",""facility_requirement_id"":""a7da2d96-da69-43b4-bc16-950864034a4f""}",[],[],[],
occurrence,cacc1e61-9a98-44c7-8719-60ef51420412,col151-fa3f27672f1c admin,pending,2026-09-13T02:11:09.429756+00:00,"{""id"":""cacc1e61-9a98-44c7-8719-60ef51420412"",""due_at"":""2038-11-07T03:00:00+00:00"",""status"":""pending"",""created_at"":""2026-09-13T02:11:09.429756+00:00"",""subject_id"":""56f3cf25-84ad-4746-934d-a50e371bf561"",""performed_at"":null,""activity_name"":""col151-fa3f27672f1c admin"",""authority_class"":""facility"",""execution_state"":""none"",""effective_receipt_id"":null,""requirement_version_id"":""7954828e-2856-44ae-8a51-5b4d32ed3c93"",""facility_requirement_id"":""a7da2d96-da69-43b4-bc16-950864034a4f""}",[],[],[],
occurrence,cb734730-abee-4bb6-9a9d-b0dc7dc37453,col151-fa3f27672f1c admin,pending,2026-09-13T02:11:09.429756+00:00,"{""id"":""cb734730-abee-4bb6-9a9d-b0dc7dc37453"",""due_at"":""2038-05-16T03:00:00+00:00"",""status"":""pending"",""created_at"":""2026-09-13T02:11:09.429756+00:00"",""subject_id"":""56f3cf25-84ad-4746-934d-a50e371bf561"",""performed_at"":null,""activity_name"":""col151-fa3f27672f1c admin"",""authority_class"":""facility"",""execution_state"":""none"",""effective_receipt_id"":null,""requirement_version_id"":""7954828e-2856-44ae-8a51-5b4d32ed3c93"",""facility_requirement_id"":""a7da2d96-da69-43b4-bc16-950864034a4f""}",[],[],[],
occurrence,cfe0d2c7-62e1-47f4-b49d-5ff664054da6,col151-fa3f27672f1c admin,pending,2026-09-13T02:11:09.429756+00:00,"{""id"":""cfe0d2c7-62e1-47f4-b49d-5ff664054da6"",""due_at"":""2039-02-27T04:00:00+00:00"",""status"":""pending"",""created_at"":""2026-09-13T02:11:09.429756+00:00"",""subject_id"":""56f3cf25-84ad-4746-934d-a50e371bf561"",""performed_at"":null,""activity_name"":""col151-fa3f27672f1c admin"",""authority_class"":""facility"",""execution_state"":""none"",""effective_receipt_id"":null,""requirement_version_id"":""7954828e-2856-44ae-8a51-5b4d32ed3c93"",""facility_requirement_id"":""a7da2d96-da69-43b4-bc16-950864034a4f""}",[],[],[],
occurrence,d1e46012-1831-4290-9154-fec66db7d66a,col151-fa3f27672f1c admin,pending,2026-09-13T02:11:09.429756+00:00,"{""id"":""d1e46012-1831-4290-9154-fec66db7d66a"",""due_at"":""2038-05-02T03:00:00+00:00"",""status"":""pending"",""created_at"":""2026-09-13T02:11:09.429756+00:00"",""subject_id"":""56f3cf25-84ad-4746-934d-a50e371bf561"",""performed_at"":null,""activity_name"":""col151-fa3f27672f1c admin"",""authority_class"":""facility"",""execution_state"":""none"",""effective_receipt_id"":null,""requirement_version_id"":""7954828e-2856-44ae-8a51-5b4d32ed3c93"",""facility_requirement_id"":""a7da2d96-da69-43b4-bc16-950864034a4f""}",[],[],[],
occurrence,d275bc09-8a3e-46e2-ab7e-d3eb4f29459c,col151-fa3f27672f1c admin,pending,2026-09-13T02:11:09.429756+00:00,"{""id"":""d275bc09-8a3e-46e2-ab7e-d3eb4f29459c"",""due_at"":""2039-05-15T03:00:00+00:00"",""status"":""pending"",""created_at"":""2026-09-13T02:11:09.429756+00:00"",""subject_id"":""56f3cf25-84ad-4746-934d-a50e371bf561"",""performed_at"":null,""activity_name"":""col151-fa3f27672f1c admin"",""authority_class"":""facility"",""execution_state"":""none"",""effective_receipt_id"":null,""requirement_version_id"":""7954828e-2856-44ae-8a51-5b4d32ed3c93"",""facility_requirement_id"":""a7da2d96-da69-43b4-bc16-950864034a4f""}",[],[],[],
occurrence,d84befc7-fb8a-486d-963e-9c8a3424bf2c,col151-fa3f27672f1c admin,pending,2026-09-13T02:11:09.429756+00:00,"{""id"":""d84befc7-fb8a-486d-963e-9c8a3424bf2c"",""due_at"":""2039-05-01T03:00:00+00:00"",""status"":""pending"",""created_at"":""2026-09-13T02:11:09.429756+00:00"",""subject_id"":""56f3cf25-84ad-4746-934d-a50e371bf561"",""performed_at"":null,""activity_name"":""col151-fa3f27672f1c admin"",""authority_class"":""facility"",""execution_state"":""none"",""effective_receipt_id"":null,""requirement_version_id"":""7954828e-2856-44ae-8a51-5b4d32ed3c93"",""facility_requirement_id"":""a7da2d96-da69-43b4-bc16-950864034a4f""}",[],[],[],
occurrence,de433b5a-4c6c-4807-8baa-77ee34c15ac6,col151-fa3f27672f1c admin,pending,2026-09-13T02:11:09.429756+00:00,"{""id"":""de433b5a-4c6c-4807-8baa-77ee34c15ac6"",""due_at"":""2039-02-06T04:00:00+00:00"",""status"":""pending"",""created_at"":""2026-09-13T02:11:09.429756+00:00"",""subject_id"":""56f3cf25-84ad-4746-934d-a50e371bf561"",""performed_at"":null,""activity_name"":""col151-fa3f27672f1c admin"",""authority_class"":""facility"",""execution_state"":""none"",""effective_receipt_id"":null,""requirement_version_id"":""7954828e-2856-44ae-8a51-5b4d32ed3c93"",""facility_requirement_id"":""a7da2d96-da69-43b4-bc16-950864034a4f""}",[],[],[],
occurrence,de5a5fd9-e475-409f-9932-5ffe50d579f8,col151-fa3f27672f1c admin,pending,2026-09-13T02:11:09.429756+00:00,"{""id"":""de5a5fd9-e475-409f-9932-5ffe50d579f8"",""due_at"":""2039-06-05T03:00:00+00:00"",""status"":""pending"",""created_at"":""2026-09-13T02:11:09.429756+00:00"",""subject_id"":""56f3cf25-84ad-4746-934d-a50e371bf561"",""performed_at"":null,""activity_name"":""col151-fa3f27672f1c admin"",""authority_class"":""facility"",""execution_state"":""none"",""effective_receipt_id"":null,""requirement_version_id"":""7954828e-2856-44ae-8a51-5b4d32ed3c93"",""facility_requirement_id"":""a7da2d96-da69-43b4-bc16-950864034a4f""}",[],[],[],
occurrence,df3ec76a-2d22-4843-9740-2501d50270d3,col151-fa3f27672f1c admin,pending,2026-09-13T02:11:09.429756+00:00,"{""id"":""df3ec76a-2d22-4843-9740-2501d50270d3"",""due_at"":""2039-03-27T03:00:00+00:00"",""status"":""pending"",""created_at"":""2026-09-13T02:11:09.429756+00:00"",""subject_id"":""56f3cf25-84ad-4746-934d-a50e371bf561"",""performed_at"":null,""activity_name"":""col151-fa3f27672f1c admin"",""authority_class"":""facility"",""execution_state"":""none"",""effective_receipt_id"":null,""requirement_version_id"":""7954828e-2856-44ae-8a51-5b4d32ed3c93"",""facility_requirement_id"":""a7da2d96-da69-43b4-bc16-950864034a4f""}",[],[],[],
occurrence,e107341b-3a69-4517-bdfd-77b7d20c967f,col151-fa3f27672f1c admin,pending,2026-09-13T02:11:09.429756+00:00,"{""id"":""e107341b-3a69-4517-bdfd-77b7d20c967f"",""due_at"":""2039-06-12T03:00:00+00:00"",""status"":""pending"",""created_at"":""2026-09-13T02:11:09.429756+00:00"",""subject_id"":""56f3cf25-84ad-4746-934d-a50e371bf561"",""performed_at"":null,""activity_name"":""col151-fa3f27672f1c admin"",""authority_class"":""facility"",""execution_state"":""none"",""effective_receipt_id"":null,""requirement_version_id"":""7954828e-2856-44ae-8a51-5b4d32ed3c93"",""facility_requirement_id"":""a7da2d96-da69-43b4-bc16-950864034a4f""}",[],[],[],
occurrence,e132b099-bcad-42b0-916d-db39ee340951,col151-fa3f27672f1c admin,pending,2026-09-13T02:11:09.429756+00:00,"{""id"":""e132b099-bcad-42b0-916d-db39ee340951"",""due_at"":""2039-03-06T04:00:00+00:00"",""status"":""pending"",""created_at"":""2026-09-13T02:11:09.429756+00:00"",""subject_id"":""56f3cf25-84ad-4746-934d-a50e371bf561"",""performed_at"":null,""activity_name"":""col151-fa3f27672f1c admin"",""authority_class"":""facility"",""execution_state"":""none"",""effective_receipt_id"":null,""requirement_version_id"":""7954828e-2856-44ae-8a51-5b4d32ed3c93"",""facility_requirement_id"":""a7da2d96-da69-43b4-bc16-950864034a4f""}",[],[],[],
occurrence,e2ba0c55-ca7b-4d31-9a38-f8b54b5824e2,col151-fa3f27672f1c admin,pending,2026-09-13T02:11:09.429756+00:00,"{""id"":""e2ba0c55-ca7b-4d31-9a38-f8b54b5824e2"",""due_at"":""2038-12-26T04:00:00+00:00"",""status"":""pending"",""created_at"":""2026-09-13T02:11:09.429756+00:00"",""subject_id"":""56f3cf25-84ad-4746-934d-a50e371bf561"",""performed_at"":null,""activity_name"":""col151-fa3f27672f1c admin"",""authority_class"":""facility"",""execution_state"":""none"",""effective_receipt_id"":null,""requirement_version_id"":""7954828e-2856-44ae-8a51-5b4d32ed3c93"",""facility_requirement_id"":""a7da2d96-da69-43b4-bc16-950864034a4f""}",[],[],[],
occurrence,e6199168-59e5-429e-9e9a-031b6f1b8bb7,col151-fa3f27672f1c admin,pending,2026-09-13T02:11:09.429756+00:00,"{""id"":""e6199168-59e5-429e-9e9a-031b6f1b8bb7"",""due_at"":""2038-06-13T03:00:00+00:00"",""status"":""pending"",""created_at"":""2026-09-13T02:11:09.429756+00:00"",""subject_id"":""56f3cf25-84ad-4746-934d-a50e371bf561"",""performed_at"":null,""activity_name"":""col151-fa3f27672f1c admin"",""authority_class"":""facility"",""execution_state"":""none"",""effective_receipt_id"":null,""requirement_version_id"":""7954828e-2856-44ae-8a51-5b4d32ed3c93"",""facility_requirement_id"":""a7da2d96-da69-43b4-bc16-950864034a4f""}",[],[],[],
occurrence,e79e3160-7812-49df-a72b-8c5858d8b390,col151-fa3f27672f1c admin,pending,2026-09-13T02:11:09.429756+00:00,"{""id"":""e79e3160-7812-49df-a72b-8c5858d8b390"",""due_at"":""2038-10-24T03:00:00+00:00"",""status"":""pending"",""created_at"":""2026-09-13T02:11:09.429756+00:00"",""subject_id"":""56f3cf25-84ad-4746-934d-a50e371bf561"",""performed_at"":null,""activity_name"":""col151-fa3f27672f1c admin"",""authority_class"":""facility"",""execution_state"":""none"",""effective_receipt_id"":null,""requirement_version_id"":""7954828e-2856-44ae-8a51-5b4d32ed3c93"",""facility_requirement_id"":""a7da2d96-da69-43b4-bc16-950864034a4f""}",[],[],[],
occurrence,e7fb1bcb-f2fa-480b-9e65-29a9a7764f31,col151-fa3f27672f1c admin,pending,2026-09-13T02:11:09.429756+00:00,"{""id"":""e7fb1bcb-f2fa-480b-9e65-29a9a7764f31"",""due_at"":""2039-07-17T03:00:00+00:00"",""status"":""pending"",""created_at"":""2026-09-13T02:11:09.429756+00:00"",""subject_id"":""56f3cf25-84ad-4746-934d-a50e371bf561"",""performed_at"":null,""activity_name"":""col151-fa3f27672f1c admin"",""authority_class"":""facility"",""execution_state"":""none"",""effective_receipt_id"":null,""requirement_version_id"":""7954828e-2856-44ae-8a51-5b4d32ed3c93"",""facility_requirement_id"":""a7da2d96-da69-43b4-bc16-950864034a4f""}",[],[],[],
occurrence,eaf67f2f-0794-4869-b178-42d20244ac71,col151-fa3f27672f1c admin,pending,2026-09-13T02:11:09.429756+00:00,"{""id"":""eaf67f2f-0794-4869-b178-42d20244ac71"",""due_at"":""2039-02-13T04:00:00+00:00"",""status"":""pending"",""created_at"":""2026-09-13T02:11:09.429756+00:00"",""subject_id"":""56f3cf25-84ad-4746-934d-a50e371bf561"",""performed_at"":null,""activity_name"":""col151-fa3f27672f1c admin"",""authority_class"":""facility"",""execution_state"":""none"",""effective_receipt_id"":null,""requirement_version_id"":""7954828e-2856-44ae-8a51-5b4d32ed3c93"",""facility_requirement_id"":""a7da2d96-da69-43b4-bc16-950864034a4f""}",[],[],[],
occurrence,ec9ae34d-b5a0-4269-ba2c-9c48712df721,col151-fa3f27672f1c admin,pending,2026-09-13T02:11:09.429756+00:00,"{""id"":""ec9ae34d-b5a0-4269-ba2c-9c48712df721"",""due_at"":""2039-03-13T04:00:00+00:00"",""status"":""pending"",""created_at"":""2026-09-13T02:11:09.429756+00:00"",""subject_id"":""56f3cf25-84ad-4746-934d-a50e371bf561"",""performed_at"":null,""activity_name"":""col151-fa3f27672f1c admin"",""authority_class"":""facility"",""execution_state"":""none"",""effective_receipt_id"":null,""requirement_version_id"":""7954828e-2856-44ae-8a51-5b4d32ed3c93"",""facility_requirement_id"":""a7da2d96-da69-43b4-bc16-950864034a4f""}",[],[],[],
occurrence,ef6a5457-9d14-49fe-bd38-2c7b1677fd70,col151-fa3f27672f1c admin,pending,2026-09-13T02:11:09.429756+00:00,"{""id"":""ef6a5457-9d14-49fe-bd38-2c7b1677fd70"",""due_at"":""2038-11-14T04:00:00+00:00"",""status"":""pending"",""created_at"":""2026-09-13T02:11:09.429756+00:00"",""subject_id"":""56f3cf25-84ad-4746-934d-a50e371bf561"",""performed_at"":null,""activity_name"":""col151-fa3f27672f1c admin"",""authority_class"":""facility"",""execution_state"":""none"",""effective_receipt_id"":null,""requirement_version_id"":""7954828e-2856-44ae-8a51-5b4d32ed3c93"",""facility_requirement_id"":""a7da2d96-da69-43b4-bc16-950864034a4f""}",[],[],[],
occurrence,f0a5602a-d693-4412-ad20-2c5a8973561b,col151-fa3f27672f1c admin,pending,2026-09-13T02:11:09.429756+00:00,"{""id"":""f0a5602a-d693-4412-ad20-2c5a8973561b"",""due_at"":""2040-01-01T04:00:00+00:00"",""status"":""pending"",""created_at"":""2026-09-13T02:11:09.429756+00:00"",""subject_id"":""56f3cf25-84ad-4746-934d-a50e371bf561"",""performed_at"":null,""activity_name"":""col151-fa3f27672f1c admin"",""authority_class"":""facility"",""execution_state"":""none"",""effective_receipt_id"":null,""requirement_version_id"":""7954828e-2856-44ae-8a51-5b4d32ed3c93"",""facility_requirement_id"":""a7da2d96-da69-43b4-bc16-950864034a4f""}",[],[],[],
occurrence,f2dedbde-b45e-417f-b0eb-c60ce121ded3,col151-fa3f27672f1c admin,pending,2026-09-13T02:11:09.429756+00:00,"{""id"":""f2dedbde-b45e-417f-b0eb-c60ce121ded3"",""due_at"":""2038-08-29T03:00:00+00:00"",""status"":""pending"",""created_at"":""2026-09-13T02:11:09.429756+00:00"",""subject_id"":""56f3cf25-84ad-4746-934d-a50e371bf561"",""performed_at"":null,""activity_name"":""col151-fa3f27672f1c admin"",""authority_class"":""facility"",""execution_state"":""none"",""effective_receipt_id"":null,""requirement_version_id"":""7954828e-2856-44ae-8a51-5b4d32ed3c93"",""facility_requirement_id"":""a7da2d96-da69-43b4-bc16-950864034a4f""}",[],[],[],
occurrence,f4f1ead0-d1d6-41e5-9ed9-352825b3d2b5,col151-fa3f27672f1c admin,pending,2026-09-13T02:11:09.429756+00:00,"{""id"":""f4f1ead0-d1d6-41e5-9ed9-352825b3d2b5"",""due_at"":""2039-12-18T04:00:00+00:00"",""status"":""pending"",""created_at"":""2026-09-13T02:11:09.429756+00:00"",""subject_id"":""56f3cf25-84ad-4746-934d-a50e371bf561"",""performed_at"":null,""activity_name"":""col151-fa3f27672f1c admin"",""authority_class"":""facility"",""execution_state"":""none"",""effective_receipt_id"":null,""requirement_version_id"":""7954828e-2856-44ae-8a51-5b4d32ed3c93"",""facility_requirement_id"":""a7da2d96-da69-43b4-bc16-950864034a4f""}",[],[],[],
occurrence,f7e29171-84f3-4436-b01e-f747511f70d1,col151-fa3f27672f1c admin,pending,2026-09-13T02:11:09.429756+00:00,"{""id"":""f7e29171-84f3-4436-b01e-f747511f70d1"",""due_at"":""2039-10-23T03:00:00+00:00"",""status"":""pending"",""created_at"":""2026-09-13T02:11:09.429756+00:00"",""subject_id"":""56f3cf25-84ad-4746-934d-a50e371bf561"",""performed_at"":null,""activity_name"":""col151-fa3f27672f1c admin"",""authority_class"":""facility"",""execution_state"":""none"",""effective_receipt_id"":null,""requirement_version_id"":""7954828e-2856-44ae-8a51-5b4d32ed3c93"",""facility_requirement_id"":""a7da2d96-da69-43b4-bc16-950864034a4f""}",[],[],[],
occurrence,f9c8b1a2-d230-44df-b733-017259035a7a,col151-fa3f27672f1c admin,pending,2026-09-13T02:11:09.429756+00:00,"{""id"":""f9c8b1a2-d230-44df-b733-017259035a7a"",""due_at"":""2038-04-18T03:00:00+00:00"",""status"":""pending"",""created_at"":""2026-09-13T02:11:09.429756+00:00"",""subject_id"":""56f3cf25-84ad-4746-934d-a50e371bf561"",""performed_at"":null,""activity_name"":""col151-fa3f27672f1c admin"",""authority_class"":""facility"",""execution_state"":""none"",""effective_receipt_id"":null,""requirement_version_id"":""7954828e-2856-44ae-8a51-5b4d32ed3c93"",""facility_requirement_id"":""a7da2d96-da69-43b4-bc16-950864034a4f""}",[],[],[],
occurrence,01a619f9-f30a-448b-8720-3b3dd713e5d0,col151-fa3f27672f1c admin,pending,2026-09-13T02:11:09.884177+00:00,"{""id"":""01a619f9-f30a-448b-8720-3b3dd713e5d0"",""due_at"":""2041-11-24T04:00:00+00:00"",""status"":""pending"",""created_at"":""2026-09-13T02:11:09.884177+00:00"",""subject_id"":""56f3cf25-84ad-4746-934d-a50e371bf561"",""performed_at"":null,""activity_name"":""col151-fa3f27672f1c admin"",""authority_class"":""facility"",""execution_state"":""none"",""effective_receipt_id"":null,""requirement_version_id"":""7954828e-2856-44ae-8a51-5b4d32ed3c93"",""facility_requirement_id"":""a7da2d96-da69-43b4-bc16-950864034a4f""}",[],[],[],
occurrence,098b1023-f59f-4355-bf4c-e67854528f8d,col151-fa3f27672f1c admin,pending,2026-09-13T02:11:09.884177+00:00,"{""id"":""098b1023-f59f-4355-bf4c-e67854528f8d"",""due_at"":""2040-11-18T04:00:00+00:00"",""status"":""pending"",""created_at"":""2026-09-13T02:11:09.884177+00:00"",""subject_id"":""56f3cf25-84ad-4746-934d-a50e371bf561"",""performed_at"":null,""activity_name"":""col151-fa3f27672f1c admin"",""authority_class"":""facility"",""execution_state"":""none"",""effective_receipt_id"":null,""requirement_version_id"":""7954828e-2856-44ae-8a51-5b4d32ed3c93"",""facility_requirement_id"":""a7da2d96-da69-43b4-bc16-950864034a4f""}",[],[],[],
occurrence,0a21ec05-52d6-4f11-977f-0459c2a76419,col151-fa3f27672f1c admin,pending,2026-09-13T02:11:09.884177+00:00,"{""id"":""0a21ec05-52d6-4f11-977f-0459c2a76419"",""due_at"":""2041-06-23T03:00:00+00:00"",""status"":""pending"",""created_at"":""2026-09-13T02:11:09.884177+00:00"",""subject_id"":""56f3cf25-84ad-4746-934d-a50e371bf561"",""performed_at"":null,""activity_name"":""col151-fa3f27672f1c admin"",""authority_class"":""facility"",""execution_state"":""none"",""effective_receipt_id"":null,""requirement_version_id"":""7954828e-2856-44ae-8a51-5b4d32ed3c93"",""facility_requirement_id"":""a7da2d96-da69-43b4-bc16-950864034a4f""}",[],[],[],
occurrence,0af6fd06-23b5-4dc2-9492-92e8709bdfe6,col151-fa3f27672f1c admin,pending,2026-09-13T02:11:09.884177+00:00,"{""id"":""0af6fd06-23b5-4dc2-9492-92e8709bdfe6"",""due_at"":""2041-10-20T03:00:00+00:00"",""status"":""pending"",""created_at"":""2026-09-13T02:11:09.884177+00:00"",""subject_id"":""56f3cf25-84ad-4746-934d-a50e371bf561"",""performed_at"":null,""activity_name"":""col151-fa3f27672f1c admin"",""authority_class"":""facility"",""execution_state"":""none"",""effective_receipt_id"":null,""requirement_version_id"":""7954828e-2856-44ae-8a51-5b4d32ed3c93"",""facility_requirement_id"":""a7da2d96-da69-43b4-bc16-950864034a4f""}",[],[],[],
occurrence,14222ba5-f2c6-43dc-b094-c3dbcbf45c7f,col151-fa3f27672f1c admin,pending,2026-09-13T02:11:09.884177+00:00,"{""id"":""14222ba5-f2c6-43dc-b094-c3dbcbf45c7f"",""due_at"":""2040-10-14T03:00:00+00:00"",""status"":""pending"",""created_at"":""2026-09-13T02:11:09.884177+00:00"",""subject_id"":""56f3cf25-84ad-4746-934d-a50e371bf561"",""performed_at"":null,""activity_name"":""col151-fa3f27672f1c admin"",""authority_class"":""facility"",""execution_state"":""none"",""effective_receipt_id"":null,""requirement_version_id"":""7954828e-2856-44ae-8a51-5b4d32ed3c93"",""facility_requirement_id"":""a7da2d96-da69-43b4-bc16-950864034a4f""}",[],[],[],
occurrence,162b23ee-62a9-4888-b1a6-d3a95d4544ea,col151-fa3f27672f1c admin,pending,2026-09-13T02:11:09.884177+00:00,"{""id"":""162b23ee-62a9-4888-b1a6-d3a95d4544ea"",""due_at"":""2041-03-24T03:00:00+00:00"",""status"":""pending"",""created_at"":""2026-09-13T02:11:09.884177+00:00"",""subject_id"":""56f3cf25-84ad-4746-934d-a50e371bf561"",""performed_at"":null,""activity_name"":""col151-fa3f27672f1c admin"",""authority_class"":""facility"",""execution_state"":""none"",""effective_receipt_id"":null,""requirement_version_id"":""7954828e-2856-44ae-8a51-5b4d32ed3c93"",""facility_requirement_id"":""a7da2d96-da69-43b4-bc16-950864034a4f""}",[],[],[],
occurrence,18c9694e-c4b5-4df3-98ee-33e4e7d84629,col151-fa3f27672f1c admin,pending,2026-09-13T02:11:09.884177+00:00,"{""id"":""18c9694e-c4b5-4df3-98ee-33e4e7d84629"",""due_at"":""2040-09-30T03:00:00+00:00"",""status"":""pending"",""created_at"":""2026-09-13T02:11:09.884177+00:00"",""subject_id"":""56f3cf25-84ad-4746-934d-a50e371bf561"",""performed_at"":null,""activity_name"":""col151-fa3f27672f1c admin"",""authority_class"":""facility"",""execution_state"":""none"",""effective_receipt_id"":null,""requirement_version_id"":""7954828e-2856-44ae-8a51-5b4d32ed3c93"",""facility_requirement_id"":""a7da2d96-da69-43b4-bc16-950864034a4f""}",[],[],[],
occurrence,19402bba-ac80-4f4c-87c9-f20f0fcd21c5,col151-fa3f27672f1c admin,pending,2026-09-13T02:11:09.884177+00:00,"{""id"":""19402bba-ac80-4f4c-87c9-f20f0fcd21c5"",""due_at"":""2041-09-15T03:00:00+00:00"",""status"":""pending"",""created_at"":""2026-09-13T02:11:09.884177+00:00"",""subject_id"":""56f3cf25-84ad-4746-934d-a50e371bf561"",""performed_at"":null,""activity_name"":""col151-fa3f27672f1c admin"",""authority_class"":""facility"",""execution_state"":""none"",""effective_receipt_id"":null,""requirement_version_id"":""7954828e-2856-44ae-8a51-5b4d32ed3c93"",""facility_requirement_id"":""a7da2d96-da69-43b4-bc16-950864034a4f""}",[],[],[],
occurrence,247ab269-6f8b-4112-b2af-f44f95ef70f3,col151-fa3f27672f1c admin,pending,2026-09-13T02:11:09.884177+00:00,"{""id"":""247ab269-6f8b-4112-b2af-f44f95ef70f3"",""due_at"":""2041-08-25T03:00:00+00:00"",""status"":""pending"",""created_at"":""2026-09-13T02:11:09.884177+00:00"",""subject_id"":""56f3cf25-84ad-4746-934d-a50e371bf561"",""performed_at"":null,""activity_name"":""col151-fa3f27672f1c admin"",""authority_class"":""facility"",""execution_state"":""none"",""effective_receipt_id"":null,""requirement_version_id"":""7954828e-2856-44ae-8a51-5b4d32ed3c93"",""facility_requirement_id"":""a7da2d96-da69-43b4-bc16-950864034a4f""}",[],[],[],
occurrence,25b8f068-0c5a-4173-bad6-7af5fbeef596,col151-fa3f27672f1c admin,pending,2026-09-13T02:11:09.884177+00:00,"{""id"":""25b8f068-0c5a-4173-bad6-7af5fbeef596"",""due_at"":""2040-07-15T03:00:00+00:00"",""status"":""pending"",""created_at"":""2026-09-13T02:11:09.884177+00:00"",""subject_id"":""56f3cf25-84ad-4746-934d-a50e371bf561"",""performed_at"":null,""activity_name"":""col151-fa3f27672f1c admin"",""authority_class"":""facility"",""execution_state"":""none"",""effective_receipt_id"":null,""requirement_version_id"":""7954828e-2856-44ae-8a51-5b4d32ed3c93"",""facility_requirement_id"":""a7da2d96-da69-43b4-bc16-950864034a4f""}",[],[],[],
occurrence,2b814c77-83f2-4ee1-ac35-e6f7e55b7bda,col151-fa3f27672f1c admin,pending,2026-09-13T02:11:09.884177+00:00,"{""id"":""2b814c77-83f2-4ee1-ac35-e6f7e55b7bda"",""due_at"":""2041-04-07T03:00:00+00:00"",""status"":""pending"",""created_at"":""2026-09-13T02:11:09.884177+00:00"",""subject_id"":""56f3cf25-84ad-4746-934d-a50e371bf561"",""performed_at"":null,""activity_name"":""col151-fa3f27672f1c admin"",""authority_class"":""facility"",""execution_state"":""none"",""effective_receipt_id"":null,""requirement_version_id"":""7954828e-2856-44ae-8a51-5b4d32ed3c93"",""facility_requirement_id"":""a7da2d96-da69-43b4-bc16-950864034a4f""}",[],[],[],
occurrence,2bf5e33b-0084-4191-b30b-e02ea3de318b,col151-fa3f27672f1c admin,pending,2026-09-13T02:11:09.884177+00:00,"{""id"":""2bf5e33b-0084-4191-b30b-e02ea3de318b"",""due_at"":""2040-04-01T03:00:00+00:00"",""status"":""pending"",""created_at"":""2026-09-13T02:11:09.884177+00:00"",""subject_id"":""56f3cf25-84ad-4746-934d-a50e371bf561"",""performed_at"":null,""activity_name"":""col151-fa3f27672f1c admin"",""authority_class"":""facility"",""execution_state"":""none"",""effective_receipt_id"":null,""requirement_version_id"":""7954828e-2856-44ae-8a51-5b4d32ed3c93"",""facility_requirement_id"":""a7da2d96-da69-43b4-bc16-950864034a4f""}",[],[],[],
occurrence,2d27b51f-433b-4213-bd16-e6c2f83e5e91,col151-fa3f27672f1c admin,pending,2026-09-13T02:11:09.884177+00:00,"{""id"":""2d27b51f-433b-4213-bd16-e6c2f83e5e91"",""due_at"":""2041-01-13T04:00:00+00:00"",""status"":""pending"",""created_at"":""2026-09-13T02:11:09.884177+00:00"",""subject_id"":""56f3cf25-84ad-4746-934d-a50e371bf561"",""performed_at"":null,""activity_name"":""col151-fa3f27672f1c admin"",""authority_class"":""facility"",""execution_state"":""none"",""effective_receipt_id"":null,""requirement_version_id"":""7954828e-2856-44ae-8a51-5b4d32ed3c93"",""facility_requirement_id"":""a7da2d96-da69-43b4-bc16-950864034a4f""}",[],[],[],
occurrence,2d9680ed-9744-4b04-b39f-71ac4ec25b8f,col151-fa3f27672f1c admin,pending,2026-09-13T02:11:09.884177+00:00,"{""id"":""2d9680ed-9744-4b04-b39f-71ac4ec25b8f"",""due_at"":""2040-09-09T03:00:00+00:00"",""status"":""pending"",""created_at"":""2026-09-13T02:11:09.884177+00:00"",""subject_id"":""56f3cf25-84ad-4746-934d-a50e371bf561"",""performed_at"":null,""activity_name"":""col151-fa3f27672f1c admin"",""authority_class"":""facility"",""execution_state"":""none"",""effective_receipt_id"":null,""requirement_version_id"":""7954828e-2856-44ae-8a51-5b4d32ed3c93"",""facility_requirement_id"":""a7da2d96-da69-43b4-bc16-950864034a4f""}",[],[],[],
occurrence,2f4ae494-2b0b-46ed-bf2c-43d664301609,col151-fa3f27672f1c admin,pending,2026-09-13T02:11:09.884177+00:00,"{""id"":""2f4ae494-2b0b-46ed-bf2c-43d664301609"",""due_at"":""2040-06-24T03:00:00+00:00"",""status"":""pending"",""created_at"":""2026-09-13T02:11:09.884177+00:00"",""subject_id"":""56f3cf25-84ad-4746-934d-a50e371bf561"",""performed_at"":null,""activity_name"":""col151-fa3f27672f1c admin"",""authority_class"":""facility"",""execution_state"":""none"",""effective_receipt_id"":null,""requirement_version_id"":""7954828e-2856-44ae-8a51-5b4d32ed3c93"",""facility_requirement_id"":""a7da2d96-da69-43b4-bc16-950864034a4f""}",[],[],[],
occurrence,30b89841-4a85-4f87-ab66-a724a96883b5,col151-fa3f27672f1c admin,pending,2026-09-13T02:11:09.884177+00:00,"{""id"":""30b89841-4a85-4f87-ab66-a724a96883b5"",""due_at"":""2041-11-03T03:00:00+00:00"",""status"":""pending"",""created_at"":""2026-09-13T02:11:09.884177+00:00"",""subject_id"":""56f3cf25-84ad-4746-934d-a50e371bf561"",""performed_at"":null,""activity_name"":""col151-fa3f27672f1c admin"",""authority_class"":""facility"",""execution_state"":""none"",""effective_receipt_id"":null,""requirement_version_id"":""7954828e-2856-44ae-8a51-5b4d32ed3c93"",""facility_requirement_id"":""a7da2d96-da69-43b4-bc16-950864034a4f""}",[],[],[],
occurrence,31078b44-3f17-41d2-80b8-80d4f6624641,col151-fa3f27672f1c admin,pending,2026-09-13T02:11:09.884177+00:00,"{""id"":""31078b44-3f17-41d2-80b8-80d4f6624641"",""due_at"":""2040-12-23T04:00:00+00:00"",""status"":""pending"",""created_at"":""2026-09-13T02:11:09.884177+00:00"",""subject_id"":""56f3cf25-84ad-4746-934d-a50e371bf561"",""performed_at"":null,""activity_name"":""col151-fa3f27672f1c admin"",""authority_class"":""facility"",""execution_state"":""none"",""effective_receipt_id"":null,""requirement_version_id"":""7954828e-2856-44ae-8a51-5b4d32ed3c93"",""facility_requirement_id"":""a7da2d96-da69-43b4-bc16-950864034a4f""}",[],[],[],
occurrence,344d28de-8409-41c8-9933-795009fb22c7,col151-fa3f27672f1c admin,pending,2026-09-13T02:11:09.884177+00:00,"{""id"":""344d28de-8409-41c8-9933-795009fb22c7"",""due_at"":""2041-03-10T04:00:00+00:00"",""status"":""pending"",""created_at"":""2026-09-13T02:11:09.884177+00:00"",""subject_id"":""56f3cf25-84ad-4746-934d-a50e371bf561"",""performed_at"":null,""activity_name"":""col151-fa3f27672f1c admin"",""authority_class"":""facility"",""execution_state"":""none"",""effective_receipt_id"":null,""requirement_version_id"":""7954828e-2856-44ae-8a51-5b4d32ed3c93"",""facility_requirement_id"":""a7da2d96-da69-43b4-bc16-950864034a4f""}",[],[],[],
occurrence,3787b258-7aec-420a-b36b-6aeaf4262018,col151-fa3f27672f1c admin,pending,2026-09-13T02:11:09.884177+00:00,"{""id"":""3787b258-7aec-420a-b36b-6aeaf4262018"",""due_at"":""2040-05-13T03:00:00+00:00"",""status"":""pending"",""created_at"":""2026-09-13T02:11:09.884177+00:00"",""subject_id"":""56f3cf25-84ad-4746-934d-a50e371bf561"",""performed_at"":null,""activity_name"":""col151-fa3f27672f1c admin"",""authority_class"":""facility"",""execution_state"":""none"",""effective_receipt_id"":null,""requirement_version_id"":""7954828e-2856-44ae-8a51-5b4d32ed3c93"",""facility_requirement_id"":""a7da2d96-da69-43b4-bc16-950864034a4f""}",[],[],[],
occurrence,38cc427f-08ef-4fe3-98ca-b831f488fcfa,col151-fa3f27672f1c admin,pending,2026-09-13T02:11:09.884177+00:00,"{""id"":""38cc427f-08ef-4fe3-98ca-b831f488fcfa"",""due_at"":""2041-06-02T03:00:00+00:00"",""status"":""pending"",""created_at"":""2026-09-13T02:11:09.884177+00:00"",""subject_id"":""56f3cf25-84ad-4746-934d-a50e371bf561"",""performed_at"":null,""activity_name"":""col151-fa3f27672f1c admin"",""authority_class"":""facility"",""execution_state"":""none"",""effective_receipt_id"":null,""requirement_version_id"":""7954828e-2856-44ae-8a51-5b4d32ed3c93"",""facility_requirement_id"":""a7da2d96-da69-43b4-bc16-950864034a4f""}",[],[],[],
occurrence,3cb0f4bb-05ef-49e9-90b3-ccdc1d7b4fb0,col151-fa3f27672f1c admin,pending,2026-09-13T02:11:09.884177+00:00,"{""id"":""3cb0f4bb-05ef-49e9-90b3-ccdc1d7b4fb0"",""due_at"":""2041-06-09T03:00:00+00:00"",""status"":""pending"",""created_at"":""2026-09-13T02:11:09.884177+00:00"",""subject_id"":""56f3cf25-84ad-4746-934d-a50e371bf561"",""performed_at"":null,""activity_name"":""col151-fa3f27672f1c admin"",""authority_class"":""facility"",""execution_state"":""none"",""effective_receipt_id"":null,""requirement_version_id"":""7954828e-2856-44ae-8a51-5b4d32ed3c93"",""facility_requirement_id"":""a7da2d96-da69-43b4-bc16-950864034a4f""}",[],[],[],
occurrence,3df27d92-49cf-44ab-aa7f-427d15beeb55,col151-fa3f27672f1c admin,pending,2026-09-13T02:11:09.884177+00:00,"{""id"":""3df27d92-49cf-44ab-aa7f-427d15beeb55"",""due_at"":""2041-12-22T04:00:00+00:00"",""status"":""pending"",""created_at"":""2026-09-13T02:11:09.884177+00:00"",""subject_id"":""56f3cf25-84ad-4746-934d-a50e371bf561"",""performed_at"":null,""activity_name"":""col151-fa3f27672f1c admin"",""authority_class"":""facility"",""execution_state"":""none"",""effective_receipt_id"":null,""requirement_version_id"":""7954828e-2856-44ae-8a51-5b4d32ed3c93"",""facility_requirement_id"":""a7da2d96-da69-43b4-bc16-950864034a4f""}",[],[],[],
occurrence,40cd33fa-a6a8-4314-9bb5-ac6fa8c9b31f,col151-fa3f27672f1c admin,pending,2026-09-13T02:11:09.884177+00:00,"{""id"":""40cd33fa-a6a8-4314-9bb5-ac6fa8c9b31f"",""due_at"":""2041-11-17T04:00:00+00:00"",""status"":""pending"",""created_at"":""2026-09-13T02:11:09.884177+00:00"",""subject_id"":""56f3cf25-84ad-4746-934d-a50e371bf561"",""performed_at"":null,""activity_name"":""col151-fa3f27672f1c admin"",""authority_class"":""facility"",""execution_state"":""none"",""effective_receipt_id"":null,""requirement_version_id"":""7954828e-2856-44ae-8a51-5b4d32ed3c93"",""facility_requirement_id"":""a7da2d96-da69-43b4-bc16-950864034a4f""}",[],[],[],
occurrence,4380e747-a223-49d5-a031-9396fafd24e2,col151-fa3f27672f1c admin,pending,2026-09-13T02:11:09.884177+00:00,"{""id"":""4380e747-a223-49d5-a031-9396fafd24e2"",""due_at"":""2040-11-11T04:00:00+00:00"",""status"":""pending"",""created_at"":""2026-09-13T02:11:09.884177+00:00"",""subject_id"":""56f3cf25-84ad-4746-934d-a50e371bf561"",""performed_at"":null,""activity_name"":""col151-fa3f27672f1c admin"",""authority_class"":""facility"",""execution_state"":""none"",""effective_receipt_id"":null,""requirement_version_id"":""7954828e-2856-44ae-8a51-5b4d32ed3c93"",""facility_requirement_id"":""a7da2d96-da69-43b4-bc16-950864034a4f""}",[],[],[],
occurrence,439beb2c-432b-4c2e-a4de-aa059ad5f2ef,col151-fa3f27672f1c admin,pending,2026-09-13T02:11:09.884177+00:00,"{""id"":""439beb2c-432b-4c2e-a4de-aa059ad5f2ef"",""due_at"":""2040-06-03T03:00:00+00:00"",""status"":""pending"",""created_at"":""2026-09-13T02:11:09.884177+00:00"",""subject_id"":""56f3cf25-84ad-4746-934d-a50e371bf561"",""performed_at"":null,""activity_name"":""col151-fa3f27672f1c admin"",""authority_class"":""facility"",""execution_state"":""none"",""effective_receipt_id"":null,""requirement_version_id"":""7954828e-2856-44ae-8a51-5b4d32ed3c93"",""facility_requirement_id"":""a7da2d96-da69-43b4-bc16-950864034a4f""}",[],[],[],
occurrence,447bc1c8-464b-41e3-847b-fd3498986bf4,col151-fa3f27672f1c admin,pending,2026-09-13T02:11:09.884177+00:00,"{""id"":""447bc1c8-464b-41e3-847b-fd3498986bf4"",""due_at"":""2041-01-06T04:00:00+00:00"",""status"":""pending"",""created_at"":""2026-09-13T02:11:09.884177+00:00"",""subject_id"":""56f3cf25-84ad-4746-934d-a50e371bf561"",""performed_at"":null,""activity_name"":""col151-fa3f27672f1c admin"",""authority_class"":""facility"",""execution_state"":""none"",""effective_receipt_id"":null,""requirement_version_id"":""7954828e-2856-44ae-8a51-5b4d32ed3c93"",""facility_requirement_id"":""a7da2d96-da69-43b4-bc16-950864034a4f""}",[],[],[],
occurrence,4657f603-35de-4062-b388-3e1b57129066,col151-fa3f27672f1c admin,pending,2026-09-13T02:11:09.884177+00:00,"{""id"":""4657f603-35de-4062-b388-3e1b57129066"",""due_at"":""2040-09-16T03:00:00+00:00"",""status"":""pending"",""created_at"":""2026-09-13T02:11:09.884177+00:00"",""subject_id"":""56f3cf25-84ad-4746-934d-a50e371bf561"",""performed_at"":null,""activity_name"":""col151-fa3f27672f1c admin"",""authority_class"":""facility"",""execution_state"":""none"",""effective_receipt_id"":null,""requirement_version_id"":""7954828e-2856-44ae-8a51-5b4d32ed3c93"",""facility_requirement_id"":""a7da2d96-da69-43b4-bc16-950864034a4f""}",[],[],[],
occurrence,46971b48-e3be-460d-8a13-344a92a1b414,col151-fa3f27672f1c admin,pending,2026-09-13T02:11:09.884177+00:00,"{""id"":""46971b48-e3be-460d-8a13-344a92a1b414"",""due_at"":""2041-01-27T04:00:00+00:00"",""status"":""pending"",""created_at"":""2026-09-13T02:11:09.884177+00:00"",""subject_id"":""56f3cf25-84ad-4746-934d-a50e371bf561"",""performed_at"":null,""activity_name"":""col151-fa3f27672f1c admin"",""authority_class"":""facility"",""execution_state"":""none"",""effective_receipt_id"":null,""requirement_version_id"":""7954828e-2856-44ae-8a51-5b4d32ed3c93"",""facility_requirement_id"":""a7da2d96-da69-43b4-bc16-950864034a4f""}",[],[],[],
occurrence,46a2d360-04ad-462d-8c10-2d9889f98450,col151-fa3f27672f1c admin,pending,2026-09-13T02:11:09.884177+00:00,"{""id"":""46a2d360-04ad-462d-8c10-2d9889f98450"",""due_at"":""2040-07-22T03:00:00+00:00"",""status"":""pending"",""created_at"":""2026-09-13T02:11:09.884177+00:00"",""subject_id"":""56f3cf25-84ad-4746-934d-a50e371bf561"",""performed_at"":null,""activity_name"":""col151-fa3f27672f1c admin"",""authority_class"":""facility"",""execution_state"":""none"",""effective_receipt_id"":null,""requirement_version_id"":""7954828e-2856-44ae-8a51-5b4d32ed3c93"",""facility_requirement_id"":""a7da2d96-da69-43b4-bc16-950864034a4f""}",[],[],[],
occurrence,4a67a9e8-0928-4967-885d-18d5f66ba20f,col151-fa3f27672f1c admin,pending,2026-09-13T02:11:09.884177+00:00,"{""id"":""4a67a9e8-0928-4967-885d-18d5f66ba20f"",""due_at"":""2041-09-01T03:00:00+00:00"",""status"":""pending"",""created_at"":""2026-09-13T02:11:09.884177+00:00"",""subject_id"":""56f3cf25-84ad-4746-934d-a50e371bf561"",""performed_at"":null,""activity_name"":""col151-fa3f27672f1c admin"",""authority_class"":""facility"",""execution_state"":""none"",""effective_receipt_id"":null,""requirement_version_id"":""7954828e-2856-44ae-8a51-5b4d32ed3c93"",""facility_requirement_id"":""a7da2d96-da69-43b4-bc16-950864034a4f""}",[],[],[],
occurrence,4ab7dad9-14a9-4549-a865-cbbb121a22a7,col151-fa3f27672f1c admin,pending,2026-09-13T02:11:09.884177+00:00,"{""id"":""4ab7dad9-14a9-4549-a865-cbbb121a22a7"",""due_at"":""2041-12-29T04:00:00+00:00"",""status"":""pending"",""created_at"":""2026-09-13T02:11:09.884177+00:00"",""subject_id"":""56f3cf25-84ad-4746-934d-a50e371bf561"",""performed_at"":null,""activity_name"":""col151-fa3f27672f1c admin"",""authority_class"":""facility"",""execution_state"":""none"",""effective_receipt_id"":null,""requirement_version_id"":""7954828e-2856-44ae-8a51-5b4d32ed3c93"",""facility_requirement_id"":""a7da2d96-da69-43b4-bc16-950864034a4f""}",[],[],[],
occurrence,4b5ae40e-4819-4207-8982-869af75233e6,col151-fa3f27672f1c admin,pending,2026-09-13T02:11:09.884177+00:00,"{""id"":""4b5ae40e-4819-4207-8982-869af75233e6"",""due_at"":""2041-12-15T04:00:00+00:00"",""status"":""pending"",""created_at"":""2026-09-13T02:11:09.884177+00:00"",""subject_id"":""56f3cf25-84ad-4746-934d-a50e371bf561"",""performed_at"":null,""activity_name"":""col151-fa3f27672f1c admin"",""authority_class"":""facility"",""execution_state"":""none"",""effective_receipt_id"":null,""requirement_version_id"":""7954828e-2856-44ae-8a51-5b4d32ed3c93"",""facility_requirement_id"":""a7da2d96-da69-43b4-bc16-950864034a4f""}",[],[],[],
occurrence,4dca89f9-4bbe-4c81-a150-053189487a33,col151-fa3f27672f1c admin,pending,2026-09-13T02:11:09.884177+00:00,"{""id"":""4dca89f9-4bbe-4c81-a150-053189487a33"",""due_at"":""2041-04-28T03:00:00+00:00"",""status"":""pending"",""created_at"":""2026-09-13T02:11:09.884177+00:00"",""subject_id"":""56f3cf25-84ad-4746-934d-a50e371bf561"",""performed_at"":null,""activity_name"":""col151-fa3f27672f1c admin"",""authority_class"":""facility"",""execution_state"":""none"",""effective_receipt_id"":null,""requirement_version_id"":""7954828e-2856-44ae-8a51-5b4d32ed3c93"",""facility_requirement_id"":""a7da2d96-da69-43b4-bc16-950864034a4f""}",[],[],[],
occurrence,500afd55-6349-4d06-9fac-48ff02829fce,col151-fa3f27672f1c admin,pending,2026-09-13T02:11:09.884177+00:00,"{""id"":""500afd55-6349-4d06-9fac-48ff02829fce"",""due_at"":""2041-06-16T03:00:00+00:00"",""status"":""pending"",""created_at"":""2026-09-13T02:11:09.884177+00:00"",""subject_id"":""56f3cf25-84ad-4746-934d-a50e371bf561"",""performed_at"":null,""activity_name"":""col151-fa3f27672f1c admin"",""authority_class"":""facility"",""execution_state"":""none"",""effective_receipt_id"":null,""requirement_version_id"":""7954828e-2856-44ae-8a51-5b4d32ed3c93"",""facility_requirement_id"":""a7da2d96-da69-43b4-bc16-950864034a4f""}",[],[],[],
occurrence,5019714a-7181-4eda-aa7b-230242fe6510,col151-fa3f27672f1c admin,pending,2026-09-13T02:11:09.884177+00:00,"{""id"":""5019714a-7181-4eda-aa7b-230242fe6510"",""due_at"":""2041-05-12T03:00:00+00:00"",""status"":""pending"",""created_at"":""2026-09-13T02:11:09.884177+00:00"",""subject_id"":""56f3cf25-84ad-4746-934d-a50e371bf561"",""performed_at"":null,""activity_name"":""col151-fa3f27672f1c admin"",""authority_class"":""facility"",""execution_state"":""none"",""effective_receipt_id"":null,""requirement_version_id"":""7954828e-2856-44ae-8a51-5b4d32ed3c93"",""facility_requirement_id"":""a7da2d96-da69-43b4-bc16-950864034a4f""}",[],[],[],
occurrence,51462a53-bc1f-4d1d-ad50-36c64095e87d,col151-fa3f27672f1c admin,pending,2026-09-13T02:11:09.884177+00:00,"{""id"":""51462a53-bc1f-4d1d-ad50-36c64095e87d"",""due_at"":""2041-10-13T03:00:00+00:00"",""status"":""pending"",""created_at"":""2026-09-13T02:11:09.884177+00:00"",""subject_id"":""56f3cf25-84ad-4746-934d-a50e371bf561"",""performed_at"":null,""activity_name"":""col151-fa3f27672f1c admin"",""authority_class"":""facility"",""execution_state"":""none"",""effective_receipt_id"":null,""requirement_version_id"":""7954828e-2856-44ae-8a51-5b4d32ed3c93"",""facility_requirement_id"":""a7da2d96-da69-43b4-bc16-950864034a4f""}",[],[],[],
occurrence,531e5b51-c333-4088-ade8-9e892864ec0b,col151-fa3f27672f1c admin,pending,2026-09-13T02:11:09.884177+00:00,"{""id"":""531e5b51-c333-4088-ade8-9e892864ec0b"",""due_at"":""2040-02-26T04:00:00+00:00"",""status"":""pending"",""created_at"":""2026-09-13T02:11:09.884177+00:00"",""subject_id"":""56f3cf25-84ad-4746-934d-a50e371bf561"",""performed_at"":null,""activity_name"":""col151-fa3f27672f1c admin"",""authority_class"":""facility"",""execution_state"":""none"",""effective_receipt_id"":null,""requirement_version_id"":""7954828e-2856-44ae-8a51-5b4d32ed3c93"",""facility_requirement_id"":""a7da2d96-da69-43b4-bc16-950864034a4f""}",[],[],[],
occurrence,5559e002-e198-4ff9-8455-324b675fcfe3,col151-fa3f27672f1c admin,pending,2026-09-13T02:11:09.884177+00:00,"{""id"":""5559e002-e198-4ff9-8455-324b675fcfe3"",""due_at"":""2040-12-16T04:00:00+00:00"",""status"":""pending"",""created_at"":""2026-09-13T02:11:09.884177+00:00"",""subject_id"":""56f3cf25-84ad-4746-934d-a50e371bf561"",""performed_at"":null,""activity_name"":""col151-fa3f27672f1c admin"",""authority_class"":""facility"",""execution_state"":""none"",""effective_receipt_id"":null,""requirement_version_id"":""7954828e-2856-44ae-8a51-5b4d32ed3c93"",""facility_requirement_id"":""a7da2d96-da69-43b4-bc16-950864034a4f""}",[],[],[],
occurrence,5bc743ea-2bf9-4a8a-b374-1299dcc3cc28,col151-fa3f27672f1c admin,pending,2026-09-13T02:11:09.884177+00:00,"{""id"":""5bc743ea-2bf9-4a8a-b374-1299dcc3cc28"",""due_at"":""2040-05-20T03:00:00+00:00"",""status"":""pending"",""created_at"":""2026-09-13T02:11:09.884177+00:00"",""subject_id"":""56f3cf25-84ad-4746-934d-a50e371bf561"",""performed_at"":null,""activity_name"":""col151-fa3f27672f1c admin"",""authority_class"":""facility"",""execution_state"":""none"",""effective_receipt_id"":null,""requirement_version_id"":""7954828e-2856-44ae-8a51-5b4d32ed3c93"",""facility_requirement_id"":""a7da2d96-da69-43b4-bc16-950864034a4f""}",[],[],[],
occurrence,5bda1b88-577f-49bf-9fe5-0c264c12e4e1,col151-fa3f27672f1c admin,pending,2026-09-13T02:11:09.884177+00:00,"{""id"":""5bda1b88-577f-49bf-9fe5-0c264c12e4e1"",""due_at"":""2042-01-05T04:00:00+00:00"",""status"":""pending"",""created_at"":""2026-09-13T02:11:09.884177+00:00"",""subject_id"":""56f3cf25-84ad-4746-934d-a50e371bf561"",""performed_at"":null,""activity_name"":""col151-fa3f27672f1c admin"",""authority_class"":""facility"",""execution_state"":""none"",""effective_receipt_id"":null,""requirement_version_id"":""7954828e-2856-44ae-8a51-5b4d32ed3c93"",""facility_requirement_id"":""a7da2d96-da69-43b4-bc16-950864034a4f""}",[],[],[],
occurrence,6227b8a5-c34f-4136-865d-c761fd92b2eb,col151-fa3f27672f1c admin,pending,2026-09-13T02:11:09.884177+00:00,"{""id"":""6227b8a5-c34f-4136-865d-c761fd92b2eb"",""due_at"":""2041-04-21T03:00:00+00:00"",""status"":""pending"",""created_at"":""2026-09-13T02:11:09.884177+00:00"",""subject_id"":""56f3cf25-84ad-4746-934d-a50e371bf561"",""performed_at"":null,""activity_name"":""col151-fa3f27672f1c admin"",""authority_class"":""facility"",""execution_state"":""none"",""effective_receipt_id"":null,""requirement_version_id"":""7954828e-2856-44ae-8a51-5b4d32ed3c93"",""facility_requirement_id"":""a7da2d96-da69-43b4-bc16-950864034a4f""}",[],[],[],
occurrence,62c4d759-c49c-4dca-93ef-223eb69771bc,col151-fa3f27672f1c admin,pending,2026-09-13T02:11:09.884177+00:00,"{""id"":""62c4d759-c49c-4dca-93ef-223eb69771bc"",""due_at"":""2041-02-10T04:00:00+00:00"",""status"":""pending"",""created_at"":""2026-09-13T02:11:09.884177+00:00"",""subject_id"":""56f3cf25-84ad-4746-934d-a50e371bf561"",""performed_at"":null,""activity_name"":""col151-fa3f27672f1c admin"",""authority_class"":""facility"",""execution_state"":""none"",""effective_receipt_id"":null,""requirement_version_id"":""7954828e-2856-44ae-8a51-5b4d32ed3c93"",""facility_requirement_id"":""a7da2d96-da69-43b4-bc16-950864034a4f""}",[],[],[],
occurrence,6531cc20-0bc5-48f1-bfaa-18c58c272271,col151-fa3f27672f1c admin,pending,2026-09-13T02:11:09.884177+00:00,"{""id"":""6531cc20-0bc5-48f1-bfaa-18c58c272271"",""due_at"":""2040-06-10T03:00:00+00:00"",""status"":""pending"",""created_at"":""2026-09-13T02:11:09.884177+00:00"",""subject_id"":""56f3cf25-84ad-4746-934d-a50e371bf561"",""performed_at"":null,""activity_name"":""col151-fa3f27672f1c admin"",""authority_class"":""facility"",""execution_state"":""none"",""effective_receipt_id"":null,""requirement_version_id"":""7954828e-2856-44ae-8a51-5b4d32ed3c93"",""facility_requirement_id"":""a7da2d96-da69-43b4-bc16-950864034a4f""}",[],[],[],
occurrence,6a68d157-e580-4e9a-843a-d69d0dae6dea,col151-fa3f27672f1c admin,pending,2026-09-13T02:11:09.884177+00:00,"{""id"":""6a68d157-e580-4e9a-843a-d69d0dae6dea"",""due_at"":""2041-01-20T04:00:00+00:00"",""status"":""pending"",""created_at"":""2026-09-13T02:11:09.884177+00:00"",""subject_id"":""56f3cf25-84ad-4746-934d-a50e371bf561"",""performed_at"":null,""activity_name"":""col151-fa3f27672f1c admin"",""authority_class"":""facility"",""execution_state"":""none"",""effective_receipt_id"":null,""requirement_version_id"":""7954828e-2856-44ae-8a51-5b4d32ed3c93"",""facility_requirement_id"":""a7da2d96-da69-43b4-bc16-950864034a4f""}",[],[],[],
occurrence,6d1c0fee-19db-4a05-9d98-a345723158d1,col151-fa3f27672f1c admin,pending,2026-09-13T02:11:09.884177+00:00,"{""id"":""6d1c0fee-19db-4a05-9d98-a345723158d1"",""due_at"":""2040-10-21T03:00:00+00:00"",""status"":""pending"",""created_at"":""2026-09-13T02:11:09.884177+00:00"",""subject_id"":""56f3cf25-84ad-4746-934d-a50e371bf561"",""performed_at"":null,""activity_name"":""col151-fa3f27672f1c admin"",""authority_class"":""facility"",""execution_state"":""none"",""effective_receipt_id"":null,""requirement_version_id"":""7954828e-2856-44ae-8a51-5b4d32ed3c93"",""facility_requirement_id"":""a7da2d96-da69-43b4-bc16-950864034a4f""}",[],[],[],
occurrence,71b116ed-a6db-4a0c-93d1-83b7b7ce28a7,col151-fa3f27672f1c admin,pending,2026-09-13T02:11:09.884177+00:00,"{""id"":""71b116ed-a6db-4a0c-93d1-83b7b7ce28a7"",""due_at"":""2041-05-26T03:00:00+00:00"",""status"":""pending"",""created_at"":""2026-09-13T02:11:09.884177+00:00"",""subject_id"":""56f3cf25-84ad-4746-934d-a50e371bf561"",""performed_at"":null,""activity_name"":""col151-fa3f27672f1c admin"",""authority_class"":""facility"",""execution_state"":""none"",""effective_receipt_id"":null,""requirement_version_id"":""7954828e-2856-44ae-8a51-5b4d32ed3c93"",""facility_requirement_id"":""a7da2d96-da69-43b4-bc16-950864034a4f""}",[],[],[],
occurrence,75e7759a-ec1d-4683-99b6-464658deb4cd,col151-fa3f27672f1c admin,pending,2026-09-13T02:11:09.884177+00:00,"{""id"":""75e7759a-ec1d-4683-99b6-464658deb4cd"",""due_at"":""2041-08-04T03:00:00+00:00"",""status"":""pending"",""created_at"":""2026-09-13T02:11:09.884177+00:00"",""subject_id"":""56f3cf25-84ad-4746-934d-a50e371bf561"",""performed_at"":null,""activity_name"":""col151-fa3f27672f1c admin"",""authority_class"":""facility"",""execution_state"":""none"",""effective_receipt_id"":null,""requirement_version_id"":""7954828e-2856-44ae-8a51-5b4d32ed3c93"",""facility_requirement_id"":""a7da2d96-da69-43b4-bc16-950864034a4f""}",[],[],[],
occurrence,83ec0543-d4fc-4b99-bba2-14df01cc461e,col151-fa3f27672f1c admin,pending,2026-09-13T02:11:09.884177+00:00,"{""id"":""83ec0543-d4fc-4b99-bba2-14df01cc461e"",""due_at"":""2040-10-07T03:00:00+00:00"",""status"":""pending"",""created_at"":""2026-09-13T02:11:09.884177+00:00"",""subject_id"":""56f3cf25-84ad-4746-934d-a50e371bf561"",""performed_at"":null,""activity_name"":""col151-fa3f27672f1c admin"",""authority_class"":""facility"",""execution_state"":""none"",""effective_receipt_id"":null,""requirement_version_id"":""7954828e-2856-44ae-8a51-5b4d32ed3c93"",""facility_requirement_id"":""a7da2d96-da69-43b4-bc16-950864034a4f""}",[],[],[],
occurrence,887f7339-d540-4d68-b2c7-6ed0faf24681,col151-fa3f27672f1c admin,pending,2026-09-13T02:11:09.884177+00:00,"{""id"":""887f7339-d540-4d68-b2c7-6ed0faf24681"",""due_at"":""2040-12-09T04:00:00+00:00"",""status"":""pending"",""created_at"":""2026-09-13T02:11:09.884177+00:00"",""subject_id"":""56f3cf25-84ad-4746-934d-a50e371bf561"",""performed_at"":null,""activity_name"":""col151-fa3f27672f1c admin"",""authority_class"":""facility"",""execution_state"":""none"",""effective_receipt_id"":null,""requirement_version_id"":""7954828e-2856-44ae-8a51-5b4d32ed3c93"",""facility_requirement_id"":""a7da2d96-da69-43b4-bc16-950864034a4f""}",[],[],[],
occurrence,8ed7b7f1-93ac-4e85-889d-39cbb1973c34,col151-fa3f27672f1c admin,pending,2026-09-13T02:11:09.884177+00:00,"{""id"":""8ed7b7f1-93ac-4e85-889d-39cbb1973c34"",""due_at"":""2041-12-08T04:00:00+00:00"",""status"":""pending"",""created_at"":""2026-09-13T02:11:09.884177+00:00"",""subject_id"":""56f3cf25-84ad-4746-934d-a50e371bf561"",""performed_at"":null,""activity_name"":""col151-fa3f27672f1c admin"",""authority_class"":""facility"",""execution_state"":""none"",""effective_receipt_id"":null,""requirement_version_id"":""7954828e-2856-44ae-8a51-5b4d32ed3c93"",""facility_requirement_id"":""a7da2d96-da69-43b4-bc16-950864034a4f""}",[],[],[],
occurrence,91452cf5-b5d1-44f6-8f7b-6ff233ade170,col151-fa3f27672f1c admin,pending,2026-09-13T02:11:09.884177+00:00,"{""id"":""91452cf5-b5d1-44f6-8f7b-6ff233ade170"",""due_at"":""2040-04-15T03:00:00+00:00"",""status"":""pending"",""created_at"":""2026-09-13T02:11:09.884177+00:00"",""subject_id"":""56f3cf25-84ad-4746-934d-a50e371bf561"",""performed_at"":null,""activity_name"":""col151-fa3f27672f1c admin"",""authority_class"":""facility"",""execution_state"":""none"",""effective_receipt_id"":null,""requirement_version_id"":""7954828e-2856-44ae-8a51-5b4d32ed3c93"",""facility_requirement_id"":""a7da2d96-da69-43b4-bc16-950864034a4f""}",[],[],[],
occurrence,93b3772d-f74f-467f-93a8-baa31db6ea58,col151-fa3f27672f1c admin,pending,2026-09-13T02:11:09.884177+00:00,"{""id"":""93b3772d-f74f-467f-93a8-baa31db6ea58"",""due_at"":""2041-10-06T03:00:00+00:00"",""status"":""pending"",""created_at"":""2026-09-13T02:11:09.884177+00:00"",""subject_id"":""56f3cf25-84ad-4746-934d-a50e371bf561"",""performed_at"":null,""activity_name"":""col151-fa3f27672f1c admin"",""authority_class"":""facility"",""execution_state"":""none"",""effective_receipt_id"":null,""requirement_version_id"":""7954828e-2856-44ae-8a51-5b4d32ed3c93"",""facility_requirement_id"":""a7da2d96-da69-43b4-bc16-950864034a4f""}",[],[],[],
occurrence,988cb377-5dd9-422d-811e-6660dae8c4b7,col151-fa3f27672f1c admin,pending,2026-09-13T02:11:09.884177+00:00,"{""id"":""988cb377-5dd9-422d-811e-6660dae8c4b7"",""due_at"":""2040-02-19T04:00:00+00:00"",""status"":""pending"",""created_at"":""2026-09-13T02:11:09.884177+00:00"",""subject_id"":""56f3cf25-84ad-4746-934d-a50e371bf561"",""performed_at"":null,""activity_name"":""col151-fa3f27672f1c admin"",""authority_class"":""facility"",""execution_state"":""none"",""effective_receipt_id"":null,""requirement_version_id"":""7954828e-2856-44ae-8a51-5b4d32ed3c93"",""facility_requirement_id"":""a7da2d96-da69-43b4-bc16-950864034a4f""}",[],[],[],
occurrence,9c6d22d6-4948-41b4-899c-33a9b1ed90b2,col151-fa3f27672f1c admin,pending,2026-09-13T02:11:09.884177+00:00,"{""id"":""9c6d22d6-4948-41b4-899c-33a9b1ed90b2"",""due_at"":""2041-02-03T04:00:00+00:00"",""status"":""pending"",""created_at"":""2026-09-13T02:11:09.884177+00:00"",""subject_id"":""56f3cf25-84ad-4746-934d-a50e371bf561"",""performed_at"":null,""activity_name"":""col151-fa3f27672f1c admin"",""authority_class"":""facility"",""execution_state"":""none"",""effective_receipt_id"":null,""requirement_version_id"":""7954828e-2856-44ae-8a51-5b4d32ed3c93"",""facility_requirement_id"":""a7da2d96-da69-43b4-bc16-950864034a4f""}",[],[],[],
occurrence,9df50912-e705-42d4-87ff-7d530f5ddeca,col151-fa3f27672f1c admin,pending,2026-09-13T02:11:09.884177+00:00,"{""id"":""9df50912-e705-42d4-87ff-7d530f5ddeca"",""due_at"":""2041-03-31T03:00:00+00:00"",""status"":""pending"",""created_at"":""2026-09-13T02:11:09.884177+00:00"",""subject_id"":""56f3cf25-84ad-4746-934d-a50e371bf561"",""performed_at"":null,""activity_name"":""col151-fa3f27672f1c admin"",""authority_class"":""facility"",""execution_state"":""none"",""effective_receipt_id"":null,""requirement_version_id"":""7954828e-2856-44ae-8a51-5b4d32ed3c93"",""facility_requirement_id"":""a7da2d96-da69-43b4-bc16-950864034a4f""}",[],[],[],
occurrence,a1521927-e186-4a8d-afc9-59498ef357e8,col151-fa3f27672f1c admin,pending,2026-09-13T02:11:09.884177+00:00,"{""id"":""a1521927-e186-4a8d-afc9-59498ef357e8"",""due_at"":""2041-02-24T04:00:00+00:00"",""status"":""pending"",""created_at"":""2026-09-13T02:11:09.884177+00:00"",""subject_id"":""56f3cf25-84ad-4746-934d-a50e371bf561"",""performed_at"":null,""activity_name"":""col151-fa3f27672f1c admin"",""authority_class"":""facility"",""execution_state"":""none"",""effective_receipt_id"":null,""requirement_version_id"":""7954828e-2856-44ae-8a51-5b4d32ed3c93"",""facility_requirement_id"":""a7da2d96-da69-43b4-bc16-950864034a4f""}",[],[],[],
occurrence,a455206e-ee66-43c6-8b6f-e70eeb8e5c9a,col151-fa3f27672f1c admin,pending,2026-09-13T02:11:09.884177+00:00,"{""id"":""a455206e-ee66-43c6-8b6f-e70eeb8e5c9a"",""due_at"":""2040-05-27T03:00:00+00:00"",""status"":""pending"",""created_at"":""2026-09-13T02:11:09.884177+00:00"",""subject_id"":""56f3cf25-84ad-4746-934d-a50e371bf561"",""performed_at"":null,""activity_name"":""col151-fa3f27672f1c admin"",""authority_class"":""facility"",""execution_state"":""none"",""effective_receipt_id"":null,""requirement_version_id"":""7954828e-2856-44ae-8a51-5b4d32ed3c93"",""facility_requirement_id"":""a7da2d96-da69-43b4-bc16-950864034a4f""}",[],[],[],
occurrence,a88ffc8d-6751-4d44-85d8-c06b1670e33f,col151-fa3f27672f1c admin,pending,2026-09-13T02:11:09.884177+00:00,"{""id"":""a88ffc8d-6751-4d44-85d8-c06b1670e33f"",""due_at"":""2040-07-08T03:00:00+00:00"",""status"":""pending"",""created_at"":""2026-09-13T02:11:09.884177+00:00"",""subject_id"":""56f3cf25-84ad-4746-934d-a50e371bf561"",""performed_at"":null,""activity_name"":""col151-fa3f27672f1c admin"",""authority_class"":""facility"",""execution_state"":""none"",""effective_receipt_id"":null,""requirement_version_id"":""7954828e-2856-44ae-8a51-5b4d32ed3c93"",""facility_requirement_id"":""a7da2d96-da69-43b4-bc16-950864034a4f""}",[],[],[],
occurrence,ad5bf3e3-ef72-4f35-ab3e-9ae4b7245477,col151-fa3f27672f1c admin,pending,2026-09-13T02:11:09.884177+00:00,"{""id"":""ad5bf3e3-ef72-4f35-ab3e-9ae4b7245477"",""due_at"":""2040-03-18T03:00:00+00:00"",""status"":""pending"",""created_at"":""2026-09-13T02:11:09.884177+00:00"",""subject_id"":""56f3cf25-84ad-4746-934d-a50e371bf561"",""performed_at"":null,""activity_name"":""col151-fa3f27672f1c admin"",""authority_class"":""facility"",""execution_state"":""none"",""effective_receipt_id"":null,""requirement_version_id"":""7954828e-2856-44ae-8a51-5b4d32ed3c93"",""facility_requirement_id"":""a7da2d96-da69-43b4-bc16-950864034a4f""}",[],[],[],
occurrence,b184869a-59ea-4e31-bd6a-0be27b07b57a,col151-fa3f27672f1c admin,pending,2026-09-13T02:11:09.884177+00:00,"{""id"":""b184869a-59ea-4e31-bd6a-0be27b07b57a"",""due_at"":""2040-05-06T03:00:00+00:00"",""status"":""pending"",""created_at"":""2026-09-13T02:11:09.884177+00:00"",""subject_id"":""56f3cf25-84ad-4746-934d-a50e371bf561"",""performed_at"":null,""activity_name"":""col151-fa3f27672f1c admin"",""authority_class"":""facility"",""execution_state"":""none"",""effective_receipt_id"":null,""requirement_version_id"":""7954828e-2856-44ae-8a51-5b4d32ed3c93"",""facility_requirement_id"":""a7da2d96-da69-43b4-bc16-950864034a4f""}",[],[],[],
occurrence,b2021d74-cdc3-4dcd-af7a-62cfb93502bf,col151-fa3f27672f1c admin,pending,2026-09-13T02:11:09.884177+00:00,"{""id"":""b2021d74-cdc3-4dcd-af7a-62cfb93502bf"",""due_at"":""2041-07-07T03:00:00+00:00"",""status"":""pending"",""created_at"":""2026-09-13T02:11:09.884177+00:00"",""subject_id"":""56f3cf25-84ad-4746-934d-a50e371bf561"",""performed_at"":null,""activity_name"":""col151-fa3f27672f1c admin"",""authority_class"":""facility"",""execution_state"":""none"",""effective_receipt_id"":null,""requirement_version_id"":""7954828e-2856-44ae-8a51-5b4d32ed3c93"",""facility_requirement_id"":""a7da2d96-da69-43b4-bc16-950864034a4f""}",[],[],[],
occurrence,b256109d-35e8-4088-ac1f-e66c10822f2d,col151-fa3f27672f1c admin,pending,2026-09-13T02:11:09.884177+00:00,"{""id"":""b256109d-35e8-4088-ac1f-e66c10822f2d"",""due_at"":""2041-05-19T03:00:00+00:00"",""status"":""pending"",""created_at"":""2026-09-13T02:11:09.884177+00:00"",""subject_id"":""56f3cf25-84ad-4746-934d-a50e371bf561"",""performed_at"":null,""activity_name"":""col151-fa3f27672f1c admin"",""authority_class"":""facility"",""execution_state"":""none"",""effective_receipt_id"":null,""requirement_version_id"":""7954828e-2856-44ae-8a51-5b4d32ed3c93"",""facility_requirement_id"":""a7da2d96-da69-43b4-bc16-950864034a4f""}",[],[],[],
occurrence,b3364695-4c82-4b3a-9b88-b969e2bde077,col151-fa3f27672f1c admin,pending,2026-09-13T02:11:09.884177+00:00,"{""id"":""b3364695-4c82-4b3a-9b88-b969e2bde077"",""due_at"":""2040-09-02T03:00:00+00:00"",""status"":""pending"",""created_at"":""2026-09-13T02:11:09.884177+00:00"",""subject_id"":""56f3cf25-84ad-4746-934d-a50e371bf561"",""performed_at"":null,""activity_name"":""col151-fa3f27672f1c admin"",""authority_class"":""facility"",""execution_state"":""none"",""effective_receipt_id"":null,""requirement_version_id"":""7954828e-2856-44ae-8a51-5b4d32ed3c93"",""facility_requirement_id"":""a7da2d96-da69-43b4-bc16-950864034a4f""}",[],[],[],
occurrence,b542ec16-0596-494f-893e-f5306d37cb13,col151-fa3f27672f1c admin,pending,2026-09-13T02:11:09.884177+00:00,"{""id"":""b542ec16-0596-494f-893e-f5306d37cb13"",""due_at"":""2041-11-10T04:00:00+00:00"",""status"":""pending"",""created_at"":""2026-09-13T02:11:09.884177+00:00"",""subject_id"":""56f3cf25-84ad-4746-934d-a50e371bf561"",""performed_at"":null,""activity_name"":""col151-fa3f27672f1c admin"",""authority_class"":""facility"",""execution_state"":""none"",""effective_receipt_id"":null,""requirement_version_id"":""7954828e-2856-44ae-8a51-5b4d32ed3c93"",""facility_requirement_id"":""a7da2d96-da69-43b4-bc16-950864034a4f""}",[],[],[],
occurrence,b554bfd7-ddac-4ddc-99cf-0fdd682e5110,col151-fa3f27672f1c admin,pending,2026-09-13T02:11:09.884177+00:00,"{""id"":""b554bfd7-ddac-4ddc-99cf-0fdd682e5110"",""due_at"":""2040-03-11T04:00:00+00:00"",""status"":""pending"",""created_at"":""2026-09-13T02:11:09.884177+00:00"",""subject_id"":""56f3cf25-84ad-4746-934d-a50e371bf561"",""performed_at"":null,""activity_name"":""col151-fa3f27672f1c admin"",""authority_class"":""facility"",""execution_state"":""none"",""effective_receipt_id"":null,""requirement_version_id"":""7954828e-2856-44ae-8a51-5b4d32ed3c93"",""facility_requirement_id"":""a7da2d96-da69-43b4-bc16-950864034a4f""}",[],[],[],
occurrence,bb9bacb0-feb9-4fbd-abad-a23550840bae,col151-fa3f27672f1c admin,pending,2026-09-13T02:11:09.884177+00:00,"{""id"":""bb9bacb0-feb9-4fbd-abad-a23550840bae"",""due_at"":""2041-10-27T03:00:00+00:00"",""status"":""pending"",""created_at"":""2026-09-13T02:11:09.884177+00:00"",""subject_id"":""56f3cf25-84ad-4746-934d-a50e371bf561"",""performed_at"":null,""activity_name"":""col151-fa3f27672f1c admin"",""authority_class"":""facility"",""execution_state"":""none"",""effective_receipt_id"":null,""requirement_version_id"":""7954828e-2856-44ae-8a51-5b4d32ed3c93"",""facility_requirement_id"":""a7da2d96-da69-43b4-bc16-950864034a4f""}",[],[],[],
occurrence,bcaf5c17-4b31-48ae-a66c-b6f274c0907f,col151-fa3f27672f1c admin,pending,2026-09-13T02:11:09.884177+00:00,"{""id"":""bcaf5c17-4b31-48ae-a66c-b6f274c0907f"",""due_at"":""2040-12-30T04:00:00+00:00"",""status"":""pending"",""created_at"":""2026-09-13T02:11:09.884177+00:00"",""subject_id"":""56f3cf25-84ad-4746-934d-a50e371bf561"",""performed_at"":null,""activity_name"":""col151-fa3f27672f1c admin"",""authority_class"":""facility"",""execution_state"":""none"",""effective_receipt_id"":null,""requirement_version_id"":""7954828e-2856-44ae-8a51-5b4d32ed3c93"",""facility_requirement_id"":""a7da2d96-da69-43b4-bc16-950864034a4f""}",[],[],[],
occurrence,bf1d4658-7653-40e5-b967-d73608b32bf5,col151-fa3f27672f1c admin,pending,2026-09-13T02:11:09.884177+00:00,"{""id"":""bf1d4658-7653-40e5-b967-d73608b32bf5"",""due_at"":""2040-03-04T04:00:00+00:00"",""status"":""pending"",""created_at"":""2026-09-13T02:11:09.884177+00:00"",""subject_id"":""56f3cf25-84ad-4746-934d-a50e371bf561"",""performed_at"":null,""activity_name"":""col151-fa3f27672f1c admin"",""authority_class"":""facility"",""execution_state"":""none"",""effective_receipt_id"":null,""requirement_version_id"":""7954828e-2856-44ae-8a51-5b4d32ed3c93"",""facility_requirement_id"":""a7da2d96-da69-43b4-bc16-950864034a4f""}",[],[],[],
occurrence,c0166cec-3bcf-4422-9652-b8cfc0877abe,col151-fa3f27672f1c admin,pending,2026-09-13T02:11:09.884177+00:00,"{""id"":""c0166cec-3bcf-4422-9652-b8cfc0877abe"",""due_at"":""2041-12-01T04:00:00+00:00"",""status"":""pending"",""created_at"":""2026-09-13T02:11:09.884177+00:00"",""subject_id"":""56f3cf25-84ad-4746-934d-a50e371bf561"",""performed_at"":null,""activity_name"":""col151-fa3f27672f1c admin"",""authority_class"":""facility"",""execution_state"":""none"",""effective_receipt_id"":null,""requirement_version_id"":""7954828e-2856-44ae-8a51-5b4d32ed3c93"",""facility_requirement_id"":""a7da2d96-da69-43b4-bc16-950864034a4f""}",[],[],[],
occurrence,c2955aa6-63fa-45fd-9083-f5ec049870c2,col151-fa3f27672f1c admin,pending,2026-09-13T02:11:09.884177+00:00,"{""id"":""c2955aa6-63fa-45fd-9083-f5ec049870c2"",""due_at"":""2041-04-14T03:00:00+00:00"",""status"":""pending"",""created_at"":""2026-09-13T02:11:09.884177+00:00"",""subject_id"":""56f3cf25-84ad-4746-934d-a50e371bf561"",""performed_at"":null,""activity_name"":""col151-fa3f27672f1c admin"",""authority_class"":""facility"",""execution_state"":""none"",""effective_receipt_id"":null,""requirement_version_id"":""7954828e-2856-44ae-8a51-5b4d32ed3c93"",""facility_requirement_id"":""a7da2d96-da69-43b4-bc16-950864034a4f""}",[],[],[],
occurrence,c42d25be-2655-4228-9798-e3eae2ee8dc0,col151-fa3f27672f1c admin,pending,2026-09-13T02:11:09.884177+00:00,"{""id"":""c42d25be-2655-4228-9798-e3eae2ee8dc0"",""due_at"":""2041-08-11T03:00:00+00:00"",""status"":""pending"",""created_at"":""2026-09-13T02:11:09.884177+00:00"",""subject_id"":""56f3cf25-84ad-4746-934d-a50e371bf561"",""performed_at"":null,""activity_name"":""col151-fa3f27672f1c admin"",""authority_class"":""facility"",""execution_state"":""none"",""effective_receipt_id"":null,""requirement_version_id"":""7954828e-2856-44ae-8a51-5b4d32ed3c93"",""facility_requirement_id"":""a7da2d96-da69-43b4-bc16-950864034a4f""}",[],[],[],
occurrence,c4c492c6-f778-4447-bd32-591e172f46e5,col151-fa3f27672f1c admin,pending,2026-09-13T02:11:09.884177+00:00,"{""id"":""c4c492c6-f778-4447-bd32-591e172f46e5"",""due_at"":""2041-09-22T03:00:00+00:00"",""status"":""pending"",""created_at"":""2026-09-13T02:11:09.884177+00:00"",""subject_id"":""56f3cf25-84ad-4746-934d-a50e371bf561"",""performed_at"":null,""activity_name"":""col151-fa3f27672f1c admin"",""authority_class"":""facility"",""execution_state"":""none"",""effective_receipt_id"":null,""requirement_version_id"":""7954828e-2856-44ae-8a51-5b4d32ed3c93"",""facility_requirement_id"":""a7da2d96-da69-43b4-bc16-950864034a4f""}",[],[],[],
occurrence,c633b5f3-09d7-4f20-8bea-e673dff4b6a8,col151-fa3f27672f1c admin,pending,2026-09-13T02:11:09.884177+00:00,"{""id"":""c633b5f3-09d7-4f20-8bea-e673dff4b6a8"",""due_at"":""2040-07-01T03:00:00+00:00"",""status"":""pending"",""created_at"":""2026-09-13T02:11:09.884177+00:00"",""subject_id"":""56f3cf25-84ad-4746-934d-a50e371bf561"",""performed_at"":null,""activity_name"":""col151-fa3f27672f1c admin"",""authority_class"":""facility"",""execution_state"":""none"",""effective_receipt_id"":null,""requirement_version_id"":""7954828e-2856-44ae-8a51-5b4d32ed3c93"",""facility_requirement_id"":""a7da2d96-da69-43b4-bc16-950864034a4f""}",[],[],[],
occurrence,ca377494-f041-4b3b-b989-97379bce47be,col151-fa3f27672f1c admin,pending,2026-09-13T02:11:09.884177+00:00,"{""id"":""ca377494-f041-4b3b-b989-97379bce47be"",""due_at"":""2041-08-18T03:00:00+00:00"",""status"":""pending"",""created_at"":""2026-09-13T02:11:09.884177+00:00"",""subject_id"":""56f3cf25-84ad-4746-934d-a50e371bf561"",""performed_at"":null,""activity_name"":""col151-fa3f27672f1c admin"",""authority_class"":""facility"",""execution_state"":""none"",""effective_receipt_id"":null,""requirement_version_id"":""7954828e-2856-44ae-8a51-5b4d32ed3c93"",""facility_requirement_id"":""a7da2d96-da69-43b4-bc16-950864034a4f""}",[],[],[],
occurrence,ce147e8a-0870-4861-a276-7ffb31bf1bf9,col151-fa3f27672f1c admin,pending,2026-09-13T02:11:09.884177+00:00,"{""id"":""ce147e8a-0870-4861-a276-7ffb31bf1bf9"",""due_at"":""2042-01-12T04:00:00+00:00"",""status"":""pending"",""created_at"":""2026-09-13T02:11:09.884177+00:00"",""subject_id"":""56f3cf25-84ad-4746-934d-a50e371bf561"",""performed_at"":null,""activity_name"":""col151-fa3f27672f1c admin"",""authority_class"":""facility"",""execution_state"":""none"",""effective_receipt_id"":null,""requirement_version_id"":""7954828e-2856-44ae-8a51-5b4d32ed3c93"",""facility_requirement_id"":""a7da2d96-da69-43b4-bc16-950864034a4f""}",[],[],[],
occurrence,cecc947b-610d-4a74-9a31-49d71b1cd606,col151-fa3f27672f1c admin,pending,2026-09-13T02:11:09.884177+00:00,"{""id"":""cecc947b-610d-4a74-9a31-49d71b1cd606"",""due_at"":""2041-09-08T03:00:00+00:00"",""status"":""pending"",""created_at"":""2026-09-13T02:11:09.884177+00:00"",""subject_id"":""56f3cf25-84ad-4746-934d-a50e371bf561"",""performed_at"":null,""activity_name"":""col151-fa3f27672f1c admin"",""authority_class"":""facility"",""execution_state"":""none"",""effective_receipt_id"":null,""requirement_version_id"":""7954828e-2856-44ae-8a51-5b4d32ed3c93"",""facility_requirement_id"":""a7da2d96-da69-43b4-bc16-950864034a4f""}",[],[],[],
occurrence,d360b5cf-df35-4aed-bb4e-0c2ff8b9da73,col151-fa3f27672f1c admin,pending,2026-09-13T02:11:09.884177+00:00,"{""id"":""d360b5cf-df35-4aed-bb4e-0c2ff8b9da73"",""due_at"":""2040-12-02T04:00:00+00:00"",""status"":""pending"",""created_at"":""2026-09-13T02:11:09.884177+00:00"",""subject_id"":""56f3cf25-84ad-4746-934d-a50e371bf561"",""performed_at"":null,""activity_name"":""col151-fa3f27672f1c admin"",""authority_class"":""facility"",""execution_state"":""none"",""effective_receipt_id"":null,""requirement_version_id"":""7954828e-2856-44ae-8a51-5b4d32ed3c93"",""facility_requirement_id"":""a7da2d96-da69-43b4-bc16-950864034a4f""}",[],[],[],
occurrence,d5fbb23c-65fb-49dc-8f4e-76942583520f,col151-fa3f27672f1c admin,pending,2026-09-13T02:11:09.884177+00:00,"{""id"":""d5fbb23c-65fb-49dc-8f4e-76942583520f"",""due_at"":""2041-07-28T03:00:00+00:00"",""status"":""pending"",""created_at"":""2026-09-13T02:11:09.884177+00:00"",""subject_id"":""56f3cf25-84ad-4746-934d-a50e371bf561"",""performed_at"":null,""activity_name"":""col151-fa3f27672f1c admin"",""authority_class"":""facility"",""execution_state"":""none"",""effective_receipt_id"":null,""requirement_version_id"":""7954828e-2856-44ae-8a51-5b4d32ed3c93"",""facility_requirement_id"":""a7da2d96-da69-43b4-bc16-950864034a4f""}",[],[],[],
occurrence,d62b5fda-94c3-424a-939e-a682f104311f,col151-fa3f27672f1c admin,pending,2026-09-13T02:11:09.884177+00:00,"{""id"":""d62b5fda-94c3-424a-939e-a682f104311f"",""due_at"":""2040-03-25T03:00:00+00:00"",""status"":""pending"",""created_at"":""2026-09-13T02:11:09.884177+00:00"",""subject_id"":""56f3cf25-84ad-4746-934d-a50e371bf561"",""performed_at"":null,""activity_name"":""col151-fa3f27672f1c admin"",""authority_class"":""facility"",""execution_state"":""none"",""effective_receipt_id"":null,""requirement_version_id"":""7954828e-2856-44ae-8a51-5b4d32ed3c93"",""facility_requirement_id"":""a7da2d96-da69-43b4-bc16-950864034a4f""}",[],[],[],
occurrence,d6970d74-e789-4933-bb07-967d6ffa6a0d,col151-fa3f27672f1c admin,pending,2026-09-13T02:11:09.884177+00:00,"{""id"":""d6970d74-e789-4933-bb07-967d6ffa6a0d"",""due_at"":""2040-11-04T03:00:00+00:00"",""status"":""pending"",""created_at"":""2026-09-13T02:11:09.884177+00:00"",""subject_id"":""56f3cf25-84ad-4746-934d-a50e371bf561"",""performed_at"":null,""activity_name"":""col151-fa3f27672f1c admin"",""authority_class"":""facility"",""execution_state"":""none"",""effective_receipt_id"":null,""requirement_version_id"":""7954828e-2856-44ae-8a51-5b4d32ed3c93"",""facility_requirement_id"":""a7da2d96-da69-43b4-bc16-950864034a4f""}",[],[],[],
occurrence,dadf8805-7bbd-4e64-bb65-a3473c45331f,col151-fa3f27672f1c admin,pending,2026-09-13T02:11:09.884177+00:00,"{""id"":""dadf8805-7bbd-4e64-bb65-a3473c45331f"",""due_at"":""2040-08-12T03:00:00+00:00"",""status"":""pending"",""created_at"":""2026-09-13T02:11:09.884177+00:00"",""subject_id"":""56f3cf25-84ad-4746-934d-a50e371bf561"",""performed_at"":null,""activity_name"":""col151-fa3f27672f1c admin"",""authority_class"":""facility"",""execution_state"":""none"",""effective_receipt_id"":null,""requirement_version_id"":""7954828e-2856-44ae-8a51-5b4d32ed3c93"",""facility_requirement_id"":""a7da2d96-da69-43b4-bc16-950864034a4f""}",[],[],[],
occurrence,e24bd4b1-e241-4d1f-9811-6fa59aade3e6,col151-fa3f27672f1c admin,pending,2026-09-13T02:11:09.884177+00:00,"{""id"":""e24bd4b1-e241-4d1f-9811-6fa59aade3e6"",""due_at"":""2040-08-19T03:00:00+00:00"",""status"":""pending"",""created_at"":""2026-09-13T02:11:09.884177+00:00"",""subject_id"":""56f3cf25-84ad-4746-934d-a50e371bf561"",""performed_at"":null,""activity_name"":""col151-fa3f27672f1c admin"",""authority_class"":""facility"",""execution_state"":""none"",""effective_receipt_id"":null,""requirement_version_id"":""7954828e-2856-44ae-8a51-5b4d32ed3c93"",""facility_requirement_id"":""a7da2d96-da69-43b4-bc16-950864034a4f""}",[],[],[],
occurrence,e25ae67c-46a8-42c8-8f72-65b68ffa49da,col151-fa3f27672f1c admin,pending,2026-09-13T02:11:09.884177+00:00,"{""id"":""e25ae67c-46a8-42c8-8f72-65b68ffa49da"",""due_at"":""2041-09-29T03:00:00+00:00"",""status"":""pending"",""created_at"":""2026-09-13T02:11:09.884177+00:00"",""subject_id"":""56f3cf25-84ad-4746-934d-a50e371bf561"",""performed_at"":null,""activity_name"":""col151-fa3f27672f1c admin"",""authority_class"":""facility"",""execution_state"":""none"",""effective_receipt_id"":null,""requirement_version_id"":""7954828e-2856-44ae-8a51-5b4d32ed3c93"",""facility_requirement_id"":""a7da2d96-da69-43b4-bc16-950864034a4f""}",[],[],[],
occurrence,e4523983-d169-4ff4-96ec-89e9d40bdcf1,col151-fa3f27672f1c admin,pending,2026-09-13T02:11:09.884177+00:00,"{""id"":""e4523983-d169-4ff4-96ec-89e9d40bdcf1"",""due_at"":""2040-11-25T04:00:00+00:00"",""status"":""pending"",""created_at"":""2026-09-13T02:11:09.884177+00:00"",""subject_id"":""56f3cf25-84ad-4746-934d-a50e371bf561"",""performed_at"":null,""activity_name"":""col151-fa3f27672f1c admin"",""authority_class"":""facility"",""execution_state"":""none"",""effective_receipt_id"":null,""requirement_version_id"":""7954828e-2856-44ae-8a51-5b4d32ed3c93"",""facility_requirement_id"":""a7da2d96-da69-43b4-bc16-950864034a4f""}",[],[],[],
occurrence,e4cab18b-8331-4339-9adb-ff28bd2666ad,col151-fa3f27672f1c admin,pending,2026-09-13T02:11:09.884177+00:00,"{""id"":""e4cab18b-8331-4339-9adb-ff28bd2666ad"",""due_at"":""2040-04-29T03:00:00+00:00"",""status"":""pending"",""created_at"":""2026-09-13T02:11:09.884177+00:00"",""subject_id"":""56f3cf25-84ad-4746-934d-a50e371bf561"",""performed_at"":null,""activity_name"":""col151-fa3f27672f1c admin"",""authority_class"":""facility"",""execution_state"":""none"",""effective_receipt_id"":null,""requirement_version_id"":""7954828e-2856-44ae-8a51-5b4d32ed3c93"",""facility_requirement_id"":""a7da2d96-da69-43b4-bc16-950864034a4f""}",[],[],[],
occurrence,e8a90c76-07a7-46ab-9cc7-3ff3575c7d16,col151-fa3f27672f1c admin,pending,2026-09-13T02:11:09.884177+00:00,"{""id"":""e8a90c76-07a7-46ab-9cc7-3ff3575c7d16"",""due_at"":""2041-07-14T03:00:00+00:00"",""status"":""pending"",""created_at"":""2026-09-13T02:11:09.884177+00:00"",""subject_id"":""56f3cf25-84ad-4746-934d-a50e371bf561"",""performed_at"":null,""activity_name"":""col151-fa3f27672f1c admin"",""authority_class"":""facility"",""execution_state"":""none"",""effective_receipt_id"":null,""requirement_version_id"":""7954828e-2856-44ae-8a51-5b4d32ed3c93"",""facility_requirement_id"":""a7da2d96-da69-43b4-bc16-950864034a4f""}",[],[],[],
occurrence,e8c8d463-80cc-4e92-a699-5c0c48d1903a,col151-fa3f27672f1c admin,pending,2026-09-13T02:11:09.884177+00:00,"{""id"":""e8c8d463-80cc-4e92-a699-5c0c48d1903a"",""due_at"":""2041-03-03T04:00:00+00:00"",""status"":""pending"",""created_at"":""2026-09-13T02:11:09.884177+00:00"",""subject_id"":""56f3cf25-84ad-4746-934d-a50e371bf561"",""performed_at"":null,""activity_name"":""col151-fa3f27672f1c admin"",""authority_class"":""facility"",""execution_state"":""none"",""effective_receipt_id"":null,""requirement_version_id"":""7954828e-2856-44ae-8a51-5b4d32ed3c93"",""facility_requirement_id"":""a7da2d96-da69-43b4-bc16-950864034a4f""}",[],[],[],
occurrence,e98f4f90-9ea5-4af2-92f3-c5ff0c47189e,col151-fa3f27672f1c admin,pending,2026-09-13T02:11:09.884177+00:00,"{""id"":""e98f4f90-9ea5-4af2-92f3-c5ff0c47189e"",""due_at"":""2041-05-05T03:00:00+00:00"",""status"":""pending"",""created_at"":""2026-09-13T02:11:09.884177+00:00"",""subject_id"":""56f3cf25-84ad-4746-934d-a50e371bf561"",""performed_at"":null,""activity_name"":""col151-fa3f27672f1c admin"",""authority_class"":""facility"",""execution_state"":""none"",""effective_receipt_id"":null,""requirement_version_id"":""7954828e-2856-44ae-8a51-5b4d32ed3c93"",""facility_requirement_id"":""a7da2d96-da69-43b4-bc16-950864034a4f""}",[],[],[],
occurrence,ed6f39e4-2d66-43b0-a588-39d6323dabc7,col151-fa3f27672f1c admin,pending,2026-09-13T02:11:09.884177+00:00,"{""id"":""ed6f39e4-2d66-43b0-a588-39d6323dabc7"",""due_at"":""2040-08-05T03:00:00+00:00"",""status"":""pending"",""created_at"":""2026-09-13T02:11:09.884177+00:00"",""subject_id"":""56f3cf25-84ad-4746-934d-a50e371bf561"",""performed_at"":null,""activity_name"":""col151-fa3f27672f1c admin"",""authority_class"":""facility"",""execution_state"":""none"",""effective_receipt_id"":null,""requirement_version_id"":""7954828e-2856-44ae-8a51-5b4d32ed3c93"",""facility_requirement_id"":""a7da2d96-da69-43b4-bc16-950864034a4f""}",[],[],[],
occurrence,f073f170-8084-4cd7-923d-b89aedc97fd8,col151-fa3f27672f1c admin,pending,2026-09-13T02:11:09.884177+00:00,"{""id"":""f073f170-8084-4cd7-923d-b89aedc97fd8"",""due_at"":""2040-08-26T03:00:00+00:00"",""status"":""pending"",""created_at"":""2026-09-13T02:11:09.884177+00:00"",""subject_id"":""56f3cf25-84ad-4746-934d-a50e371bf561"",""performed_at"":null,""activity_name"":""col151-fa3f27672f1c admin"",""authority_class"":""facility"",""execution_state"":""none"",""effective_receipt_id"":null,""requirement_version_id"":""7954828e-2856-44ae-8a51-5b4d32ed3c93"",""facility_requirement_id"":""a7da2d96-da69-43b4-bc16-950864034a4f""}",[],[],[],
occurrence,f0fb9bb0-e05b-4785-9cf1-34003d01ae57,col151-fa3f27672f1c admin,pending,2026-09-13T02:11:09.884177+00:00,"{""id"":""f0fb9bb0-e05b-4785-9cf1-34003d01ae57"",""due_at"":""2041-02-17T04:00:00+00:00"",""status"":""pending"",""created_at"":""2026-09-13T02:11:09.884177+00:00"",""subject_id"":""56f3cf25-84ad-4746-934d-a50e371bf561"",""performed_at"":null,""activity_name"":""col151-fa3f27672f1c admin"",""authority_class"":""facility"",""execution_state"":""none"",""effective_receipt_id"":null,""requirement_version_id"":""7954828e-2856-44ae-8a51-5b4d32ed3c93"",""facility_requirement_id"":""a7da2d96-da69-43b4-bc16-950864034a4f""}",[],[],[],
occurrence,f574cad2-26bb-4731-93ef-b103dd53fe60,col151-fa3f27672f1c admin,pending,2026-09-13T02:11:09.884177+00:00,"{""id"":""f574cad2-26bb-4731-93ef-b103dd53fe60"",""due_at"":""2040-06-17T03:00:00+00:00"",""status"":""pending"",""created_at"":""2026-09-13T02:11:09.884177+00:00"",""subject_id"":""56f3cf25-84ad-4746-934d-a50e371bf561"",""performed_at"":null,""activity_name"":""col151-fa3f27672f1c admin"",""authority_class"":""facility"",""execution_state"":""none"",""effective_receipt_id"":null,""requirement_version_id"":""7954828e-2856-44ae-8a51-5b4d32ed3c93"",""facility_requirement_id"":""a7da2d96-da69-43b4-bc16-950864034a4f""}",[],[],[],
occurrence,f5fbbd1b-e93d-400b-a5bd-0d64707d98bd,col151-fa3f27672f1c admin,pending,2026-09-13T02:11:09.884177+00:00,"{""id"":""f5fbbd1b-e93d-400b-a5bd-0d64707d98bd"",""due_at"":""2040-09-23T03:00:00+00:00"",""status"":""pending"",""created_at"":""2026-09-13T02:11:09.884177+00:00"",""subject_id"":""56f3cf25-84ad-4746-934d-a50e371bf561"",""performed_at"":null,""activity_name"":""col151-fa3f27672f1c admin"",""authority_class"":""facility"",""execution_state"":""none"",""effective_receipt_id"":null,""requirement_version_id"":""7954828e-2856-44ae-8a51-5b4d32ed3c93"",""facility_requirement_id"":""a7da2d96-da69-43b4-bc16-950864034a4f""}",[],[],[],
occurrence,f94de067-4451-43c8-a850-f2d85ff13a71,col151-fa3f27672f1c admin,pending,2026-09-13T02:11:09.884177+00:00,"{""id"":""f94de067-4451-43c8-a850-f2d85ff13a71"",""due_at"":""2040-07-29T03:00:00+00:00"",""status"":""pending"",""created_at"":""2026-09-13T02:11:09.884177+00:00"",""subject_id"":""56f3cf25-84ad-4746-934d-a50e371bf561"",""performed_at"":null,""activity_name"":""col151-fa3f27672f1c admin"",""authority_class"":""facility"",""execution_state"":""none"",""effective_receipt_id"":null,""requirement_version_id"":""7954828e-2856-44ae-8a51-5b4d32ed3c93"",""facility_requirement_id"":""a7da2d96-da69-43b4-bc16-950864034a4f""}",[],[],[],
occurrence,f9b3950c-9ec4-4550-a996-06b66e12f604,col151-fa3f27672f1c admin,pending,2026-09-13T02:11:09.884177+00:00,"{""id"":""f9b3950c-9ec4-4550-a996-06b66e12f604"",""due_at"":""2041-06-30T03:00:00+00:00"",""status"":""pending"",""created_at"":""2026-09-13T02:11:09.884177+00:00"",""subject_id"":""56f3cf25-84ad-4746-934d-a50e371bf561"",""performed_at"":null,""activity_name"":""col151-fa3f27672f1c admin"",""authority_class"":""facility"",""execution_state"":""none"",""effective_receipt_id"":null,""requirement_version_id"":""7954828e-2856-44ae-8a51-5b4d32ed3c93"",""facility_requirement_id"":""a7da2d96-da69-43b4-bc16-950864034a4f""}",[],[],[],
occurrence,fa6ffffd-63c9-4999-bb5d-e63d35264ae4,col151-fa3f27672f1c admin,pending,2026-09-13T02:11:09.884177+00:00,"{""id"":""fa6ffffd-63c9-4999-bb5d-e63d35264ae4"",""due_at"":""2041-07-21T03:00:00+00:00"",""status"":""pending"",""created_at"":""2026-09-13T02:11:09.884177+00:00"",""subject_id"":""56f3cf25-84ad-4746-934d-a50e371bf561"",""performed_at"":null,""activity_name"":""col151-fa3f27672f1c admin"",""authority_class"":""facility"",""execution_state"":""none"",""effective_receipt_id"":null,""requirement_version_id"":""7954828e-2856-44ae-8a51-5b4d32ed3c93"",""facility_requirement_id"":""a7da2d96-da69-43b4-bc16-950864034a4f""}",[],[],[],
occurrence,fbabe6b1-f305-445c-a02d-bc02eda04fd2,col151-fa3f27672f1c admin,pending,2026-09-13T02:11:09.884177+00:00,"{""id"":""fbabe6b1-f305-445c-a02d-bc02eda04fd2"",""due_at"":""2040-04-22T03:00:00+00:00"",""status"":""pending"",""created_at"":""2026-09-13T02:11:09.884177+00:00"",""subject_id"":""56f3cf25-84ad-4746-934d-a50e371bf561"",""performed_at"":null,""activity_name"":""col151-fa3f27672f1c admin"",""authority_class"":""facility"",""execution_state"":""none"",""effective_receipt_id"":null,""requirement_version_id"":""7954828e-2856-44ae-8a51-5b4d32ed3c93"",""facility_requirement_id"":""a7da2d96-da69-43b4-bc16-950864034a4f""}",[],[],[],
occurrence,fcc8153e-dee7-4ae3-8621-12f6c8d46a77,col151-fa3f27672f1c admin,pending,2026-09-13T02:11:09.884177+00:00,"{""id"":""fcc8153e-dee7-4ae3-8621-12f6c8d46a77"",""due_at"":""2040-04-08T03:00:00+00:00"",""status"":""pending"",""created_at"":""2026-09-13T02:11:09.884177+00:00"",""subject_id"":""56f3cf25-84ad-4746-934d-a50e371bf561"",""performed_at"":null,""activity_name"":""col151-fa3f27672f1c admin"",""authority_class"":""facility"",""execution_state"":""none"",""effective_receipt_id"":null,""requirement_version_id"":""7954828e-2856-44ae-8a51-5b4d32ed3c93"",""facility_requirement_id"":""a7da2d96-da69-43b4-bc16-950864034a4f""}",[],[],[],
occurrence,fe1bdd98-756a-46ce-87c1-3e29ecc23025,col151-fa3f27672f1c admin,pending,2026-09-13T02:11:09.884177+00:00,"{""id"":""fe1bdd98-756a-46ce-87c1-3e29ecc23025"",""due_at"":""2040-10-28T03:00:00+00:00"",""status"":""pending"",""created_at"":""2026-09-13T02:11:09.884177+00:00"",""subject_id"":""56f3cf25-84ad-4746-934d-a50e371bf561"",""performed_at"":null,""activity_name"":""col151-fa3f27672f1c admin"",""authority_class"":""facility"",""execution_state"":""none"",""effective_receipt_id"":null,""requirement_version_id"":""7954828e-2856-44ae-8a51-5b4d32ed3c93"",""facility_requirement_id"":""a7da2d96-da69-43b4-bc16-950864034a4f""}",[],[],[],
occurrence,fece67c3-8243-4155-86db-69de67583ac3,col151-fa3f27672f1c admin,pending,2026-09-13T02:11:09.884177+00:00,"{""id"":""fece67c3-8243-4155-86db-69de67583ac3"",""due_at"":""2041-03-17T03:00:00+00:00"",""status"":""pending"",""created_at"":""2026-09-13T02:11:09.884177+00:00"",""subject_id"":""56f3cf25-84ad-4746-934d-a50e371bf561"",""performed_at"":null,""activity_name"":""col151-fa3f27672f1c admin"",""authority_class"":""facility"",""execution_state"":""none"",""effective_receipt_id"":null,""requirement_version_id"":""7954828e-2856-44ae-8a51-5b4d32ed3c93"",""facility_requirement_id"":""a7da2d96-da69-43b4-bc16-950864034a4f""}",[],[],[],
occurrence,00c67e7e-894b-48de-9a13-5b8de1e3f31c,col151-fa3f27672f1c admin,pending,2026-09-13T02:11:10.320087+00:00,"{""id"":""00c67e7e-894b-48de-9a13-5b8de1e3f31c"",""due_at"":""2043-07-19T03:00:00+00:00"",""status"":""pending"",""created_at"":""2026-09-13T02:11:10.320087+00:00"",""subject_id"":""56f3cf25-84ad-4746-934d-a50e371bf561"",""performed_at"":null,""activity_name"":""col151-fa3f27672f1c admin"",""authority_class"":""facility"",""execution_state"":""none"",""effective_receipt_id"":null,""requirement_version_id"":""7954828e-2856-44ae-8a51-5b4d32ed3c93"",""facility_requirement_id"":""a7da2d96-da69-43b4-bc16-950864034a4f""}",[],[],[],
occurrence,01f0d6d5-c0c8-434d-b8f3-547e56e831ef,col151-fa3f27672f1c admin,pending,2026-09-13T02:11:10.320087+00:00,"{""id"":""01f0d6d5-c0c8-434d-b8f3-547e56e831ef"",""due_at"":""2042-01-26T04:00:00+00:00"",""status"":""pending"",""created_at"":""2026-09-13T02:11:10.320087+00:00"",""subject_id"":""56f3cf25-84ad-4746-934d-a50e371bf561"",""performed_at"":null,""activity_name"":""col151-fa3f27672f1c admin"",""authority_class"":""facility"",""execution_state"":""none"",""effective_receipt_id"":null,""requirement_version_id"":""7954828e-2856-44ae-8a51-5b4d32ed3c93"",""facility_requirement_id"":""a7da2d96-da69-43b4-bc16-950864034a4f""}",[],[],[],
occurrence,03f94064-6953-42d4-86b4-62a23d810e4a,col151-fa3f27672f1c admin,pending,2026-09-13T02:11:10.320087+00:00,"{""id"":""03f94064-6953-42d4-86b4-62a23d810e4a"",""due_at"":""2043-03-22T03:00:00+00:00"",""status"":""pending"",""created_at"":""2026-09-13T02:11:10.320087+00:00"",""subject_id"":""56f3cf25-84ad-4746-934d-a50e371bf561"",""performed_at"":null,""activity_name"":""col151-fa3f27672f1c admin"",""authority_class"":""facility"",""execution_state"":""none"",""effective_receipt_id"":null,""requirement_version_id"":""7954828e-2856-44ae-8a51-5b4d32ed3c93"",""facility_requirement_id"":""a7da2d96-da69-43b4-bc16-950864034a4f""}",[],[],[],
occurrence,04dc8859-ddb1-4f62-9fa8-0175d8f24296,col151-fa3f27672f1c admin,pending,2026-09-13T02:11:10.320087+00:00,"{""id"":""04dc8859-ddb1-4f62-9fa8-0175d8f24296"",""due_at"":""2043-08-30T03:00:00+00:00"",""status"":""pending"",""created_at"":""2026-09-13T02:11:10.320087+00:00"",""subject_id"":""56f3cf25-84ad-4746-934d-a50e371bf561"",""performed_at"":null,""activity_name"":""col151-fa3f27672f1c admin"",""authority_class"":""facility"",""execution_state"":""none"",""effective_receipt_id"":null,""requirement_version_id"":""7954828e-2856-44ae-8a51-5b4d32ed3c93"",""facility_requirement_id"":""a7da2d96-da69-43b4-bc16-950864034a4f""}",[],[],[],
occurrence,06533d75-1cf0-4efe-a034-5acbe66ba0e8,col151-fa3f27672f1c admin,pending,2026-09-13T02:11:10.320087+00:00,"{""id"":""06533d75-1cf0-4efe-a034-5acbe66ba0e8"",""due_at"":""2043-08-23T03:00:00+00:00"",""status"":""pending"",""created_at"":""2026-09-13T02:11:10.320087+00:00"",""subject_id"":""56f3cf25-84ad-4746-934d-a50e371bf561"",""performed_at"":null,""activity_name"":""col151-fa3f27672f1c admin"",""authority_class"":""facility"",""execution_state"":""none"",""effective_receipt_id"":null,""requirement_version_id"":""7954828e-2856-44ae-8a51-5b4d32ed3c93"",""facility_requirement_id"":""a7da2d96-da69-43b4-bc16-950864034a4f""}",[],[],[],
occurrence,071d8709-72e7-4a4b-aa98-4bd350dcbefe,col151-fa3f27672f1c admin,pending,2026-09-13T02:11:10.320087+00:00,"{""id"":""071d8709-72e7-4a4b-aa98-4bd350dcbefe"",""due_at"":""2043-01-18T04:00:00+00:00"",""status"":""pending"",""created_at"":""2026-09-13T02:11:10.320087+00:00"",""subject_id"":""56f3cf25-84ad-4746-934d-a50e371bf561"",""performed_at"":null,""activity_name"":""col151-fa3f27672f1c admin"",""authority_class"":""facility"",""execution_state"":""none"",""effective_receipt_id"":null,""requirement_version_id"":""7954828e-2856-44ae-8a51-5b4d32ed3c93"",""facility_requirement_id"":""a7da2d96-da69-43b4-bc16-950864034a4f""}",[],[],[],
occurrence,078924f1-c87a-4a3b-b0d2-9eb904f93809,col151-fa3f27672f1c admin,pending,2026-09-13T02:11:10.320087+00:00,"{""id"":""078924f1-c87a-4a3b-b0d2-9eb904f93809"",""due_at"":""2042-08-24T03:00:00+00:00"",""status"":""pending"",""created_at"":""2026-09-13T02:11:10.320087+00:00"",""subject_id"":""56f3cf25-84ad-4746-934d-a50e371bf561"",""performed_at"":null,""activity_name"":""col151-fa3f27672f1c admin"",""authority_class"":""facility"",""execution_state"":""none"",""effective_receipt_id"":null,""requirement_version_id"":""7954828e-2856-44ae-8a51-5b4d32ed3c93"",""facility_requirement_id"":""a7da2d96-da69-43b4-bc16-950864034a4f""}",[],[],[],
occurrence,07939874-884d-46c0-99d8-adcfb9d55a45,col151-fa3f27672f1c admin,pending,2026-09-13T02:11:10.320087+00:00,"{""id"":""07939874-884d-46c0-99d8-adcfb9d55a45"",""due_at"":""2042-10-12T03:00:00+00:00"",""status"":""pending"",""created_at"":""2026-09-13T02:11:10.320087+00:00"",""subject_id"":""56f3cf25-84ad-4746-934d-a50e371bf561"",""performed_at"":null,""activity_name"":""col151-fa3f27672f1c admin"",""authority_class"":""facility"",""execution_state"":""none"",""effective_receipt_id"":null,""requirement_version_id"":""7954828e-2856-44ae-8a51-5b4d32ed3c93"",""facility_requirement_id"":""a7da2d96-da69-43b4-bc16-950864034a4f""}",[],[],[],
occurrence,08536dd0-6e4b-4826-9f66-95ec7045f72c,col151-fa3f27672f1c admin,pending,2026-09-13T02:11:10.320087+00:00,"{""id"":""08536dd0-6e4b-4826-9f66-95ec7045f72c"",""due_at"":""2042-07-13T03:00:00+00:00"",""status"":""pending"",""created_at"":""2026-09-13T02:11:10.320087+00:00"",""subject_id"":""56f3cf25-84ad-4746-934d-a50e371bf561"",""performed_at"":null,""activity_name"":""col151-fa3f27672f1c admin"",""authority_class"":""facility"",""execution_state"":""none"",""effective_receipt_id"":null,""requirement_version_id"":""7954828e-2856-44ae-8a51-5b4d32ed3c93"",""facility_requirement_id"":""a7da2d96-da69-43b4-bc16-950864034a4f""}",[],[],[],
occurrence,0b5fe596-6c10-4712-83ed-67ec1be80696,col151-fa3f27672f1c admin,pending,2026-09-13T02:11:10.320087+00:00,"{""id"":""0b5fe596-6c10-4712-83ed-67ec1be80696"",""due_at"":""2043-02-01T04:00:00+00:00"",""status"":""pending"",""created_at"":""2026-09-13T02:11:10.320087+00:00"",""subject_id"":""56f3cf25-84ad-4746-934d-a50e371bf561"",""performed_at"":null,""activity_name"":""col151-fa3f27672f1c admin"",""authority_class"":""facility"",""execution_state"":""none"",""effective_receipt_id"":null,""requirement_version_id"":""7954828e-2856-44ae-8a51-5b4d32ed3c93"",""facility_requirement_id"":""a7da2d96-da69-43b4-bc16-950864034a4f""}",[],[],[],
occurrence,0ba66ee7-6db6-440a-ab39-d29fa3027a07,col151-fa3f27672f1c admin,pending,2026-09-13T02:11:10.320087+00:00,"{""id"":""0ba66ee7-6db6-440a-ab39-d29fa3027a07"",""due_at"":""2042-04-20T03:00:00+00:00"",""status"":""pending"",""created_at"":""2026-09-13T02:11:10.320087+00:00"",""subject_id"":""56f3cf25-84ad-4746-934d-a50e371bf561"",""performed_at"":null,""activity_name"":""col151-fa3f27672f1c admin"",""authority_class"":""facility"",""execution_state"":""none"",""effective_receipt_id"":null,""requirement_version_id"":""7954828e-2856-44ae-8a51-5b4d32ed3c93"",""facility_requirement_id"":""a7da2d96-da69-43b4-bc16-950864034a4f""}",[],[],[],
occurrence,0ce2ccb6-54fc-4a69-a141-8a885c623467,col151-fa3f27672f1c admin,pending,2026-09-13T02:11:10.320087+00:00,"{""id"":""0ce2ccb6-54fc-4a69-a141-8a885c623467"",""due_at"":""2042-03-23T03:00:00+00:00"",""status"":""pending"",""created_at"":""2026-09-13T02:11:10.320087+00:00"",""subject_id"":""56f3cf25-84ad-4746-934d-a50e371bf561"",""performed_at"":null,""activity_name"":""col151-fa3f27672f1c admin"",""authority_class"":""facility"",""execution_state"":""none"",""effective_receipt_id"":null,""requirement_version_id"":""7954828e-2856-44ae-8a51-5b4d32ed3c93"",""facility_requirement_id"":""a7da2d96-da69-43b4-bc16-950864034a4f""}",[],[],[],
occurrence,17acdeed-a798-4286-a1dd-38077b1f2520,col151-fa3f27672f1c admin,pending,2026-09-13T02:11:10.320087+00:00,"{""id"":""17acdeed-a798-4286-a1dd-38077b1f2520"",""due_at"":""2043-02-15T04:00:00+00:00"",""status"":""pending"",""created_at"":""2026-09-13T02:11:10.320087+00:00"",""subject_id"":""56f3cf25-84ad-4746-934d-a50e371bf561"",""performed_at"":null,""activity_name"":""col151-fa3f27672f1c admin"",""authority_class"":""facility"",""execution_state"":""none"",""effective_receipt_id"":null,""requirement_version_id"":""7954828e-2856-44ae-8a51-5b4d32ed3c93"",""facility_requirement_id"":""a7da2d96-da69-43b4-bc16-950864034a4f""}",[],[],[],
occurrence,17ed803e-d15d-4d67-b97f-62afda27c9a1,col151-fa3f27672f1c admin,pending,2026-09-13T02:11:10.320087+00:00,"{""id"":""17ed803e-d15d-4d67-b97f-62afda27c9a1"",""due_at"":""2042-02-23T04:00:00+00:00"",""status"":""pending"",""created_at"":""2026-09-13T02:11:10.320087+00:00"",""subject_id"":""56f3cf25-84ad-4746-934d-a50e371bf561"",""performed_at"":null,""activity_name"":""col151-fa3f27672f1c admin"",""authority_class"":""facility"",""execution_state"":""none"",""effective_receipt_id"":null,""requirement_version_id"":""7954828e-2856-44ae-8a51-5b4d32ed3c93"",""facility_requirement_id"":""a7da2d96-da69-43b4-bc16-950864034a4f""}",[],[],[],
occurrence,1a6abd72-6f59-4e50-a8ee-86597164b3b5,col151-fa3f27672f1c admin,pending,2026-09-13T02:11:10.320087+00:00,"{""id"":""1a6abd72-6f59-4e50-a8ee-86597164b3b5"",""due_at"":""2043-10-25T03:00:00+00:00"",""status"":""pending"",""created_at"":""2026-09-13T02:11:10.320087+00:00"",""subject_id"":""56f3cf25-84ad-4746-934d-a50e371bf561"",""performed_at"":null,""activity_name"":""col151-fa3f27672f1c admin"",""authority_class"":""facility"",""execution_state"":""none"",""effective_receipt_id"":null,""requirement_version_id"":""7954828e-2856-44ae-8a51-5b4d32ed3c93"",""facility_requirement_id"":""a7da2d96-da69-43b4-bc16-950864034a4f""}",[],[],[],
occurrence,200fdb9f-7661-4110-89d4-eeba41b2c22a,col151-fa3f27672f1c admin,pending,2026-09-13T02:11:10.320087+00:00,"{""id"":""200fdb9f-7661-4110-89d4-eeba41b2c22a"",""due_at"":""2042-02-02T04:00:00+00:00"",""status"":""pending"",""created_at"":""2026-09-13T02:11:10.320087+00:00"",""subject_id"":""56f3cf25-84ad-4746-934d-a50e371bf561"",""performed_at"":null,""activity_name"":""col151-fa3f27672f1c admin"",""authority_class"":""facility"",""execution_state"":""none"",""effective_receipt_id"":null,""requirement_version_id"":""7954828e-2856-44ae-8a51-5b4d32ed3c93"",""facility_requirement_id"":""a7da2d96-da69-43b4-bc16-950864034a4f""}",[],[],[],
occurrence,22464f8a-cd93-45f8-90fb-8e5a70fe62a6,col151-fa3f27672f1c admin,pending,2026-09-13T02:11:10.320087+00:00,"{""id"":""22464f8a-cd93-45f8-90fb-8e5a70fe62a6"",""due_at"":""2042-11-16T04:00:00+00:00"",""status"":""pending"",""created_at"":""2026-09-13T02:11:10.320087+00:00"",""subject_id"":""56f3cf25-84ad-4746-934d-a50e371bf561"",""performed_at"":null,""activity_name"":""col151-fa3f27672f1c admin"",""authority_class"":""facility"",""execution_state"":""none"",""effective_receipt_id"":null,""requirement_version_id"":""7954828e-2856-44ae-8a51-5b4d32ed3c93"",""facility_requirement_id"":""a7da2d96-da69-43b4-bc16-950864034a4f""}",[],[],[],
occurrence,231290bb-69ff-4ccc-97fe-705db30ba2af,col151-fa3f27672f1c admin,pending,2026-09-13T02:11:10.320087+00:00,"{""id"":""231290bb-69ff-4ccc-97fe-705db30ba2af"",""due_at"":""2043-11-22T04:00:00+00:00"",""status"":""pending"",""created_at"":""2026-09-13T02:11:10.320087+00:00"",""subject_id"":""56f3cf25-84ad-4746-934d-a50e371bf561"",""performed_at"":null,""activity_name"":""col151-fa3f27672f1c admin"",""authority_class"":""facility"",""execution_state"":""none"",""effective_receipt_id"":null,""requirement_version_id"":""7954828e-2856-44ae-8a51-5b4d32ed3c93"",""facility_requirement_id"":""a7da2d96-da69-43b4-bc16-950864034a4f""}",[],[],[],
occurrence,25818490-4849-472a-8735-aed25f930a23,col151-fa3f27672f1c admin,pending,2026-09-13T02:11:10.320087+00:00,"{""id"":""25818490-4849-472a-8735-aed25f930a23"",""due_at"":""2043-06-28T03:00:00+00:00"",""status"":""pending"",""created_at"":""2026-09-13T02:11:10.320087+00:00"",""subject_id"":""56f3cf25-84ad-4746-934d-a50e371bf561"",""performed_at"":null,""activity_name"":""col151-fa3f27672f1c admin"",""authority_class"":""facility"",""execution_state"":""none"",""effective_receipt_id"":null,""requirement_version_id"":""7954828e-2856-44ae-8a51-5b4d32ed3c93"",""facility_requirement_id"":""a7da2d96-da69-43b4-bc16-950864034a4f""}",[],[],[],
occurrence,26e19cb5-bba9-4476-b742-20c3eac07670,col151-fa3f27672f1c admin,pending,2026-09-13T02:11:10.320087+00:00,"{""id"":""26e19cb5-bba9-4476-b742-20c3eac07670"",""due_at"":""2043-04-19T03:00:00+00:00"",""status"":""pending"",""created_at"":""2026-09-13T02:11:10.320087+00:00"",""subject_id"":""56f3cf25-84ad-4746-934d-a50e371bf561"",""performed_at"":null,""activity_name"":""col151-fa3f27672f1c admin"",""authority_class"":""facility"",""execution_state"":""none"",""effective_receipt_id"":null,""requirement_version_id"":""7954828e-2856-44ae-8a51-5b4d32ed3c93"",""facility_requirement_id"":""a7da2d96-da69-43b4-bc16-950864034a4f""}",[],[],[],
occurrence,2ce68d4e-cfec-49ac-b221-66284ac0821c,col151-fa3f27672f1c admin,pending,2026-09-13T02:11:10.320087+00:00,"{""id"":""2ce68d4e-cfec-49ac-b221-66284ac0821c"",""due_at"":""2042-04-06T03:00:00+00:00"",""status"":""pending"",""created_at"":""2026-09-13T02:11:10.320087+00:00"",""subject_id"":""56f3cf25-84ad-4746-934d-a50e371bf561"",""performed_at"":null,""activity_name"":""col151-fa3f27672f1c admin"",""authority_class"":""facility"",""execution_state"":""none"",""effective_receipt_id"":null,""requirement_version_id"":""7954828e-2856-44ae-8a51-5b4d32ed3c93"",""facility_requirement_id"":""a7da2d96-da69-43b4-bc16-950864034a4f""}",[],[],[],
occurrence,34a00cf5-42bb-4606-9a81-7537685e8188,col151-fa3f27672f1c admin,pending,2026-09-13T02:11:10.320087+00:00,"{""id"":""34a00cf5-42bb-4606-9a81-7537685e8188"",""due_at"":""2043-06-21T03:00:00+00:00"",""status"":""pending"",""created_at"":""2026-09-13T02:11:10.320087+00:00"",""subject_id"":""56f3cf25-84ad-4746-934d-a50e371bf561"",""performed_at"":null,""activity_name"":""col151-fa3f27672f1c admin"",""authority_class"":""facility"",""execution_state"":""none"",""effective_receipt_id"":null,""requirement_version_id"":""7954828e-2856-44ae-8a51-5b4d32ed3c93"",""facility_requirement_id"":""a7da2d96-da69-43b4-bc16-950864034a4f""}",[],[],[],
occurrence,35eb6fcc-c094-4a30-84ef-c6b389dab998,col151-fa3f27672f1c admin,pending,2026-09-13T02:11:10.320087+00:00,"{""id"":""35eb6fcc-c094-4a30-84ef-c6b389dab998"",""due_at"":""2042-09-28T03:00:00+00:00"",""status"":""pending"",""created_at"":""2026-09-13T02:11:10.320087+00:00"",""subject_id"":""56f3cf25-84ad-4746-934d-a50e371bf561"",""performed_at"":null,""activity_name"":""col151-fa3f27672f1c admin"",""authority_class"":""facility"",""execution_state"":""none"",""effective_receipt_id"":null,""requirement_version_id"":""7954828e-2856-44ae-8a51-5b4d32ed3c93"",""facility_requirement_id"":""a7da2d96-da69-43b4-bc16-950864034a4f""}",[],[],[],
occurrence,376bd52c-a6f0-47b6-a871-2fbd726467f4,col151-fa3f27672f1c admin,pending,2026-09-13T02:11:10.320087+00:00,"{""id"":""376bd52c-a6f0-47b6-a871-2fbd726467f4"",""due_at"":""2043-11-15T04:00:00+00:00"",""status"":""pending"",""created_at"":""2026-09-13T02:11:10.320087+00:00"",""subject_id"":""56f3cf25-84ad-4746-934d-a50e371bf561"",""performed_at"":null,""activity_name"":""col151-fa3f27672f1c admin"",""authority_class"":""facility"",""execution_state"":""none"",""effective_receipt_id"":null,""requirement_version_id"":""7954828e-2856-44ae-8a51-5b4d32ed3c93"",""facility_requirement_id"":""a7da2d96-da69-43b4-bc16-950864034a4f""}",[],[],[],
occurrence,39432e0f-9ce9-4b73-b366-0b5e01bfed62,col151-fa3f27672f1c admin,pending,2026-09-13T02:11:10.320087+00:00,"{""id"":""39432e0f-9ce9-4b73-b366-0b5e01bfed62"",""due_at"":""2043-04-26T03:00:00+00:00"",""status"":""pending"",""created_at"":""2026-09-13T02:11:10.320087+00:00"",""subject_id"":""56f3cf25-84ad-4746-934d-a50e371bf561"",""performed_at"":null,""activity_name"":""col151-fa3f27672f1c admin"",""authority_class"":""facility"",""execution_state"":""none"",""effective_receipt_id"":null,""requirement_version_id"":""7954828e-2856-44ae-8a51-5b4d32ed3c93"",""facility_requirement_id"":""a7da2d96-da69-43b4-bc16-950864034a4f""}",[],[],[],
occurrence,3ba10137-924d-4600-97b4-ba8a7fdce13d,col151-fa3f27672f1c admin,pending,2026-09-13T02:11:10.320087+00:00,"{""id"":""3ba10137-924d-4600-97b4-ba8a7fdce13d"",""due_at"":""2043-09-27T03:00:00+00:00"",""status"":""pending"",""created_at"":""2026-09-13T02:11:10.320087+00:00"",""subject_id"":""56f3cf25-84ad-4746-934d-a50e371bf561"",""performed_at"":null,""activity_name"":""col151-fa3f27672f1c admin"",""authority_class"":""facility"",""execution_state"":""none"",""effective_receipt_id"":null,""requirement_version_id"":""7954828e-2856-44ae-8a51-5b4d32ed3c93"",""facility_requirement_id"":""a7da2d96-da69-43b4-bc16-950864034a4f""}",[],[],[],
occurrence,435a895e-3714-4f96-913f-759eaddb9656,col151-fa3f27672f1c admin,pending,2026-09-13T02:11:10.320087+00:00,"{""id"":""435a895e-3714-4f96-913f-759eaddb9656"",""due_at"":""2042-07-06T03:00:00+00:00"",""status"":""pending"",""created_at"":""2026-09-13T02:11:10.320087+00:00"",""subject_id"":""56f3cf25-84ad-4746-934d-a50e371bf561"",""performed_at"":null,""activity_name"":""col151-fa3f27672f1c admin"",""authority_class"":""facility"",""execution_state"":""none"",""effective_receipt_id"":null,""requirement_version_id"":""7954828e-2856-44ae-8a51-5b4d32ed3c93"",""facility_requirement_id"":""a7da2d96-da69-43b4-bc16-950864034a4f""}",[],[],[],
occurrence,436af3b0-51f4-4c87-9e9d-8835045729d4,col151-fa3f27672f1c admin,pending,2026-09-13T02:11:10.320087+00:00,"{""id"":""436af3b0-51f4-4c87-9e9d-8835045729d4"",""due_at"":""2042-09-14T03:00:00+00:00"",""status"":""pending"",""created_at"":""2026-09-13T02:11:10.320087+00:00"",""subject_id"":""56f3cf25-84ad-4746-934d-a50e371bf561"",""performed_at"":null,""activity_name"":""col151-fa3f27672f1c admin"",""authority_class"":""facility"",""execution_state"":""none"",""effective_receipt_id"":null,""requirement_version_id"":""7954828e-2856-44ae-8a51-5b4d32ed3c93"",""facility_requirement_id"":""a7da2d96-da69-43b4-bc16-950864034a4f""}",[],[],[],
occurrence,4504dbad-2ffd-41ce-bfd8-5099052f444d,col151-fa3f27672f1c admin,pending,2026-09-13T02:11:10.320087+00:00,"{""id"":""4504dbad-2ffd-41ce-bfd8-5099052f444d"",""due_at"":""2042-02-16T04:00:00+00:00"",""status"":""pending"",""created_at"":""2026-09-13T02:11:10.320087+00:00"",""subject_id"":""56f3cf25-84ad-4746-934d-a50e371bf561"",""performed_at"":null,""activity_name"":""col151-fa3f27672f1c admin"",""authority_class"":""facility"",""execution_state"":""none"",""effective_receipt_id"":null,""requirement_version_id"":""7954828e-2856-44ae-8a51-5b4d32ed3c93"",""facility_requirement_id"":""a7da2d96-da69-43b4-bc16-950864034a4f""}",[],[],[],
occurrence,45ce56f8-5060-41ba-b3ec-486a87047010,col151-fa3f27672f1c admin,pending,2026-09-13T02:11:10.320087+00:00,"{""id"":""45ce56f8-5060-41ba-b3ec-486a87047010"",""due_at"":""2042-10-19T03:00:00+00:00"",""status"":""pending"",""created_at"":""2026-09-13T02:11:10.320087+00:00"",""subject_id"":""56f3cf25-84ad-4746-934d-a50e371bf561"",""performed_at"":null,""activity_name"":""col151-fa3f27672f1c admin"",""authority_class"":""facility"",""execution_state"":""none"",""effective_receipt_id"":null,""requirement_version_id"":""7954828e-2856-44ae-8a51-5b4d32ed3c93"",""facility_requirement_id"":""a7da2d96-da69-43b4-bc16-950864034a4f""}",[],[],[],
occurrence,485094bb-714c-405d-8b2b-43a5c6fe66ac,col151-fa3f27672f1c admin,pending,2026-09-13T02:11:10.320087+00:00,"{""id"":""485094bb-714c-405d-8b2b-43a5c6fe66ac"",""due_at"":""2043-10-11T03:00:00+00:00"",""status"":""pending"",""created_at"":""2026-09-13T02:11:10.320087+00:00"",""subject_id"":""56f3cf25-84ad-4746-934d-a50e371bf561"",""performed_at"":null,""activity_name"":""col151-fa3f27672f1c admin"",""authority_class"":""facility"",""execution_state"":""none"",""effective_receipt_id"":null,""requirement_version_id"":""7954828e-2856-44ae-8a51-5b4d32ed3c93"",""facility_requirement_id"":""a7da2d96-da69-43b4-bc16-950864034a4f""}",[],[],[],
occurrence,4a534df1-0660-4013-ac7c-f791515bc013,col151-fa3f27672f1c admin,pending,2026-09-13T02:11:10.320087+00:00,"{""id"":""4a534df1-0660-4013-ac7c-f791515bc013"",""due_at"":""2042-06-08T03:00:00+00:00"",""status"":""pending"",""created_at"":""2026-09-13T02:11:10.320087+00:00"",""subject_id"":""56f3cf25-84ad-4746-934d-a50e371bf561"",""performed_at"":null,""activity_name"":""col151-fa3f27672f1c admin"",""authority_class"":""facility"",""execution_state"":""none"",""effective_receipt_id"":null,""requirement_version_id"":""7954828e-2856-44ae-8a51-5b4d32ed3c93"",""facility_requirement_id"":""a7da2d96-da69-43b4-bc16-950864034a4f""}",[],[],[],
occurrence,4b4fb6f0-a0e3-4a47-8717-afa91004c61f,col151-fa3f27672f1c admin,pending,2026-09-13T02:11:10.320087+00:00,"{""id"":""4b4fb6f0-a0e3-4a47-8717-afa91004c61f"",""due_at"":""2042-05-18T03:00:00+00:00"",""status"":""pending"",""created_at"":""2026-09-13T02:11:10.320087+00:00"",""subject_id"":""56f3cf25-84ad-4746-934d-a50e371bf561"",""performed_at"":null,""activity_name"":""col151-fa3f27672f1c admin"",""authority_class"":""facility"",""execution_state"":""none"",""effective_receipt_id"":null,""requirement_version_id"":""7954828e-2856-44ae-8a51-5b4d32ed3c93"",""facility_requirement_id"":""a7da2d96-da69-43b4-bc16-950864034a4f""}",[],[],[],
occurrence,4d1f0034-f55c-405b-98ee-690974bcdd52,col151-fa3f27672f1c admin,pending,2026-09-13T02:11:10.320087+00:00,"{""id"":""4d1f0034-f55c-405b-98ee-690974bcdd52"",""due_at"":""2042-11-30T04:00:00+00:00"",""status"":""pending"",""created_at"":""2026-09-13T02:11:10.320087+00:00"",""subject_id"":""56f3cf25-84ad-4746-934d-a50e371bf561"",""performed_at"":null,""activity_name"":""col151-fa3f27672f1c admin"",""authority_class"":""facility"",""execution_state"":""none"",""effective_receipt_id"":null,""requirement_version_id"":""7954828e-2856-44ae-8a51-5b4d32ed3c93"",""facility_requirement_id"":""a7da2d96-da69-43b4-bc16-950864034a4f""}",[],[],[],
occurrence,4dc0a67d-d46d-4f51-814c-f83b01946b91,col151-fa3f27672f1c admin,pending,2026-09-13T02:11:10.320087+00:00,"{""id"":""4dc0a67d-d46d-4f51-814c-f83b01946b91"",""due_at"":""2043-03-08T04:00:00+00:00"",""status"":""pending"",""created_at"":""2026-09-13T02:11:10.320087+00:00"",""subject_id"":""56f3cf25-84ad-4746-934d-a50e371bf561"",""performed_at"":null,""activity_name"":""col151-fa3f27672f1c admin"",""authority_class"":""facility"",""execution_state"":""none"",""effective_receipt_id"":null,""requirement_version_id"":""7954828e-2856-44ae-8a51-5b4d32ed3c93"",""facility_requirement_id"":""a7da2d96-da69-43b4-bc16-950864034a4f""}",[],[],[],
occurrence,4e0fb97f-6ec3-4490-b7e8-72ae6a829bbe,col151-fa3f27672f1c admin,pending,2026-09-13T02:11:10.320087+00:00,"{""id"":""4e0fb97f-6ec3-4490-b7e8-72ae6a829bbe"",""due_at"":""2043-07-05T03:00:00+00:00"",""status"":""pending"",""created_at"":""2026-09-13T02:11:10.320087+00:00"",""subject_id"":""56f3cf25-84ad-4746-934d-a50e371bf561"",""performed_at"":null,""activity_name"":""col151-fa3f27672f1c admin"",""authority_class"":""facility"",""execution_state"":""none"",""effective_receipt_id"":null,""requirement_version_id"":""7954828e-2856-44ae-8a51-5b4d32ed3c93"",""facility_requirement_id"":""a7da2d96-da69-43b4-bc16-950864034a4f""}",[],[],[],
occurrence,4e495f98-9117-4168-b5bd-b445b04d2da3,col151-fa3f27672f1c admin,pending,2026-09-13T02:11:10.320087+00:00,"{""id"":""4e495f98-9117-4168-b5bd-b445b04d2da3"",""due_at"":""2042-12-21T04:00:00+00:00"",""status"":""pending"",""created_at"":""2026-09-13T02:11:10.320087+00:00"",""subject_id"":""56f3cf25-84ad-4746-934d-a50e371bf561"",""performed_at"":null,""activity_name"":""col151-fa3f27672f1c admin"",""authority_class"":""facility"",""execution_state"":""none"",""effective_receipt_id"":null,""requirement_version_id"":""7954828e-2856-44ae-8a51-5b4d32ed3c93"",""facility_requirement_id"":""a7da2d96-da69-43b4-bc16-950864034a4f""}",[],[],[],
occurrence,4eaf1f86-ee9c-4f50-a6fa-77cf319a5d61,col151-fa3f27672f1c admin,pending,2026-09-13T02:11:10.320087+00:00,"{""id"":""4eaf1f86-ee9c-4f50-a6fa-77cf319a5d61"",""due_at"":""2042-01-19T04:00:00+00:00"",""status"":""pending"",""created_at"":""2026-09-13T02:11:10.320087+00:00"",""subject_id"":""56f3cf25-84ad-4746-934d-a50e371bf561"",""performed_at"":null,""activity_name"":""col151-fa3f27672f1c admin"",""authority_class"":""facility"",""execution_state"":""none"",""effective_receipt_id"":null,""requirement_version_id"":""7954828e-2856-44ae-8a51-5b4d32ed3c93"",""facility_requirement_id"":""a7da2d96-da69-43b4-bc16-950864034a4f""}",[],[],[],
occurrence,5873d925-abc3-4167-aa4e-6aebdec80dfe,col151-fa3f27672f1c admin,pending,2026-09-13T02:11:10.320087+00:00,"{""id"":""5873d925-abc3-4167-aa4e-6aebdec80dfe"",""due_at"":""2042-12-14T04:00:00+00:00"",""status"":""pending"",""created_at"":""2026-09-13T02:11:10.320087+00:00"",""subject_id"":""56f3cf25-84ad-4746-934d-a50e371bf561"",""performed_at"":null,""activity_name"":""col151-fa3f27672f1c admin"",""authority_class"":""facility"",""execution_state"":""none"",""effective_receipt_id"":null,""requirement_version_id"":""7954828e-2856-44ae-8a51-5b4d32ed3c93"",""facility_requirement_id"":""a7da2d96-da69-43b4-bc16-950864034a4f""}",[],[],[],
occurrence,58c9c06f-4010-4aaf-a45e-88a715fbe4a6,col151-fa3f27672f1c admin,pending,2026-09-13T02:11:10.320087+00:00,"{""id"":""58c9c06f-4010-4aaf-a45e-88a715fbe4a6"",""due_at"":""2042-11-09T04:00:00+00:00"",""status"":""pending"",""created_at"":""2026-09-13T02:11:10.320087+00:00"",""subject_id"":""56f3cf25-84ad-4746-934d-a50e371bf561"",""performed_at"":null,""activity_name"":""col151-fa3f27672f1c admin"",""authority_class"":""facility"",""execution_state"":""none"",""effective_receipt_id"":null,""requirement_version_id"":""7954828e-2856-44ae-8a51-5b4d32ed3c93"",""facility_requirement_id"":""a7da2d96-da69-43b4-bc16-950864034a4f""}",[],[],[],
occurrence,5c14b2a0-72a0-49ad-89f6-d8b7fb0a2617,col151-fa3f27672f1c admin,pending,2026-09-13T02:11:10.320087+00:00,"{""id"":""5c14b2a0-72a0-49ad-89f6-d8b7fb0a2617"",""due_at"":""2042-05-11T03:00:00+00:00"",""status"":""pending"",""created_at"":""2026-09-13T02:11:10.320087+00:00"",""subject_id"":""56f3cf25-84ad-4746-934d-a50e371bf561"",""performed_at"":null,""activity_name"":""col151-fa3f27672f1c admin"",""authority_class"":""facility"",""execution_state"":""none"",""effective_receipt_id"":null,""requirement_version_id"":""7954828e-2856-44ae-8a51-5b4d32ed3c93"",""facility_requirement_id"":""a7da2d96-da69-43b4-bc16-950864034a4f""}",[],[],[],
occurrence,5fbcba5a-eb04-49fd-820d-6cff061233ff,col151-fa3f27672f1c admin,pending,2026-09-13T02:11:10.320087+00:00,"{""id"":""5fbcba5a-eb04-49fd-820d-6cff061233ff"",""due_at"":""2043-05-17T03:00:00+00:00"",""status"":""pending"",""created_at"":""2026-09-13T02:11:10.320087+00:00"",""subject_id"":""56f3cf25-84ad-4746-934d-a50e371bf561"",""performed_at"":null,""activity_name"":""col151-fa3f27672f1c admin"",""authority_class"":""facility"",""execution_state"":""none"",""effective_receipt_id"":null,""requirement_version_id"":""7954828e-2856-44ae-8a51-5b4d32ed3c93"",""facility_requirement_id"":""a7da2d96-da69-43b4-bc16-950864034a4f""}",[],[],[],
occurrence,63f9ad0d-23cc-4abb-8585-b4ba7db9882b,col151-fa3f27672f1c admin,pending,2026-09-13T02:11:10.320087+00:00,"{""id"":""63f9ad0d-23cc-4abb-8585-b4ba7db9882b"",""due_at"":""2043-11-08T04:00:00+00:00"",""status"":""pending"",""created_at"":""2026-09-13T02:11:10.320087+00:00"",""subject_id"":""56f3cf25-84ad-4746-934d-a50e371bf561"",""performed_at"":null,""activity_name"":""col151-fa3f27672f1c admin"",""authority_class"":""facility"",""execution_state"":""none"",""effective_receipt_id"":null,""requirement_version_id"":""7954828e-2856-44ae-8a51-5b4d32ed3c93"",""facility_requirement_id"":""a7da2d96-da69-43b4-bc16-950864034a4f""}",[],[],[],
occurrence,66c0e026-19b7-4dbb-99d2-fe3366810df2,col151-fa3f27672f1c admin,pending,2026-09-13T02:11:10.320087+00:00,"{""id"":""66c0e026-19b7-4dbb-99d2-fe3366810df2"",""due_at"":""2043-05-24T03:00:00+00:00"",""status"":""pending"",""created_at"":""2026-09-13T02:11:10.320087+00:00"",""subject_id"":""56f3cf25-84ad-4746-934d-a50e371bf561"",""performed_at"":null,""activity_name"":""col151-fa3f27672f1c admin"",""authority_class"":""facility"",""execution_state"":""none"",""effective_receipt_id"":null,""requirement_version_id"":""7954828e-2856-44ae-8a51-5b4d32ed3c93"",""facility_requirement_id"":""a7da2d96-da69-43b4-bc16-950864034a4f""}",[],[],[],
occurrence,68c119cd-e0cf-4b7c-abe2-8453869324da,col151-fa3f27672f1c admin,pending,2026-09-13T02:11:10.320087+00:00,"{""id"":""68c119cd-e0cf-4b7c-abe2-8453869324da"",""due_at"":""2043-12-06T04:00:00+00:00"",""status"":""pending"",""created_at"":""2026-09-13T02:11:10.320087+00:00"",""subject_id"":""56f3cf25-84ad-4746-934d-a50e371bf561"",""performed_at"":null,""activity_name"":""col151-fa3f27672f1c admin"",""authority_class"":""facility"",""execution_state"":""none"",""effective_receipt_id"":null,""requirement_version_id"":""7954828e-2856-44ae-8a51-5b4d32ed3c93"",""facility_requirement_id"":""a7da2d96-da69-43b4-bc16-950864034a4f""}",[],[],[],
occurrence,69ac248c-14fb-49cd-ad17-088790f37c7d,col151-fa3f27672f1c admin,pending,2026-09-13T02:11:10.320087+00:00,"{""id"":""69ac248c-14fb-49cd-ad17-088790f37c7d"",""due_at"":""2043-09-20T03:00:00+00:00"",""status"":""pending"",""created_at"":""2026-09-13T02:11:10.320087+00:00"",""subject_id"":""56f3cf25-84ad-4746-934d-a50e371bf561"",""performed_at"":null,""activity_name"":""col151-fa3f27672f1c admin"",""authority_class"":""facility"",""execution_state"":""none"",""effective_receipt_id"":null,""requirement_version_id"":""7954828e-2856-44ae-8a51-5b4d32ed3c93"",""facility_requirement_id"":""a7da2d96-da69-43b4-bc16-950864034a4f""}",[],[],[],
occurrence,6a3f4d1b-45e0-4f86-8ac9-d03bf25ed73b,col151-fa3f27672f1c admin,pending,2026-09-13T02:11:10.320087+00:00,"{""id"":""6a3f4d1b-45e0-4f86-8ac9-d03bf25ed73b"",""due_at"":""2042-12-28T04:00:00+00:00"",""status"":""pending"",""created_at"":""2026-09-13T02:11:10.320087+00:00"",""subject_id"":""56f3cf25-84ad-4746-934d-a50e371bf561"",""performed_at"":null,""activity_name"":""col151-fa3f27672f1c admin"",""authority_class"":""facility"",""execution_state"":""none"",""effective_receipt_id"":null,""requirement_version_id"":""7954828e-2856-44ae-8a51-5b4d32ed3c93"",""facility_requirement_id"":""a7da2d96-da69-43b4-bc16-950864034a4f""}",[],[],[],
occurrence,6d5178d5-3667-44db-a872-702035f03d96,col151-fa3f27672f1c admin,pending,2026-09-13T02:11:10.320087+00:00,"{""id"":""6d5178d5-3667-44db-a872-702035f03d96"",""due_at"":""2042-04-27T03:00:00+00:00"",""status"":""pending"",""created_at"":""2026-09-13T02:11:10.320087+00:00"",""subject_id"":""56f3cf25-84ad-4746-934d-a50e371bf561"",""performed_at"":null,""activity_name"":""col151-fa3f27672f1c admin"",""authority_class"":""facility"",""execution_state"":""none"",""effective_receipt_id"":null,""requirement_version_id"":""7954828e-2856-44ae-8a51-5b4d32ed3c93"",""facility_requirement_id"":""a7da2d96-da69-43b4-bc16-950864034a4f""}",[],[],[],
occurrence,6eb981ac-4ff8-4efe-82f9-c8b9a5d788d7,col151-fa3f27672f1c admin,pending,2026-09-13T02:11:10.320087+00:00,"{""id"":""6eb981ac-4ff8-4efe-82f9-c8b9a5d788d7"",""due_at"":""2043-08-02T03:00:00+00:00"",""status"":""pending"",""created_at"":""2026-09-13T02:11:10.320087+00:00"",""subject_id"":""56f3cf25-84ad-4746-934d-a50e371bf561"",""performed_at"":null,""activity_name"":""col151-fa3f27672f1c admin"",""authority_class"":""facility"",""execution_state"":""none"",""effective_receipt_id"":null,""requirement_version_id"":""7954828e-2856-44ae-8a51-5b4d32ed3c93"",""facility_requirement_id"":""a7da2d96-da69-43b4-bc16-950864034a4f""}",[],[],[],
occurrence,748e1900-39c3-49b5-a581-694c89cdc621,col151-fa3f27672f1c admin,pending,2026-09-13T02:11:10.320087+00:00,"{""id"":""748e1900-39c3-49b5-a581-694c89cdc621"",""due_at"":""2043-07-12T03:00:00+00:00"",""status"":""pending"",""created_at"":""2026-09-13T02:11:10.320087+00:00"",""subject_id"":""56f3cf25-84ad-4746-934d-a50e371bf561"",""performed_at"":null,""activity_name"":""col151-fa3f27672f1c admin"",""authority_class"":""facility"",""execution_state"":""none"",""effective_receipt_id"":null,""requirement_version_id"":""7954828e-2856-44ae-8a51-5b4d32ed3c93"",""facility_requirement_id"":""a7da2d96-da69-43b4-bc16-950864034a4f""}",[],[],[],
occurrence,81c9d1a3-8039-4242-b9b4-9baec9020be6,col151-fa3f27672f1c admin,pending,2026-09-13T02:11:10.320087+00:00,"{""id"":""81c9d1a3-8039-4242-b9b4-9baec9020be6"",""due_at"":""2043-01-11T04:00:00+00:00"",""status"":""pending"",""created_at"":""2026-09-13T02:11:10.320087+00:00"",""subject_id"":""56f3cf25-84ad-4746-934d-a50e371bf561"",""performed_at"":null,""activity_name"":""col151-fa3f27672f1c admin"",""authority_class"":""facility"",""execution_state"":""none"",""effective_receipt_id"":null,""requirement_version_id"":""7954828e-2856-44ae-8a51-5b4d32ed3c93"",""facility_requirement_id"":""a7da2d96-da69-43b4-bc16-950864034a4f""}",[],[],[],
occurrence,828b71a2-e2a7-440e-8b09-b1a9dfb81804,col151-fa3f27672f1c admin,pending,2026-09-13T02:11:10.320087+00:00,"{""id"":""828b71a2-e2a7-440e-8b09-b1a9dfb81804"",""due_at"":""2042-07-27T03:00:00+00:00"",""status"":""pending"",""created_at"":""2026-09-13T02:11:10.320087+00:00"",""subject_id"":""56f3cf25-84ad-4746-934d-a50e371bf561"",""performed_at"":null,""activity_name"":""col151-fa3f27672f1c admin"",""authority_class"":""facility"",""execution_state"":""none"",""effective_receipt_id"":null,""requirement_version_id"":""7954828e-2856-44ae-8a51-5b4d32ed3c93"",""facility_requirement_id"":""a7da2d96-da69-43b4-bc16-950864034a4f""}",[],[],[],
occurrence,85e528b3-21b1-4486-9ea7-32550179089b,col151-fa3f27672f1c admin,pending,2026-09-13T02:11:10.320087+00:00,"{""id"":""85e528b3-21b1-4486-9ea7-32550179089b"",""due_at"":""2042-08-10T03:00:00+00:00"",""status"":""pending"",""created_at"":""2026-09-13T02:11:10.320087+00:00"",""subject_id"":""56f3cf25-84ad-4746-934d-a50e371bf561"",""performed_at"":null,""activity_name"":""col151-fa3f27672f1c admin"",""authority_class"":""facility"",""execution_state"":""none"",""effective_receipt_id"":null,""requirement_version_id"":""7954828e-2856-44ae-8a51-5b4d32ed3c93"",""facility_requirement_id"":""a7da2d96-da69-43b4-bc16-950864034a4f""}",[],[],[],
occurrence,9294ecb9-8a58-499b-a701-30c53b89e83f,col151-fa3f27672f1c admin,pending,2026-09-13T02:11:10.320087+00:00,"{""id"":""9294ecb9-8a58-499b-a701-30c53b89e83f"",""due_at"":""2043-10-18T03:00:00+00:00"",""status"":""pending"",""created_at"":""2026-09-13T02:11:10.320087+00:00"",""subject_id"":""56f3cf25-84ad-4746-934d-a50e371bf561"",""performed_at"":null,""activity_name"":""col151-fa3f27672f1c admin"",""authority_class"":""facility"",""execution_state"":""none"",""effective_receipt_id"":null,""requirement_version_id"":""7954828e-2856-44ae-8a51-5b4d32ed3c93"",""facility_requirement_id"":""a7da2d96-da69-43b4-bc16-950864034a4f""}",[],[],[],
occurrence,938d2134-6bfb-483e-a25e-a0151fa9166d,col151-fa3f27672f1c admin,pending,2026-09-13T02:11:10.320087+00:00,"{""id"":""938d2134-6bfb-483e-a25e-a0151fa9166d"",""due_at"":""2043-02-22T04:00:00+00:00"",""status"":""pending"",""created_at"":""2026-09-13T02:11:10.320087+00:00"",""subject_id"":""56f3cf25-84ad-4746-934d-a50e371bf561"",""performed_at"":null,""activity_name"":""col151-fa3f27672f1c admin"",""authority_class"":""facility"",""execution_state"":""none"",""effective_receipt_id"":null,""requirement_version_id"":""7954828e-2856-44ae-8a51-5b4d32ed3c93"",""facility_requirement_id"":""a7da2d96-da69-43b4-bc16-950864034a4f""}",[],[],[],
occurrence,97b78027-08bc-4c15-85a1-8ddf523c9723,col151-fa3f27672f1c admin,pending,2026-09-13T02:11:10.320087+00:00,"{""id"":""97b78027-08bc-4c15-85a1-8ddf523c9723"",""due_at"":""2043-12-13T04:00:00+00:00"",""status"":""pending"",""created_at"":""2026-09-13T02:11:10.320087+00:00"",""subject_id"":""56f3cf25-84ad-4746-934d-a50e371bf561"",""performed_at"":null,""activity_name"":""col151-fa3f27672f1c admin"",""authority_class"":""facility"",""execution_state"":""none"",""effective_receipt_id"":null,""requirement_version_id"":""7954828e-2856-44ae-8a51-5b4d32ed3c93"",""facility_requirement_id"":""a7da2d96-da69-43b4-bc16-950864034a4f""}",[],[],[],
occurrence,97d6de36-9c9d-42af-b189-325bca961341,col151-fa3f27672f1c admin,pending,2026-09-13T02:11:10.320087+00:00,"{""id"":""97d6de36-9c9d-42af-b189-325bca961341"",""due_at"":""2043-10-04T03:00:00+00:00"",""status"":""pending"",""created_at"":""2026-09-13T02:11:10.320087+00:00"",""subject_id"":""56f3cf25-84ad-4746-934d-a50e371bf561"",""performed_at"":null,""activity_name"":""col151-fa3f27672f1c admin"",""authority_class"":""facility"",""execution_state"":""none"",""effective_receipt_id"":null,""requirement_version_id"":""7954828e-2856-44ae-8a51-5b4d32ed3c93"",""facility_requirement_id"":""a7da2d96-da69-43b4-bc16-950864034a4f""}",[],[],[],
occurrence,99fc3fae-aaf9-4a47-9d55-b9dc090790f8,col151-fa3f27672f1c admin,pending,2026-09-13T02:11:10.320087+00:00,"{""id"":""99fc3fae-aaf9-4a47-9d55-b9dc090790f8"",""due_at"":""2042-09-21T03:00:00+00:00"",""status"":""pending"",""created_at"":""2026-09-13T02:11:10.320087+00:00"",""subject_id"":""56f3cf25-84ad-4746-934d-a50e371bf561"",""performed_at"":null,""activity_name"":""col151-fa3f27672f1c admin"",""authority_class"":""facility"",""execution_state"":""none"",""effective_receipt_id"":null,""requirement_version_id"":""7954828e-2856-44ae-8a51-5b4d32ed3c93"",""facility_requirement_id"":""a7da2d96-da69-43b4-bc16-950864034a4f""}",[],[],[],
occurrence,9f4e75d3-0d87-4946-bfca-00eb264420ff,col151-fa3f27672f1c admin,pending,2026-09-13T02:11:10.320087+00:00,"{""id"":""9f4e75d3-0d87-4946-bfca-00eb264420ff"",""due_at"":""2042-05-25T03:00:00+00:00"",""status"":""pending"",""created_at"":""2026-09-13T02:11:10.320087+00:00"",""subject_id"":""56f3cf25-84ad-4746-934d-a50e371bf561"",""performed_at"":null,""activity_name"":""col151-fa3f27672f1c admin"",""authority_class"":""facility"",""execution_state"":""none"",""effective_receipt_id"":null,""requirement_version_id"":""7954828e-2856-44ae-8a51-5b4d32ed3c93"",""facility_requirement_id"":""a7da2d96-da69-43b4-bc16-950864034a4f""}",[],[],[],
occurrence,a12b1cce-146f-4263-8532-cfa3fed1f48c,col151-fa3f27672f1c admin,pending,2026-09-13T02:11:10.320087+00:00,"{""id"":""a12b1cce-146f-4263-8532-cfa3fed1f48c"",""due_at"":""2043-08-16T03:00:00+00:00"",""status"":""pending"",""created_at"":""2026-09-13T02:11:10.320087+00:00"",""subject_id"":""56f3cf25-84ad-4746-934d-a50e371bf561"",""performed_at"":null,""activity_name"":""col151-fa3f27672f1c admin"",""authority_class"":""facility"",""execution_state"":""none"",""effective_receipt_id"":null,""requirement_version_id"":""7954828e-2856-44ae-8a51-5b4d32ed3c93"",""facility_requirement_id"":""a7da2d96-da69-43b4-bc16-950864034a4f""}",[],[],[],
occurrence,a188da10-6bdd-4160-8deb-8d632946c658,col151-fa3f27672f1c admin,pending,2026-09-13T02:11:10.320087+00:00,"{""id"":""a188da10-6bdd-4160-8deb-8d632946c658"",""due_at"":""2043-09-13T03:00:00+00:00"",""status"":""pending"",""created_at"":""2026-09-13T02:11:10.320087+00:00"",""subject_id"":""56f3cf25-84ad-4746-934d-a50e371bf561"",""performed_at"":null,""activity_name"":""col151-fa3f27672f1c admin"",""authority_class"":""facility"",""execution_state"":""none"",""effective_receipt_id"":null,""requirement_version_id"":""7954828e-2856-44ae-8a51-5b4d32ed3c93"",""facility_requirement_id"":""a7da2d96-da69-43b4-bc16-950864034a4f""}",[],[],[],
occurrence,a2ea05e6-6134-44a4-9334-a6648a45a909,col151-fa3f27672f1c admin,pending,2026-09-13T02:11:10.320087+00:00,"{""id"":""a2ea05e6-6134-44a4-9334-a6648a45a909"",""due_at"":""2043-01-25T04:00:00+00:00"",""status"":""pending"",""created_at"":""2026-09-13T02:11:10.320087+00:00"",""subject_id"":""56f3cf25-84ad-4746-934d-a50e371bf561"",""performed_at"":null,""activity_name"":""col151-fa3f27672f1c admin"",""authority_class"":""facility"",""execution_state"":""none"",""effective_receipt_id"":null,""requirement_version_id"":""7954828e-2856-44ae-8a51-5b4d32ed3c93"",""facility_requirement_id"":""a7da2d96-da69-43b4-bc16-950864034a4f""}",[],[],[],
occurrence,a3ceac7d-6991-4f1e-855d-ab23372dff81,col151-fa3f27672f1c admin,pending,2026-09-13T02:11:10.320087+00:00,"{""id"":""a3ceac7d-6991-4f1e-855d-ab23372dff81"",""due_at"":""2043-03-29T03:00:00+00:00"",""status"":""pending"",""created_at"":""2026-09-13T02:11:10.320087+00:00"",""subject_id"":""56f3cf25-84ad-4746-934d-a50e371bf561"",""performed_at"":null,""activity_name"":""col151-fa3f27672f1c admin"",""authority_class"":""facility"",""execution_state"":""none"",""effective_receipt_id"":null,""requirement_version_id"":""7954828e-2856-44ae-8a51-5b4d32ed3c93"",""facility_requirement_id"":""a7da2d96-da69-43b4-bc16-950864034a4f""}",[],[],[],
occurrence,a4ba7b40-a47f-4048-bcbb-a26b956787d0,col151-fa3f27672f1c admin,pending,2026-09-13T02:11:10.320087+00:00,"{""id"":""a4ba7b40-a47f-4048-bcbb-a26b956787d0"",""due_at"":""2043-01-04T04:00:00+00:00"",""status"":""pending"",""created_at"":""2026-09-13T02:11:10.320087+00:00"",""subject_id"":""56f3cf25-84ad-4746-934d-a50e371bf561"",""performed_at"":null,""activity_name"":""col151-fa3f27672f1c admin"",""authority_class"":""facility"",""execution_state"":""none"",""effective_receipt_id"":null,""requirement_version_id"":""7954828e-2856-44ae-8a51-5b4d32ed3c93"",""facility_requirement_id"":""a7da2d96-da69-43b4-bc16-950864034a4f""}",[],[],[],
occurrence,a54eff72-8032-419c-83cd-a70a06362d0d,col151-fa3f27672f1c admin,pending,2026-09-13T02:11:10.320087+00:00,"{""id"":""a54eff72-8032-419c-83cd-a70a06362d0d"",""due_at"":""2043-02-08T04:00:00+00:00"",""status"":""pending"",""created_at"":""2026-09-13T02:11:10.320087+00:00"",""subject_id"":""56f3cf25-84ad-4746-934d-a50e371bf561"",""performed_at"":null,""activity_name"":""col151-fa3f27672f1c admin"",""authority_class"":""facility"",""execution_state"":""none"",""effective_receipt_id"":null,""requirement_version_id"":""7954828e-2856-44ae-8a51-5b4d32ed3c93"",""facility_requirement_id"":""a7da2d96-da69-43b4-bc16-950864034a4f""}",[],[],[],
occurrence,a5673c3a-3f3b-47c2-9c44-4cf2f25b8934,col151-fa3f27672f1c admin,pending,2026-09-13T02:11:10.320087+00:00,"{""id"":""a5673c3a-3f3b-47c2-9c44-4cf2f25b8934"",""due_at"":""2043-11-29T04:00:00+00:00"",""status"":""pending"",""created_at"":""2026-09-13T02:11:10.320087+00:00"",""subject_id"":""56f3cf25-84ad-4746-934d-a50e371bf561"",""performed_at"":null,""activity_name"":""col151-fa3f27672f1c admin"",""authority_class"":""facility"",""execution_state"":""none"",""effective_receipt_id"":null,""requirement_version_id"":""7954828e-2856-44ae-8a51-5b4d32ed3c93"",""facility_requirement_id"":""a7da2d96-da69-43b4-bc16-950864034a4f""}",[],[],[],
occurrence,a5cefaf7-fd3e-4fd3-8edf-7419b462bb6e,col151-fa3f27672f1c admin,pending,2026-09-13T02:11:10.320087+00:00,"{""id"":""a5cefaf7-fd3e-4fd3-8edf-7419b462bb6e"",""due_at"":""2043-06-07T03:00:00+00:00"",""status"":""pending"",""created_at"":""2026-09-13T02:11:10.320087+00:00"",""subject_id"":""56f3cf25-84ad-4746-934d-a50e371bf561"",""performed_at"":null,""activity_name"":""col151-fa3f27672f1c admin"",""authority_class"":""facility"",""execution_state"":""none"",""effective_receipt_id"":null,""requirement_version_id"":""7954828e-2856-44ae-8a51-5b4d32ed3c93"",""facility_requirement_id"":""a7da2d96-da69-43b4-bc16-950864034a4f""}",[],[],[],
occurrence,a736c3e6-4c24-4985-a508-2e18832fe04e,col151-fa3f27672f1c admin,pending,2026-09-13T02:11:10.320087+00:00,"{""id"":""a736c3e6-4c24-4985-a508-2e18832fe04e"",""due_at"":""2043-03-01T04:00:00+00:00"",""status"":""pending"",""created_at"":""2026-09-13T02:11:10.320087+00:00"",""subject_id"":""56f3cf25-84ad-4746-934d-a50e371bf561"",""performed_at"":null,""activity_name"":""col151-fa3f27672f1c admin"",""authority_class"":""facility"",""execution_state"":""none"",""effective_receipt_id"":null,""requirement_version_id"":""7954828e-2856-44ae-8a51-5b4d32ed3c93"",""facility_requirement_id"":""a7da2d96-da69-43b4-bc16-950864034a4f""}",[],[],[],
occurrence,aa1a3082-2009-45df-8ab7-0b7e10979869,col151-fa3f27672f1c admin,pending,2026-09-13T02:11:10.320087+00:00,"{""id"":""aa1a3082-2009-45df-8ab7-0b7e10979869"",""due_at"":""2042-10-26T03:00:00+00:00"",""status"":""pending"",""created_at"":""2026-09-13T02:11:10.320087+00:00"",""subject_id"":""56f3cf25-84ad-4746-934d-a50e371bf561"",""performed_at"":null,""activity_name"":""col151-fa3f27672f1c admin"",""authority_class"":""facility"",""execution_state"":""none"",""effective_receipt_id"":null,""requirement_version_id"":""7954828e-2856-44ae-8a51-5b4d32ed3c93"",""facility_requirement_id"":""a7da2d96-da69-43b4-bc16-950864034a4f""}",[],[],[],
occurrence,acbd0464-5a88-4c06-b4c0-ef5cef172e2b,col151-fa3f27672f1c admin,pending,2026-09-13T02:11:10.320087+00:00,"{""id"":""acbd0464-5a88-4c06-b4c0-ef5cef172e2b"",""due_at"":""2042-06-29T03:00:00+00:00"",""status"":""pending"",""created_at"":""2026-09-13T02:11:10.320087+00:00"",""subject_id"":""56f3cf25-84ad-4746-934d-a50e371bf561"",""performed_at"":null,""activity_name"":""col151-fa3f27672f1c admin"",""authority_class"":""facility"",""execution_state"":""none"",""effective_receipt_id"":null,""requirement_version_id"":""7954828e-2856-44ae-8a51-5b4d32ed3c93"",""facility_requirement_id"":""a7da2d96-da69-43b4-bc16-950864034a4f""}",[],[],[],
occurrence,ada9cd07-a398-4765-ac62-efcf294751fe,col151-fa3f27672f1c admin,pending,2026-09-13T02:11:10.320087+00:00,"{""id"":""ada9cd07-a398-4765-ac62-efcf294751fe"",""due_at"":""2042-08-17T03:00:00+00:00"",""status"":""pending"",""created_at"":""2026-09-13T02:11:10.320087+00:00"",""subject_id"":""56f3cf25-84ad-4746-934d-a50e371bf561"",""performed_at"":null,""activity_name"":""col151-fa3f27672f1c admin"",""authority_class"":""facility"",""execution_state"":""none"",""effective_receipt_id"":null,""requirement_version_id"":""7954828e-2856-44ae-8a51-5b4d32ed3c93"",""facility_requirement_id"":""a7da2d96-da69-43b4-bc16-950864034a4f""}",[],[],[],
occurrence,af535b99-41ca-4bfc-8528-5e47f73a11ac,col151-fa3f27672f1c admin,pending,2026-09-13T02:11:10.320087+00:00,"{""id"":""af535b99-41ca-4bfc-8528-5e47f73a11ac"",""due_at"":""2042-06-15T03:00:00+00:00"",""status"":""pending"",""created_at"":""2026-09-13T02:11:10.320087+00:00"",""subject_id"":""56f3cf25-84ad-4746-934d-a50e371bf561"",""performed_at"":null,""activity_name"":""col151-fa3f27672f1c admin"",""authority_class"":""facility"",""execution_state"":""none"",""effective_receipt_id"":null,""requirement_version_id"":""7954828e-2856-44ae-8a51-5b4d32ed3c93"",""facility_requirement_id"":""a7da2d96-da69-43b4-bc16-950864034a4f""}",[],[],[],
occurrence,b30a3f29-9c17-45fb-a5a0-9ad64cfb28f3,col151-fa3f27672f1c admin,pending,2026-09-13T02:11:10.320087+00:00,"{""id"":""b30a3f29-9c17-45fb-a5a0-9ad64cfb28f3"",""due_at"":""2042-03-09T04:00:00+00:00"",""status"":""pending"",""created_at"":""2026-09-13T02:11:10.320087+00:00"",""subject_id"":""56f3cf25-84ad-4746-934d-a50e371bf561"",""performed_at"":null,""activity_name"":""col151-fa3f27672f1c admin"",""authority_class"":""facility"",""execution_state"":""none"",""effective_receipt_id"":null,""requirement_version_id"":""7954828e-2856-44ae-8a51-5b4d32ed3c93"",""facility_requirement_id"":""a7da2d96-da69-43b4-bc16-950864034a4f""}",[],[],[],
occurrence,bd509385-6bd2-4e44-ac7b-270730ac9cba,col151-fa3f27672f1c admin,pending,2026-09-13T02:11:10.320087+00:00,"{""id"":""bd509385-6bd2-4e44-ac7b-270730ac9cba"",""due_at"":""2042-03-30T03:00:00+00:00"",""status"":""pending"",""created_at"":""2026-09-13T02:11:10.320087+00:00"",""subject_id"":""56f3cf25-84ad-4746-934d-a50e371bf561"",""performed_at"":null,""activity_name"":""col151-fa3f27672f1c admin"",""authority_class"":""facility"",""execution_state"":""none"",""effective_receipt_id"":null,""requirement_version_id"":""7954828e-2856-44ae-8a51-5b4d32ed3c93"",""facility_requirement_id"":""a7da2d96-da69-43b4-bc16-950864034a4f""}",[],[],[],
occurrence,bd5917af-1670-4f12-9a4d-5f0d2bd9da2a,col151-fa3f27672f1c admin,pending,2026-09-13T02:11:10.320087+00:00,"{""id"":""bd5917af-1670-4f12-9a4d-5f0d2bd9da2a"",""due_at"":""2042-10-05T03:00:00+00:00"",""status"":""pending"",""created_at"":""2026-09-13T02:11:10.320087+00:00"",""subject_id"":""56f3cf25-84ad-4746-934d-a50e371bf561"",""performed_at"":null,""activity_name"":""col151-fa3f27672f1c admin"",""authority_class"":""facility"",""execution_state"":""none"",""effective_receipt_id"":null,""requirement_version_id"":""7954828e-2856-44ae-8a51-5b4d32ed3c93"",""facility_requirement_id"":""a7da2d96-da69-43b4-bc16-950864034a4f""}",[],[],[],
occurrence,c0b21330-dbc8-4038-8cad-08c96fea5fbc,col151-fa3f27672f1c admin,pending,2026-09-13T02:11:10.320087+00:00,"{""id"":""c0b21330-dbc8-4038-8cad-08c96fea5fbc"",""due_at"":""2042-08-31T03:00:00+00:00"",""status"":""pending"",""created_at"":""2026-09-13T02:11:10.320087+00:00"",""subject_id"":""56f3cf25-84ad-4746-934d-a50e371bf561"",""performed_at"":null,""activity_name"":""col151-fa3f27672f1c admin"",""authority_class"":""facility"",""execution_state"":""none"",""effective_receipt_id"":null,""requirement_version_id"":""7954828e-2856-44ae-8a51-5b4d32ed3c93"",""facility_requirement_id"":""a7da2d96-da69-43b4-bc16-950864034a4f""}",[],[],[],
occurrence,cd779103-6957-4be3-8d7f-6168cf7748ae,col151-fa3f27672f1c admin,pending,2026-09-13T02:11:10.320087+00:00,"{""id"":""cd779103-6957-4be3-8d7f-6168cf7748ae"",""due_at"":""2043-07-26T03:00:00+00:00"",""status"":""pending"",""created_at"":""2026-09-13T02:11:10.320087+00:00"",""subject_id"":""56f3cf25-84ad-4746-934d-a50e371bf561"",""performed_at"":null,""activity_name"":""col151-fa3f27672f1c admin"",""authority_class"":""facility"",""execution_state"":""none"",""effective_receipt_id"":null,""requirement_version_id"":""7954828e-2856-44ae-8a51-5b4d32ed3c93"",""facility_requirement_id"":""a7da2d96-da69-43b4-bc16-950864034a4f""}",[],[],[],
occurrence,ceb539f2-6035-46ec-968a-b056263a73c2,col151-fa3f27672f1c admin,pending,2026-09-13T02:11:10.320087+00:00,"{""id"":""ceb539f2-6035-46ec-968a-b056263a73c2"",""due_at"":""2043-04-12T03:00:00+00:00"",""status"":""pending"",""created_at"":""2026-09-13T02:11:10.320087+00:00"",""subject_id"":""56f3cf25-84ad-4746-934d-a50e371bf561"",""performed_at"":null,""activity_name"":""col151-fa3f27672f1c admin"",""authority_class"":""facility"",""execution_state"":""none"",""effective_receipt_id"":null,""requirement_version_id"":""7954828e-2856-44ae-8a51-5b4d32ed3c93"",""facility_requirement_id"":""a7da2d96-da69-43b4-bc16-950864034a4f""}",[],[],[],
occurrence,d33e29db-8162-4e4f-b9f5-e05ef34b9746,col151-fa3f27672f1c admin,pending,2026-09-13T02:11:10.320087+00:00,"{""id"":""d33e29db-8162-4e4f-b9f5-e05ef34b9746"",""due_at"":""2043-11-01T03:00:00+00:00"",""status"":""pending"",""created_at"":""2026-09-13T02:11:10.320087+00:00"",""subject_id"":""56f3cf25-84ad-4746-934d-a50e371bf561"",""performed_at"":null,""activity_name"":""col151-fa3f27672f1c admin"",""authority_class"":""facility"",""execution_state"":""none"",""effective_receipt_id"":null,""requirement_version_id"":""7954828e-2856-44ae-8a51-5b4d32ed3c93"",""facility_requirement_id"":""a7da2d96-da69-43b4-bc16-950864034a4f""}",[],[],[],
occurrence,d579d8a0-ec3d-4793-aac9-0bbf3ade836b,col151-fa3f27672f1c admin,pending,2026-09-13T02:11:10.320087+00:00,"{""id"":""d579d8a0-ec3d-4793-aac9-0bbf3ade836b"",""due_at"":""2042-05-04T03:00:00+00:00"",""status"":""pending"",""created_at"":""2026-09-13T02:11:10.320087+00:00"",""subject_id"":""56f3cf25-84ad-4746-934d-a50e371bf561"",""performed_at"":null,""activity_name"":""col151-fa3f27672f1c admin"",""authority_class"":""facility"",""execution_state"":""none"",""effective_receipt_id"":null,""requirement_version_id"":""7954828e-2856-44ae-8a51-5b4d32ed3c93"",""facility_requirement_id"":""a7da2d96-da69-43b4-bc16-950864034a4f""}",[],[],[],
occurrence,d68b982f-4441-4df6-8e1e-b48f242477fb,col151-fa3f27672f1c admin,pending,2026-09-13T02:11:10.320087+00:00,"{""id"":""d68b982f-4441-4df6-8e1e-b48f242477fb"",""due_at"":""2043-05-03T03:00:00+00:00"",""status"":""pending"",""created_at"":""2026-09-13T02:11:10.320087+00:00"",""subject_id"":""56f3cf25-84ad-4746-934d-a50e371bf561"",""performed_at"":null,""activity_name"":""col151-fa3f27672f1c admin"",""authority_class"":""facility"",""execution_state"":""none"",""effective_receipt_id"":null,""requirement_version_id"":""7954828e-2856-44ae-8a51-5b4d32ed3c93"",""facility_requirement_id"":""a7da2d96-da69-43b4-bc16-950864034a4f""}",[],[],[],
occurrence,daea929e-b822-4201-8d24-5c3f97d381a6,col151-fa3f27672f1c admin,pending,2026-09-13T02:11:10.320087+00:00,"{""id"":""daea929e-b822-4201-8d24-5c3f97d381a6"",""due_at"":""2043-04-05T03:00:00+00:00"",""status"":""pending"",""created_at"":""2026-09-13T02:11:10.320087+00:00"",""subject_id"":""56f3cf25-84ad-4746-934d-a50e371bf561"",""performed_at"":null,""activity_name"":""col151-fa3f27672f1c admin"",""authority_class"":""facility"",""execution_state"":""none"",""effective_receipt_id"":null,""requirement_version_id"":""7954828e-2856-44ae-8a51-5b4d32ed3c93"",""facility_requirement_id"":""a7da2d96-da69-43b4-bc16-950864034a4f""}",[],[],[],
occurrence,dd1fa131-f98e-44dd-99d1-aa6612d5b6e8,col151-fa3f27672f1c admin,pending,2026-09-13T02:11:10.320087+00:00,"{""id"":""dd1fa131-f98e-44dd-99d1-aa6612d5b6e8"",""due_at"":""2042-09-07T03:00:00+00:00"",""status"":""pending"",""created_at"":""2026-09-13T02:11:10.320087+00:00"",""subject_id"":""56f3cf25-84ad-4746-934d-a50e371bf561"",""performed_at"":null,""activity_name"":""col151-fa3f27672f1c admin"",""authority_class"":""facility"",""execution_state"":""none"",""effective_receipt_id"":null,""requirement_version_id"":""7954828e-2856-44ae-8a51-5b4d32ed3c93"",""facility_requirement_id"":""a7da2d96-da69-43b4-bc16-950864034a4f""}",[],[],[],
occurrence,df263336-18c8-4327-bed1-7be76dd109b8,col151-fa3f27672f1c admin,pending,2026-09-13T02:11:10.320087+00:00,"{""id"":""df263336-18c8-4327-bed1-7be76dd109b8"",""due_at"":""2043-09-06T03:00:00+00:00"",""status"":""pending"",""created_at"":""2026-09-13T02:11:10.320087+00:00"",""subject_id"":""56f3cf25-84ad-4746-934d-a50e371bf561"",""performed_at"":null,""activity_name"":""col151-fa3f27672f1c admin"",""authority_class"":""facility"",""execution_state"":""none"",""effective_receipt_id"":null,""requirement_version_id"":""7954828e-2856-44ae-8a51-5b4d32ed3c93"",""facility_requirement_id"":""a7da2d96-da69-43b4-bc16-950864034a4f""}",[],[],[],
occurrence,e03816f6-1c8c-4772-bb04-aaa1634f3ba0,col151-fa3f27672f1c admin,pending,2026-09-13T02:11:10.320087+00:00,"{""id"":""e03816f6-1c8c-4772-bb04-aaa1634f3ba0"",""due_at"":""2042-03-16T03:00:00+00:00"",""status"":""pending"",""created_at"":""2026-09-13T02:11:10.320087+00:00"",""subject_id"":""56f3cf25-84ad-4746-934d-a50e371bf561"",""performed_at"":null,""activity_name"":""col151-fa3f27672f1c admin"",""authority_class"":""facility"",""execution_state"":""none"",""effective_receipt_id"":null,""requirement_version_id"":""7954828e-2856-44ae-8a51-5b4d32ed3c93"",""facility_requirement_id"":""a7da2d96-da69-43b4-bc16-950864034a4f""}",[],[],[],
occurrence,e246727c-ec30-46d1-9116-16c9986d2efe,col151-fa3f27672f1c admin,pending,2026-09-13T02:11:10.320087+00:00,"{""id"":""e246727c-ec30-46d1-9116-16c9986d2efe"",""due_at"":""2042-03-02T04:00:00+00:00"",""status"":""pending"",""created_at"":""2026-09-13T02:11:10.320087+00:00"",""subject_id"":""56f3cf25-84ad-4746-934d-a50e371bf561"",""performed_at"":null,""activity_name"":""col151-fa3f27672f1c admin"",""authority_class"":""facility"",""execution_state"":""none"",""effective_receipt_id"":null,""requirement_version_id"":""7954828e-2856-44ae-8a51-5b4d32ed3c93"",""facility_requirement_id"":""a7da2d96-da69-43b4-bc16-950864034a4f""}",[],[],[],
occurrence,e2b2e208-d00d-4b00-9cb8-a931b27a5200,col151-fa3f27672f1c admin,pending,2026-09-13T02:11:10.320087+00:00,"{""id"":""e2b2e208-d00d-4b00-9cb8-a931b27a5200"",""due_at"":""2042-04-13T03:00:00+00:00"",""status"":""pending"",""created_at"":""2026-09-13T02:11:10.320087+00:00"",""subject_id"":""56f3cf25-84ad-4746-934d-a50e371bf561"",""performed_at"":null,""activity_name"":""col151-fa3f27672f1c admin"",""authority_class"":""facility"",""execution_state"":""none"",""effective_receipt_id"":null,""requirement_version_id"":""7954828e-2856-44ae-8a51-5b4d32ed3c93"",""facility_requirement_id"":""a7da2d96-da69-43b4-bc16-950864034a4f""}",[],[],[],
occurrence,e3bfd46a-519f-4e14-99bb-3b144642a41b,col151-fa3f27672f1c admin,pending,2026-09-13T02:11:10.320087+00:00,"{""id"":""e3bfd46a-519f-4e14-99bb-3b144642a41b"",""due_at"":""2042-12-07T04:00:00+00:00"",""status"":""pending"",""created_at"":""2026-09-13T02:11:10.320087+00:00"",""subject_id"":""56f3cf25-84ad-4746-934d-a50e371bf561"",""performed_at"":null,""activity_name"":""col151-fa3f27672f1c admin"",""authority_class"":""facility"",""execution_state"":""none"",""effective_receipt_id"":null,""requirement_version_id"":""7954828e-2856-44ae-8a51-5b4d32ed3c93"",""facility_requirement_id"":""a7da2d96-da69-43b4-bc16-950864034a4f""}",[],[],[],
occurrence,e429a978-330e-4622-b372-ddf72b6648c7,col151-fa3f27672f1c admin,pending,2026-09-13T02:11:10.320087+00:00,"{""id"":""e429a978-330e-4622-b372-ddf72b6648c7"",""due_at"":""2042-08-03T03:00:00+00:00"",""status"":""pending"",""created_at"":""2026-09-13T02:11:10.320087+00:00"",""subject_id"":""56f3cf25-84ad-4746-934d-a50e371bf561"",""performed_at"":null,""activity_name"":""col151-fa3f27672f1c admin"",""authority_class"":""facility"",""execution_state"":""none"",""effective_receipt_id"":null,""requirement_version_id"":""7954828e-2856-44ae-8a51-5b4d32ed3c93"",""facility_requirement_id"":""a7da2d96-da69-43b4-bc16-950864034a4f""}",[],[],[],
occurrence,e528ed8c-a2a2-4ecf-82e6-116df8348a0a,col151-fa3f27672f1c admin,pending,2026-09-13T02:11:10.320087+00:00,"{""id"":""e528ed8c-a2a2-4ecf-82e6-116df8348a0a"",""due_at"":""2042-02-09T04:00:00+00:00"",""status"":""pending"",""created_at"":""2026-09-13T02:11:10.320087+00:00"",""subject_id"":""56f3cf25-84ad-4746-934d-a50e371bf561"",""performed_at"":null,""activity_name"":""col151-fa3f27672f1c admin"",""authority_class"":""facility"",""execution_state"":""none"",""effective_receipt_id"":null,""requirement_version_id"":""7954828e-2856-44ae-8a51-5b4d32ed3c93"",""facility_requirement_id"":""a7da2d96-da69-43b4-bc16-950864034a4f""}",[],[],[],
occurrence,e55f217a-12af-43ef-af2e-fe8a739c54ad,col151-fa3f27672f1c admin,pending,2026-09-13T02:11:10.320087+00:00,"{""id"":""e55f217a-12af-43ef-af2e-fe8a739c54ad"",""due_at"":""2042-11-02T03:00:00+00:00"",""status"":""pending"",""created_at"":""2026-09-13T02:11:10.320087+00:00"",""subject_id"":""56f3cf25-84ad-4746-934d-a50e371bf561"",""performed_at"":null,""activity_name"":""col151-fa3f27672f1c admin"",""authority_class"":""facility"",""execution_state"":""none"",""effective_receipt_id"":null,""requirement_version_id"":""7954828e-2856-44ae-8a51-5b4d32ed3c93"",""facility_requirement_id"":""a7da2d96-da69-43b4-bc16-950864034a4f""}",[],[],[],
occurrence,efc008d7-f9b0-48c4-a952-357224b219fd,col151-fa3f27672f1c admin,pending,2026-09-13T02:11:10.320087+00:00,"{""id"":""efc008d7-f9b0-48c4-a952-357224b219fd"",""due_at"":""2043-05-31T03:00:00+00:00"",""status"":""pending"",""created_at"":""2026-09-13T02:11:10.320087+00:00"",""subject_id"":""56f3cf25-84ad-4746-934d-a50e371bf561"",""performed_at"":null,""activity_name"":""col151-fa3f27672f1c admin"",""authority_class"":""facility"",""execution_state"":""none"",""effective_receipt_id"":null,""requirement_version_id"":""7954828e-2856-44ae-8a51-5b4d32ed3c93"",""facility_requirement_id"":""a7da2d96-da69-43b4-bc16-950864034a4f""}",[],[],[],
occurrence,f1857d33-163d-4bf8-b75c-664ab82d623d,col151-fa3f27672f1c admin,pending,2026-09-13T02:11:10.320087+00:00,"{""id"":""f1857d33-163d-4bf8-b75c-664ab82d623d"",""due_at"":""2043-06-14T03:00:00+00:00"",""status"":""pending"",""created_at"":""2026-09-13T02:11:10.320087+00:00"",""subject_id"":""56f3cf25-84ad-4746-934d-a50e371bf561"",""performed_at"":null,""activity_name"":""col151-fa3f27672f1c admin"",""authority_class"":""facility"",""execution_state"":""none"",""effective_receipt_id"":null,""requirement_version_id"":""7954828e-2856-44ae-8a51-5b4d32ed3c93"",""facility_requirement_id"":""a7da2d96-da69-43b4-bc16-950864034a4f""}",[],[],[],
occurrence,f3520497-3309-47fc-9c4e-f249f365f2a0,col151-fa3f27672f1c admin,pending,2026-09-13T02:11:10.320087+00:00,"{""id"":""f3520497-3309-47fc-9c4e-f249f365f2a0"",""due_at"":""2043-08-09T03:00:00+00:00"",""status"":""pending"",""created_at"":""2026-09-13T02:11:10.320087+00:00"",""subject_id"":""56f3cf25-84ad-4746-934d-a50e371bf561"",""performed_at"":null,""activity_name"":""col151-fa3f27672f1c admin"",""authority_class"":""facility"",""execution_state"":""none"",""effective_receipt_id"":null,""requirement_version_id"":""7954828e-2856-44ae-8a51-5b4d32ed3c93"",""facility_requirement_id"":""a7da2d96-da69-43b4-bc16-950864034a4f""}",[],[],[],
occurrence,f4b4f531-0787-45f2-a711-b76a3940b270,col151-fa3f27672f1c admin,pending,2026-09-13T02:11:10.320087+00:00,"{""id"":""f4b4f531-0787-45f2-a711-b76a3940b270"",""due_at"":""2042-06-22T03:00:00+00:00"",""status"":""pending"",""created_at"":""2026-09-13T02:11:10.320087+00:00"",""subject_id"":""56f3cf25-84ad-4746-934d-a50e371bf561"",""performed_at"":null,""activity_name"":""col151-fa3f27672f1c admin"",""authority_class"":""facility"",""execution_state"":""none"",""effective_receipt_id"":null,""requirement_version_id"":""7954828e-2856-44ae-8a51-5b4d32ed3c93"",""facility_requirement_id"":""a7da2d96-da69-43b4-bc16-950864034a4f""}",[],[],[],
occurrence,f51f0d06-707c-4d60-a930-680a2a5936ba,col151-fa3f27672f1c admin,pending,2026-09-13T02:11:10.320087+00:00,"{""id"":""f51f0d06-707c-4d60-a930-680a2a5936ba"",""due_at"":""2043-05-10T03:00:00+00:00"",""status"":""pending"",""created_at"":""2026-09-13T02:11:10.320087+00:00"",""subject_id"":""56f3cf25-84ad-4746-934d-a50e371bf561"",""performed_at"":null,""activity_name"":""col151-fa3f27672f1c admin"",""authority_class"":""facility"",""execution_state"":""none"",""effective_receipt_id"":null,""requirement_version_id"":""7954828e-2856-44ae-8a51-5b4d32ed3c93"",""facility_requirement_id"":""a7da2d96-da69-43b4-bc16-950864034a4f""}",[],[],[],
occurrence,f5fec619-d428-4217-889f-b0f59f103cd9,col151-fa3f27672f1c admin,pending,2026-09-13T02:11:10.320087+00:00,"{""id"":""f5fec619-d428-4217-889f-b0f59f103cd9"",""due_at"":""2042-06-01T03:00:00+00:00"",""status"":""pending"",""created_at"":""2026-09-13T02:11:10.320087+00:00"",""subject_id"":""56f3cf25-84ad-4746-934d-a50e371bf561"",""performed_at"":null,""activity_name"":""col151-fa3f27672f1c admin"",""authority_class"":""facility"",""execution_state"":""none"",""effective_receipt_id"":null,""requirement_version_id"":""7954828e-2856-44ae-8a51-5b4d32ed3c93"",""facility_requirement_id"":""a7da2d96-da69-43b4-bc16-950864034a4f""}",[],[],[],
occurrence,f6885bfc-7dca-4b31-9271-cf4189c4dc2a,col151-fa3f27672f1c admin,pending,2026-09-13T02:11:10.320087+00:00,"{""id"":""f6885bfc-7dca-4b31-9271-cf4189c4dc2a"",""due_at"":""2042-07-20T03:00:00+00:00"",""status"":""pending"",""created_at"":""2026-09-13T02:11:10.320087+00:00"",""subject_id"":""56f3cf25-84ad-4746-934d-a50e371bf561"",""performed_at"":null,""activity_name"":""col151-fa3f27672f1c admin"",""authority_class"":""facility"",""execution_state"":""none"",""effective_receipt_id"":null,""requirement_version_id"":""7954828e-2856-44ae-8a51-5b4d32ed3c93"",""facility_requirement_id"":""a7da2d96-da69-43b4-bc16-950864034a4f""}",[],[],[],
occurrence,f77506b1-0cfe-4dc7-b92a-e3dec9468c1a,col151-fa3f27672f1c admin,pending,2026-09-13T02:11:10.320087+00:00,"{""id"":""f77506b1-0cfe-4dc7-b92a-e3dec9468c1a"",""due_at"":""2042-11-23T04:00:00+00:00"",""status"":""pending"",""created_at"":""2026-09-13T02:11:10.320087+00:00"",""subject_id"":""56f3cf25-84ad-4746-934d-a50e371bf561"",""performed_at"":null,""activity_name"":""col151-fa3f27672f1c admin"",""authority_class"":""facility"",""execution_state"":""none"",""effective_receipt_id"":null,""requirement_version_id"":""7954828e-2856-44ae-8a51-5b4d32ed3c93"",""facility_requirement_id"":""a7da2d96-da69-43b4-bc16-950864034a4f""}",[],[],[],
occurrence,fcc637e9-fc7b-4206-b311-8d50d130e654,col151-fa3f27672f1c admin,pending,2026-09-13T02:11:10.320087+00:00,"{""id"":""fcc637e9-fc7b-4206-b311-8d50d130e654"",""due_at"":""2043-03-15T03:00:00+00:00"",""status"":""pending"",""created_at"":""2026-09-13T02:11:10.320087+00:00"",""subject_id"":""56f3cf25-84ad-4746-934d-a50e371bf561"",""performed_at"":null,""activity_name"":""col151-fa3f27672f1c admin"",""authority_class"":""facility"",""execution_state"":""none"",""effective_receipt_id"":null,""requirement_version_id"":""7954828e-2856-44ae-8a51-5b4d32ed3c93"",""facility_requirement_id"":""a7da2d96-da69-43b4-bc16-950864034a4f""}",[],[],[],
occurrence,0b4099e5-5f88-41c6-b356-b2f9b88346d1,col151-fa3f27672f1c admin,pending,2026-09-13T02:11:10.746058+00:00,"{""id"":""0b4099e5-5f88-41c6-b356-b2f9b88346d1"",""due_at"":""2044-12-18T04:00:00+00:00"",""status"":""pending"",""created_at"":""2026-09-13T02:11:10.746058+00:00"",""subject_id"":""56f3cf25-84ad-4746-934d-a50e371bf561"",""performed_at"":null,""activity_name"":""col151-fa3f27672f1c admin"",""authority_class"":""facility"",""execution_state"":""none"",""effective_receipt_id"":null,""requirement_version_id"":""7954828e-2856-44ae-8a51-5b4d32ed3c93"",""facility_requirement_id"":""a7da2d96-da69-43b4-bc16-950864034a4f""}",[],[],[],
occurrence,1451c303-c6a8-4cc5-8ec5-f399e7598dda,col151-fa3f27672f1c admin,pending,2026-09-13T02:11:10.746058+00:00,"{""id"":""1451c303-c6a8-4cc5-8ec5-f399e7598dda"",""due_at"":""2045-01-22T04:00:00+00:00"",""status"":""pending"",""created_at"":""2026-09-13T02:11:10.746058+00:00"",""subject_id"":""56f3cf25-84ad-4746-934d-a50e371bf561"",""performed_at"":null,""activity_name"":""col151-fa3f27672f1c admin"",""authority_class"":""facility"",""execution_state"":""none"",""effective_receipt_id"":null,""requirement_version_id"":""7954828e-2856-44ae-8a51-5b4d32ed3c93"",""facility_requirement_id"":""a7da2d96-da69-43b4-bc16-950864034a4f""}",[],[],[],
occurrence,18381b7e-50a6-4940-91c4-40f3f63f45ac,col151-fa3f27672f1c admin,pending,2026-09-13T02:11:10.746058+00:00,"{""id"":""18381b7e-50a6-4940-91c4-40f3f63f45ac"",""due_at"":""2044-10-16T03:00:00+00:00"",""status"":""pending"",""created_at"":""2026-09-13T02:11:10.746058+00:00"",""subject_id"":""56f3cf25-84ad-4746-934d-a50e371bf561"",""performed_at"":null,""activity_name"":""col151-fa3f27672f1c admin"",""authority_class"":""facility"",""execution_state"":""none"",""effective_receipt_id"":null,""requirement_version_id"":""7954828e-2856-44ae-8a51-5b4d32ed3c93"",""facility_requirement_id"":""a7da2d96-da69-43b4-bc16-950864034a4f""}",[],[],[],
occurrence,184f7a75-aa3e-48e4-b421-ec3e639747d7,col151-fa3f27672f1c admin,pending,2026-09-13T02:11:10.746058+00:00,"{""id"":""184f7a75-aa3e-48e4-b421-ec3e639747d7"",""due_at"":""2044-04-03T03:00:00+00:00"",""status"":""pending"",""created_at"":""2026-09-13T02:11:10.746058+00:00"",""subject_id"":""56f3cf25-84ad-4746-934d-a50e371bf561"",""performed_at"":null,""activity_name"":""col151-fa3f27672f1c admin"",""authority_class"":""facility"",""execution_state"":""none"",""effective_receipt_id"":null,""requirement_version_id"":""7954828e-2856-44ae-8a51-5b4d32ed3c93"",""facility_requirement_id"":""a7da2d96-da69-43b4-bc16-950864034a4f""}",[],[],[],
occurrence,1932b935-e8a0-44f2-9603-b253a5c61e25,col151-fa3f27672f1c admin,pending,2026-09-13T02:11:10.746058+00:00,"{""id"":""1932b935-e8a0-44f2-9603-b253a5c61e25"",""due_at"":""2045-02-19T04:00:00+00:00"",""status"":""pending"",""created_at"":""2026-09-13T02:11:10.746058+00:00"",""subject_id"":""56f3cf25-84ad-4746-934d-a50e371bf561"",""performed_at"":null,""activity_name"":""col151-fa3f27672f1c admin"",""authority_class"":""facility"",""execution_state"":""none"",""effective_receipt_id"":null,""requirement_version_id"":""7954828e-2856-44ae-8a51-5b4d32ed3c93"",""facility_requirement_id"":""a7da2d96-da69-43b4-bc16-950864034a4f""}",[],[],[],
occurrence,19c3b2ea-986b-421a-94f5-abd94319323a,col151-fa3f27672f1c admin,pending,2026-09-13T02:11:10.746058+00:00,"{""id"":""19c3b2ea-986b-421a-94f5-abd94319323a"",""due_at"":""2044-08-21T03:00:00+00:00"",""status"":""pending"",""created_at"":""2026-09-13T02:11:10.746058+00:00"",""subject_id"":""56f3cf25-84ad-4746-934d-a50e371bf561"",""performed_at"":null,""activity_name"":""col151-fa3f27672f1c admin"",""authority_class"":""facility"",""execution_state"":""none"",""effective_receipt_id"":null,""requirement_version_id"":""7954828e-2856-44ae-8a51-5b4d32ed3c93"",""facility_requirement_id"":""a7da2d96-da69-43b4-bc16-950864034a4f""}",[],[],[],
occurrence,1b84ed24-bf21-4457-a6a5-bb0c15822417,col151-fa3f27672f1c admin,pending,2026-09-13T02:11:10.746058+00:00,"{""id"":""1b84ed24-bf21-4457-a6a5-bb0c15822417"",""due_at"":""2045-07-02T03:00:00+00:00"",""status"":""pending"",""created_at"":""2026-09-13T02:11:10.746058+00:00"",""subject_id"":""56f3cf25-84ad-4746-934d-a50e371bf561"",""performed_at"":null,""activity_name"":""col151-fa3f27672f1c admin"",""authority_class"":""facility"",""execution_state"":""none"",""effective_receipt_id"":null,""requirement_version_id"":""7954828e-2856-44ae-8a51-5b4d32ed3c93"",""facility_requirement_id"":""a7da2d96-da69-43b4-bc16-950864034a4f""}",[],[],[],
occurrence,1bcb6b12-4b23-4a5d-adcf-ad411f87de6d,col151-fa3f27672f1c admin,pending,2026-09-13T02:11:10.746058+00:00,"{""id"":""1bcb6b12-4b23-4a5d-adcf-ad411f87de6d"",""due_at"":""2044-07-31T03:00:00+00:00"",""status"":""pending"",""created_at"":""2026-09-13T02:11:10.746058+00:00"",""subject_id"":""56f3cf25-84ad-4746-934d-a50e371bf561"",""performed_at"":null,""activity_name"":""col151-fa3f27672f1c admin"",""authority_class"":""facility"",""execution_state"":""none"",""effective_receipt_id"":null,""requirement_version_id"":""7954828e-2856-44ae-8a51-5b4d32ed3c93"",""facility_requirement_id"":""a7da2d96-da69-43b4-bc16-950864034a4f""}",[],[],[],
occurrence,1e357f7d-23b8-46e4-b4d2-183a0e3034f2,col151-fa3f27672f1c admin,pending,2026-09-13T02:11:10.746058+00:00,"{""id"":""1e357f7d-23b8-46e4-b4d2-183a0e3034f2"",""due_at"":""2044-06-26T03:00:00+00:00"",""status"":""pending"",""created_at"":""2026-09-13T02:11:10.746058+00:00"",""subject_id"":""56f3cf25-84ad-4746-934d-a50e371bf561"",""performed_at"":null,""activity_name"":""col151-fa3f27672f1c admin"",""authority_class"":""facility"",""execution_state"":""none"",""effective_receipt_id"":null,""requirement_version_id"":""7954828e-2856-44ae-8a51-5b4d32ed3c93"",""facility_requirement_id"":""a7da2d96-da69-43b4-bc16-950864034a4f""}",[],[],[],
occurrence,21c892af-33f1-4d0e-b404-b6a91b2722d8,col151-fa3f27672f1c admin,pending,2026-09-13T02:11:10.746058+00:00,"{""id"":""21c892af-33f1-4d0e-b404-b6a91b2722d8"",""due_at"":""2045-08-13T03:00:00+00:00"",""status"":""pending"",""created_at"":""2026-09-13T02:11:10.746058+00:00"",""subject_id"":""56f3cf25-84ad-4746-934d-a50e371bf561"",""performed_at"":null,""activity_name"":""col151-fa3f27672f1c admin"",""authority_class"":""facility"",""execution_state"":""none"",""effective_receipt_id"":null,""requirement_version_id"":""7954828e-2856-44ae-8a51-5b4d32ed3c93"",""facility_requirement_id"":""a7da2d96-da69-43b4-bc16-950864034a4f""}",[],[],[],
occurrence,2317a52c-09ba-4d7c-847c-7d809cde3f04,col151-fa3f27672f1c admin,pending,2026-09-13T02:11:10.746058+00:00,"{""id"":""2317a52c-09ba-4d7c-847c-7d809cde3f04"",""due_at"":""2044-07-03T03:00:00+00:00"",""status"":""pending"",""created_at"":""2026-09-13T02:11:10.746058+00:00"",""subject_id"":""56f3cf25-84ad-4746-934d-a50e371bf561"",""performed_at"":null,""activity_name"":""col151-fa3f27672f1c admin"",""authority_class"":""facility"",""execution_state"":""none"",""effective_receipt_id"":null,""requirement_version_id"":""7954828e-2856-44ae-8a51-5b4d32ed3c93"",""facility_requirement_id"":""a7da2d96-da69-43b4-bc16-950864034a4f""}",[],[],[],
occurrence,24f2f2c1-c9fb-4c47-ad21-ab72a5816b69,col151-fa3f27672f1c admin,pending,2026-09-13T02:11:10.746058+00:00,"{""id"":""24f2f2c1-c9fb-4c47-ad21-ab72a5816b69"",""due_at"":""2045-02-12T04:00:00+00:00"",""status"":""pending"",""created_at"":""2026-09-13T02:11:10.746058+00:00"",""subject_id"":""56f3cf25-84ad-4746-934d-a50e371bf561"",""performed_at"":null,""activity_name"":""col151-fa3f27672f1c admin"",""authority_class"":""facility"",""execution_state"":""none"",""effective_receipt_id"":null,""requirement_version_id"":""7954828e-2856-44ae-8a51-5b4d32ed3c93"",""facility_requirement_id"":""a7da2d96-da69-43b4-bc16-950864034a4f""}",[],[],[],
occurrence,2969392e-800d-4db6-b9a2-4d1863687cc7,col151-fa3f27672f1c admin,pending,2026-09-13T02:11:10.746058+00:00,"{""id"":""2969392e-800d-4db6-b9a2-4d1863687cc7"",""due_at"":""2045-09-17T03:00:00+00:00"",""status"":""pending"",""created_at"":""2026-09-13T02:11:10.746058+00:00"",""subject_id"":""56f3cf25-84ad-4746-934d-a50e371bf561"",""performed_at"":null,""activity_name"":""col151-fa3f27672f1c admin"",""authority_class"":""facility"",""execution_state"":""none"",""effective_receipt_id"":null,""requirement_version_id"":""7954828e-2856-44ae-8a51-5b4d32ed3c93"",""facility_requirement_id"":""a7da2d96-da69-43b4-bc16-950864034a4f""}",[],[],[],
occurrence,2d1456a1-1bfe-47f6-959a-e43a5c7a97af,col151-fa3f27672f1c admin,pending,2026-09-13T02:11:10.746058+00:00,"{""id"":""2d1456a1-1bfe-47f6-959a-e43a5c7a97af"",""due_at"":""2044-10-23T03:00:00+00:00"",""status"":""pending"",""created_at"":""2026-09-13T02:11:10.746058+00:00"",""subject_id"":""56f3cf25-84ad-4746-934d-a50e371bf561"",""performed_at"":null,""activity_name"":""col151-fa3f27672f1c admin"",""authority_class"":""facility"",""execution_state"":""none"",""effective_receipt_id"":null,""requirement_version_id"":""7954828e-2856-44ae-8a51-5b4d32ed3c93"",""facility_requirement_id"":""a7da2d96-da69-43b4-bc16-950864034a4f""}",[],[],[],
occurrence,2eb9ea91-f1f9-4c49-814d-c6f055b3120d,col151-fa3f27672f1c admin,pending,2026-09-13T02:11:10.746058+00:00,"{""id"":""2eb9ea91-f1f9-4c49-814d-c6f055b3120d"",""due_at"":""2044-07-10T03:00:00+00:00"",""status"":""pending"",""created_at"":""2026-09-13T02:11:10.746058+00:00"",""subject_id"":""56f3cf25-84ad-4746-934d-a50e371bf561"",""performed_at"":null,""activity_name"":""col151-fa3f27672f1c admin"",""authority_class"":""facility"",""execution_state"":""none"",""effective_receipt_id"":null,""requirement_version_id"":""7954828e-2856-44ae-8a51-5b4d32ed3c93"",""facility_requirement_id"":""a7da2d96-da69-43b4-bc16-950864034a4f""}",[],[],[],
occurrence,2ee4810b-413e-4f52-87eb-a0012c8a4e7e,col151-fa3f27672f1c admin,pending,2026-09-13T02:11:10.746058+00:00,"{""id"":""2ee4810b-413e-4f52-87eb-a0012c8a4e7e"",""due_at"":""2045-01-29T04:00:00+00:00"",""status"":""pending"",""created_at"":""2026-09-13T02:11:10.746058+00:00"",""subject_id"":""56f3cf25-84ad-4746-934d-a50e371bf561"",""performed_at"":null,""activity_name"":""col151-fa3f27672f1c admin"",""authority_class"":""facility"",""execution_state"":""none"",""effective_receipt_id"":null,""requirement_version_id"":""7954828e-2856-44ae-8a51-5b4d32ed3c93"",""facility_requirement_id"":""a7da2d96-da69-43b4-bc16-950864034a4f""}",[],[],[],
occurrence,30540f21-0502-4a97-9109-f8b0d589cfa8,col151-fa3f27672f1c admin,pending,2026-09-13T02:11:10.746058+00:00,"{""id"":""30540f21-0502-4a97-9109-f8b0d589cfa8"",""due_at"":""2043-12-27T04:00:00+00:00"",""status"":""pending"",""created_at"":""2026-09-13T02:11:10.746058+00:00"",""subject_id"":""56f3cf25-84ad-4746-934d-a50e371bf561"",""performed_at"":null,""activity_name"":""col151-fa3f27672f1c admin"",""authority_class"":""facility"",""execution_state"":""none"",""effective_receipt_id"":null,""requirement_version_id"":""7954828e-2856-44ae-8a51-5b4d32ed3c93"",""facility_requirement_id"":""a7da2d96-da69-43b4-bc16-950864034a4f""}",[],[],[],
occurrence,3165b2be-db62-48ec-a819-f0b5846250b4,col151-fa3f27672f1c admin,pending,2026-09-13T02:11:10.746058+00:00,"{""id"":""3165b2be-db62-48ec-a819-f0b5846250b4"",""due_at"":""2044-05-08T03:00:00+00:00"",""status"":""pending"",""created_at"":""2026-09-13T02:11:10.746058+00:00"",""subject_id"":""56f3cf25-84ad-4746-934d-a50e371bf561"",""performed_at"":null,""activity_name"":""col151-fa3f27672f1c admin"",""authority_class"":""facility"",""execution_state"":""none"",""effective_receipt_id"":null,""requirement_version_id"":""7954828e-2856-44ae-8a51-5b4d32ed3c93"",""facility_requirement_id"":""a7da2d96-da69-43b4-bc16-950864034a4f""}",[],[],[],
occurrence,34069a4d-39c3-4da3-9d9e-17cacb6fb20e,col151-fa3f27672f1c admin,pending,2026-09-13T02:11:10.746058+00:00,"{""id"":""34069a4d-39c3-4da3-9d9e-17cacb6fb20e"",""due_at"":""2045-04-16T03:00:00+00:00"",""status"":""pending"",""created_at"":""2026-09-13T02:11:10.746058+00:00"",""subject_id"":""56f3cf25-84ad-4746-934d-a50e371bf561"",""performed_at"":null,""activity_name"":""col151-fa3f27672f1c admin"",""authority_class"":""facility"",""execution_state"":""none"",""effective_receipt_id"":null,""requirement_version_id"":""7954828e-2856-44ae-8a51-5b4d32ed3c93"",""facility_requirement_id"":""a7da2d96-da69-43b4-bc16-950864034a4f""}",[],[],[],
occurrence,396e57e6-195f-4925-b95d-607fb0eb6aa2,col151-fa3f27672f1c admin,pending,2026-09-13T02:11:10.746058+00:00,"{""id"":""396e57e6-195f-4925-b95d-607fb0eb6aa2"",""due_at"":""2045-09-10T03:00:00+00:00"",""status"":""pending"",""created_at"":""2026-09-13T02:11:10.746058+00:00"",""subject_id"":""56f3cf25-84ad-4746-934d-a50e371bf561"",""performed_at"":null,""activity_name"":""col151-fa3f27672f1c admin"",""authority_class"":""facility"",""execution_state"":""none"",""effective_receipt_id"":null,""requirement_version_id"":""7954828e-2856-44ae-8a51-5b4d32ed3c93"",""facility_requirement_id"":""a7da2d96-da69-43b4-bc16-950864034a4f""}",[],[],[],
occurrence,3b12c4e5-7e79-4971-af9d-9c124a40010a,col151-fa3f27672f1c admin,pending,2026-09-13T02:11:10.746058+00:00,"{""id"":""3b12c4e5-7e79-4971-af9d-9c124a40010a"",""due_at"":""2044-11-06T03:00:00+00:00"",""status"":""pending"",""created_at"":""2026-09-13T02:11:10.746058+00:00"",""subject_id"":""56f3cf25-84ad-4746-934d-a50e371bf561"",""performed_at"":null,""activity_name"":""col151-fa3f27672f1c admin"",""authority_class"":""facility"",""execution_state"":""none"",""effective_receipt_id"":null,""requirement_version_id"":""7954828e-2856-44ae-8a51-5b4d32ed3c93"",""facility_requirement_id"":""a7da2d96-da69-43b4-bc16-950864034a4f""}",[],[],[],
occurrence,3cd978d4-5ebf-4455-b3f1-28184a70c8aa,col151-fa3f27672f1c admin,pending,2026-09-13T02:11:10.746058+00:00,"{""id"":""3cd978d4-5ebf-4455-b3f1-28184a70c8aa"",""due_at"":""2045-01-01T04:00:00+00:00"",""status"":""pending"",""created_at"":""2026-09-13T02:11:10.746058+00:00"",""subject_id"":""56f3cf25-84ad-4746-934d-a50e371bf561"",""performed_at"":null,""activity_name"":""col151-fa3f27672f1c admin"",""authority_class"":""facility"",""execution_state"":""none"",""effective_receipt_id"":null,""requirement_version_id"":""7954828e-2856-44ae-8a51-5b4d32ed3c93"",""facility_requirement_id"":""a7da2d96-da69-43b4-bc16-950864034a4f""}",[],[],[],
occurrence,41967dd0-87fd-4bb4-af76-57a7a69842f8,col151-fa3f27672f1c admin,pending,2026-09-13T02:11:10.746058+00:00,"{""id"":""41967dd0-87fd-4bb4-af76-57a7a69842f8"",""due_at"":""2045-05-28T03:00:00+00:00"",""status"":""pending"",""created_at"":""2026-09-13T02:11:10.746058+00:00"",""subject_id"":""56f3cf25-84ad-4746-934d-a50e371bf561"",""performed_at"":null,""activity_name"":""col151-fa3f27672f1c admin"",""authority_class"":""facility"",""execution_state"":""none"",""effective_receipt_id"":null,""requirement_version_id"":""7954828e-2856-44ae-8a51-5b4d32ed3c93"",""facility_requirement_id"":""a7da2d96-da69-43b4-bc16-950864034a4f""}",[],[],[],
occurrence,4258d03f-30a8-49ef-9d45-ec34d83a7713,col151-fa3f27672f1c admin,pending,2026-09-13T02:11:10.746058+00:00,"{""id"":""4258d03f-30a8-49ef-9d45-ec34d83a7713"",""due_at"":""2044-04-10T03:00:00+00:00"",""status"":""pending"",""created_at"":""2026-09-13T02:11:10.746058+00:00"",""subject_id"":""56f3cf25-84ad-4746-934d-a50e371bf561"",""performed_at"":null,""activity_name"":""col151-fa3f27672f1c admin"",""authority_class"":""facility"",""execution_state"":""none"",""effective_receipt_id"":null,""requirement_version_id"":""7954828e-2856-44ae-8a51-5b4d32ed3c93"",""facility_requirement_id"":""a7da2d96-da69-43b4-bc16-950864034a4f""}",[],[],[],
occurrence,45668d14-182a-464c-8052-1809cf4b060e,col151-fa3f27672f1c admin,pending,2026-09-13T02:11:10.746058+00:00,"{""id"":""45668d14-182a-464c-8052-1809cf4b060e"",""due_at"":""2044-05-15T03:00:00+00:00"",""status"":""pending"",""created_at"":""2026-09-13T02:11:10.746058+00:00"",""subject_id"":""56f3cf25-84ad-4746-934d-a50e371bf561"",""performed_at"":null,""activity_name"":""col151-fa3f27672f1c admin"",""authority_class"":""facility"",""execution_state"":""none"",""effective_receipt_id"":null,""requirement_version_id"":""7954828e-2856-44ae-8a51-5b4d32ed3c93"",""facility_requirement_id"":""a7da2d96-da69-43b4-bc16-950864034a4f""}",[],[],[],
occurrence,4584b927-03a8-4755-8ae3-bd3d68b1f6fc,col151-fa3f27672f1c admin,pending,2026-09-13T02:11:10.746058+00:00,"{""id"":""4584b927-03a8-4755-8ae3-bd3d68b1f6fc"",""due_at"":""2044-03-27T03:00:00+00:00"",""status"":""pending"",""created_at"":""2026-09-13T02:11:10.746058+00:00"",""subject_id"":""56f3cf25-84ad-4746-934d-a50e371bf561"",""performed_at"":null,""activity_name"":""col151-fa3f27672f1c admin"",""authority_class"":""facility"",""execution_state"":""none"",""effective_receipt_id"":null,""requirement_version_id"":""7954828e-2856-44ae-8a51-5b4d32ed3c93"",""facility_requirement_id"":""a7da2d96-da69-43b4-bc16-950864034a4f""}",[],[],[],
occurrence,4d2f6d15-d5ac-4e75-95b7-c3e4f828978a,col151-fa3f27672f1c admin,pending,2026-09-13T02:11:10.746058+00:00,"{""id"":""4d2f6d15-d5ac-4e75-95b7-c3e4f828978a"",""due_at"":""2044-01-31T04:00:00+00:00"",""status"":""pending"",""created_at"":""2026-09-13T02:11:10.746058+00:00"",""subject_id"":""56f3cf25-84ad-4746-934d-a50e371bf561"",""performed_at"":null,""activity_name"":""col151-fa3f27672f1c admin"",""authority_class"":""facility"",""execution_state"":""none"",""effective_receipt_id"":null,""requirement_version_id"":""7954828e-2856-44ae-8a51-5b4d32ed3c93"",""facility_requirement_id"":""a7da2d96-da69-43b4-bc16-950864034a4f""}",[],[],[],
occurrence,4efb1b9e-51cd-47fb-9f2b-bb3f211d9cbb,col151-fa3f27672f1c admin,pending,2026-09-13T02:11:10.746058+00:00,"{""id"":""4efb1b9e-51cd-47fb-9f2b-bb3f211d9cbb"",""due_at"":""2045-08-20T03:00:00+00:00"",""status"":""pending"",""created_at"":""2026-09-13T02:11:10.746058+00:00"",""subject_id"":""56f3cf25-84ad-4746-934d-a50e371bf561"",""performed_at"":null,""activity_name"":""col151-fa3f27672f1c admin"",""authority_class"":""facility"",""execution_state"":""none"",""effective_receipt_id"":null,""requirement_version_id"":""7954828e-2856-44ae-8a51-5b4d32ed3c93"",""facility_requirement_id"":""a7da2d96-da69-43b4-bc16-950864034a4f""}",[],[],[],
occurrence,521a304b-e1e3-4145-afff-5088430e692f,col151-fa3f27672f1c admin,pending,2026-09-13T02:11:10.746058+00:00,"{""id"":""521a304b-e1e3-4145-afff-5088430e692f"",""due_at"":""2045-07-09T03:00:00+00:00"",""status"":""pending"",""created_at"":""2026-09-13T02:11:10.746058+00:00"",""subject_id"":""56f3cf25-84ad-4746-934d-a50e371bf561"",""performed_at"":null,""activity_name"":""col151-fa3f27672f1c admin"",""authority_class"":""facility"",""execution_state"":""none"",""effective_receipt_id"":null,""requirement_version_id"":""7954828e-2856-44ae-8a51-5b4d32ed3c93"",""facility_requirement_id"":""a7da2d96-da69-43b4-bc16-950864034a4f""}",[],[],[],
occurrence,55970624-9821-4992-99f7-176716a56585,col151-fa3f27672f1c admin,pending,2026-09-13T02:11:10.746058+00:00,"{""id"":""55970624-9821-4992-99f7-176716a56585"",""due_at"":""2044-06-19T03:00:00+00:00"",""status"":""pending"",""created_at"":""2026-09-13T02:11:10.746058+00:00"",""subject_id"":""56f3cf25-84ad-4746-934d-a50e371bf561"",""performed_at"":null,""activity_name"":""col151-fa3f27672f1c admin"",""authority_class"":""facility"",""execution_state"":""none"",""effective_receipt_id"":null,""requirement_version_id"":""7954828e-2856-44ae-8a51-5b4d32ed3c93"",""facility_requirement_id"":""a7da2d96-da69-43b4-bc16-950864034a4f""}",[],[],[],
occurrence,58e11da0-d88b-438e-84f2-044a1f202c9b,col151-fa3f27672f1c admin,pending,2026-09-13T02:11:10.746058+00:00,"{""id"":""58e11da0-d88b-438e-84f2-044a1f202c9b"",""due_at"":""2045-09-03T03:00:00+00:00"",""status"":""pending"",""created_at"":""2026-09-13T02:11:10.746058+00:00"",""subject_id"":""56f3cf25-84ad-4746-934d-a50e371bf561"",""performed_at"":null,""activity_name"":""col151-fa3f27672f1c admin"",""authority_class"":""facility"",""execution_state"":""none"",""effective_receipt_id"":null,""requirement_version_id"":""7954828e-2856-44ae-8a51-5b4d32ed3c93"",""facility_requirement_id"":""a7da2d96-da69-43b4-bc16-950864034a4f""}",[],[],[],
occurrence,5a0b0642-be3f-4d5b-b337-d680aa0a4ca6,col151-fa3f27672f1c admin,pending,2026-09-13T02:11:10.746058+00:00,"{""id"":""5a0b0642-be3f-4d5b-b337-d680aa0a4ca6"",""due_at"":""2045-03-12T04:00:00+00:00"",""status"":""pending"",""created_at"":""2026-09-13T02:11:10.746058+00:00"",""subject_id"":""56f3cf25-84ad-4746-934d-a50e371bf561"",""performed_at"":null,""activity_name"":""col151-fa3f27672f1c admin"",""authority_class"":""facility"",""execution_state"":""none"",""effective_receipt_id"":null,""requirement_version_id"":""7954828e-2856-44ae-8a51-5b4d32ed3c93"",""facility_requirement_id"":""a7da2d96-da69-43b4-bc16-950864034a4f""}",[],[],[],
occurrence,5c306589-b696-48e2-bbba-87861c5d05fd,col151-fa3f27672f1c admin,pending,2026-09-13T02:11:10.746058+00:00,"{""id"":""5c306589-b696-48e2-bbba-87861c5d05fd"",""due_at"":""2045-10-29T03:00:00+00:00"",""status"":""pending"",""created_at"":""2026-09-13T02:11:10.746058+00:00"",""subject_id"":""56f3cf25-84ad-4746-934d-a50e371bf561"",""performed_at"":null,""activity_name"":""col151-fa3f27672f1c admin"",""authority_class"":""facility"",""execution_state"":""none"",""effective_receipt_id"":null,""requirement_version_id"":""7954828e-2856-44ae-8a51-5b4d32ed3c93"",""facility_requirement_id"":""a7da2d96-da69-43b4-bc16-950864034a4f""}",[],[],[],
occurrence,6057743c-67cf-4cbd-a85b-363dba81001f,col151-fa3f27672f1c admin,pending,2026-09-13T02:11:10.746058+00:00,"{""id"":""6057743c-67cf-4cbd-a85b-363dba81001f"",""due_at"":""2045-01-15T04:00:00+00:00"",""status"":""pending"",""created_at"":""2026-09-13T02:11:10.746058+00:00"",""subject_id"":""56f3cf25-84ad-4746-934d-a50e371bf561"",""performed_at"":null,""activity_name"":""col151-fa3f27672f1c admin"",""authority_class"":""facility"",""execution_state"":""none"",""effective_receipt_id"":null,""requirement_version_id"":""7954828e-2856-44ae-8a51-5b4d32ed3c93"",""facility_requirement_id"":""a7da2d96-da69-43b4-bc16-950864034a4f""}",[],[],[],
occurrence,60f410a4-cad5-4752-aa7b-139432cf3134,col151-fa3f27672f1c admin,pending,2026-09-13T02:11:10.746058+00:00,"{""id"":""60f410a4-cad5-4752-aa7b-139432cf3134"",""due_at"":""2045-07-30T03:00:00+00:00"",""status"":""pending"",""created_at"":""2026-09-13T02:11:10.746058+00:00"",""subject_id"":""56f3cf25-84ad-4746-934d-a50e371bf561"",""performed_at"":null,""activity_name"":""col151-fa3f27672f1c admin"",""authority_class"":""facility"",""execution_state"":""none"",""effective_receipt_id"":null,""requirement_version_id"":""7954828e-2856-44ae-8a51-5b4d32ed3c93"",""facility_requirement_id"":""a7da2d96-da69-43b4-bc16-950864034a4f""}",[],[],[],
occurrence,6148947f-3cdd-4cac-968b-d86ba6be1982,col151-fa3f27672f1c admin,pending,2026-09-13T02:11:10.746058+00:00,"{""id"":""6148947f-3cdd-4cac-968b-d86ba6be1982"",""due_at"":""2044-01-17T04:00:00+00:00"",""status"":""pending"",""created_at"":""2026-09-13T02:11:10.746058+00:00"",""subject_id"":""56f3cf25-84ad-4746-934d-a50e371bf561"",""performed_at"":null,""activity_name"":""col151-fa3f27672f1c admin"",""authority_class"":""facility"",""execution_state"":""none"",""effective_receipt_id"":null,""requirement_version_id"":""7954828e-2856-44ae-8a51-5b4d32ed3c93"",""facility_requirement_id"":""a7da2d96-da69-43b4-bc16-950864034a4f""}",[],[],[],
occurrence,622b6f88-1458-4735-8852-06c955bd5142,col151-fa3f27672f1c admin,pending,2026-09-13T02:11:10.746058+00:00,"{""id"":""622b6f88-1458-4735-8852-06c955bd5142"",""due_at"":""2044-02-07T04:00:00+00:00"",""status"":""pending"",""created_at"":""2026-09-13T02:11:10.746058+00:00"",""subject_id"":""56f3cf25-84ad-4746-934d-a50e371bf561"",""performed_at"":null,""activity_name"":""col151-fa3f27672f1c admin"",""authority_class"":""facility"",""execution_state"":""none"",""effective_receipt_id"":null,""requirement_version_id"":""7954828e-2856-44ae-8a51-5b4d32ed3c93"",""facility_requirement_id"":""a7da2d96-da69-43b4-bc16-950864034a4f""}",[],[],[],
occurrence,62d0b0de-13cf-439e-a0de-d0fab71d28e9,col151-fa3f27672f1c admin,pending,2026-09-13T02:11:10.746058+00:00,"{""id"":""62d0b0de-13cf-439e-a0de-d0fab71d28e9"",""due_at"":""2044-08-14T03:00:00+00:00"",""status"":""pending"",""created_at"":""2026-09-13T02:11:10.746058+00:00"",""subject_id"":""56f3cf25-84ad-4746-934d-a50e371bf561"",""performed_at"":null,""activity_name"":""col151-fa3f27672f1c admin"",""authority_class"":""facility"",""execution_state"":""none"",""effective_receipt_id"":null,""requirement_version_id"":""7954828e-2856-44ae-8a51-5b4d32ed3c93"",""facility_requirement_id"":""a7da2d96-da69-43b4-bc16-950864034a4f""}",[],[],[],
occurrence,635333ab-f0db-4213-b13a-3cd660d2a4aa,col151-fa3f27672f1c admin,pending,2026-09-13T02:11:10.746058+00:00,"{""id"":""635333ab-f0db-4213-b13a-3cd660d2a4aa"",""due_at"":""2045-06-25T03:00:00+00:00"",""status"":""pending"",""created_at"":""2026-09-13T02:11:10.746058+00:00"",""subject_id"":""56f3cf25-84ad-4746-934d-a50e371bf561"",""performed_at"":null,""activity_name"":""col151-fa3f27672f1c admin"",""authority_class"":""facility"",""execution_state"":""none"",""effective_receipt_id"":null,""requirement_version_id"":""7954828e-2856-44ae-8a51-5b4d32ed3c93"",""facility_requirement_id"":""a7da2d96-da69-43b4-bc16-950864034a4f""}",[],[],[],
occurrence,635b7604-736e-4447-b8ea-40c9361535d4,col151-fa3f27672f1c admin,pending,2026-09-13T02:11:10.746058+00:00,"{""id"":""635b7604-736e-4447-b8ea-40c9361535d4"",""due_at"":""2045-07-16T03:00:00+00:00"",""status"":""pending"",""created_at"":""2026-09-13T02:11:10.746058+00:00"",""subject_id"":""56f3cf25-84ad-4746-934d-a50e371bf561"",""performed_at"":null,""activity_name"":""col151-fa3f27672f1c admin"",""authority_class"":""facility"",""execution_state"":""none"",""effective_receipt_id"":null,""requirement_version_id"":""7954828e-2856-44ae-8a51-5b4d32ed3c93"",""facility_requirement_id"":""a7da2d96-da69-43b4-bc16-950864034a4f""}",[],[],[],
occurrence,637f648d-a9e9-4eb0-ade6-263e847a72e7,col151-fa3f27672f1c admin,pending,2026-09-13T02:11:10.746058+00:00,"{""id"":""637f648d-a9e9-4eb0-ade6-263e847a72e7"",""due_at"":""2044-07-17T03:00:00+00:00"",""status"":""pending"",""created_at"":""2026-09-13T02:11:10.746058+00:00"",""subject_id"":""56f3cf25-84ad-4746-934d-a50e371bf561"",""performed_at"":null,""activity_name"":""col151-fa3f27672f1c admin"",""authority_class"":""facility"",""execution_state"":""none"",""effective_receipt_id"":null,""requirement_version_id"":""7954828e-2856-44ae-8a51-5b4d32ed3c93"",""facility_requirement_id"":""a7da2d96-da69-43b4-bc16-950864034a4f""}",[],[],[],
occurrence,647705c9-ce4e-4674-991c-11b21a84d04b,col151-fa3f27672f1c admin,pending,2026-09-13T02:11:10.746058+00:00,"{""id"":""647705c9-ce4e-4674-991c-11b21a84d04b"",""due_at"":""2045-06-18T03:00:00+00:00"",""status"":""pending"",""created_at"":""2026-09-13T02:11:10.746058+00:00"",""subject_id"":""56f3cf25-84ad-4746-934d-a50e371bf561"",""performed_at"":null,""activity_name"":""col151-fa3f27672f1c admin"",""authority_class"":""facility"",""execution_state"":""none"",""effective_receipt_id"":null,""requirement_version_id"":""7954828e-2856-44ae-8a51-5b4d32ed3c93"",""facility_requirement_id"":""a7da2d96-da69-43b4-bc16-950864034a4f""}",[],[],[],
occurrence,6574acd2-f154-4987-be5b-67d40788928d,col151-fa3f27672f1c admin,pending,2026-09-13T02:11:10.746058+00:00,"{""id"":""6574acd2-f154-4987-be5b-67d40788928d"",""due_at"":""2045-10-22T03:00:00+00:00"",""status"":""pending"",""created_at"":""2026-09-13T02:11:10.746058+00:00"",""subject_id"":""56f3cf25-84ad-4746-934d-a50e371bf561"",""performed_at"":null,""activity_name"":""col151-fa3f27672f1c admin"",""authority_class"":""facility"",""execution_state"":""none"",""effective_receipt_id"":null,""requirement_version_id"":""7954828e-2856-44ae-8a51-5b4d32ed3c93"",""facility_requirement_id"":""a7da2d96-da69-43b4-bc16-950864034a4f""}",[],[],[],
occurrence,6749507f-52f3-4785-864c-f1272e69929c,col151-fa3f27672f1c admin,pending,2026-09-13T02:11:10.746058+00:00,"{""id"":""6749507f-52f3-4785-864c-f1272e69929c"",""due_at"":""2044-05-22T03:00:00+00:00"",""status"":""pending"",""created_at"":""2026-09-13T02:11:10.746058+00:00"",""subject_id"":""56f3cf25-84ad-4746-934d-a50e371bf561"",""performed_at"":null,""activity_name"":""col151-fa3f27672f1c admin"",""authority_class"":""facility"",""execution_state"":""none"",""effective_receipt_id"":null,""requirement_version_id"":""7954828e-2856-44ae-8a51-5b4d32ed3c93"",""facility_requirement_id"":""a7da2d96-da69-43b4-bc16-950864034a4f""}",[],[],[],
occurrence,6cf6374b-81b9-48c2-90e9-1b5b462da8b6,col151-fa3f27672f1c admin,pending,2026-09-13T02:11:10.746058+00:00,"{""id"":""6cf6374b-81b9-48c2-90e9-1b5b462da8b6"",""due_at"":""2044-12-04T04:00:00+00:00"",""status"":""pending"",""created_at"":""2026-09-13T02:11:10.746058+00:00"",""subject_id"":""56f3cf25-84ad-4746-934d-a50e371bf561"",""performed_at"":null,""activity_name"":""col151-fa3f27672f1c admin"",""authority_class"":""facility"",""execution_state"":""none"",""effective_receipt_id"":null,""requirement_version_id"":""7954828e-2856-44ae-8a51-5b4d32ed3c93"",""facility_requirement_id"":""a7da2d96-da69-43b4-bc16-950864034a4f""}",[],[],[],
occurrence,74f59df2-4154-454e-99bb-6d51489a83b7,col151-fa3f27672f1c admin,pending,2026-09-13T02:11:10.746058+00:00,"{""id"":""74f59df2-4154-454e-99bb-6d51489a83b7"",""due_at"":""2044-09-25T03:00:00+00:00"",""status"":""pending"",""created_at"":""2026-09-13T02:11:10.746058+00:00"",""subject_id"":""56f3cf25-84ad-4746-934d-a50e371bf561"",""performed_at"":null,""activity_name"":""col151-fa3f27672f1c admin"",""authority_class"":""facility"",""execution_state"":""none"",""effective_receipt_id"":null,""requirement_version_id"":""7954828e-2856-44ae-8a51-5b4d32ed3c93"",""facility_requirement_id"":""a7da2d96-da69-43b4-bc16-950864034a4f""}",[],[],[],
occurrence,774b36fb-aa2d-40d7-8663-d91762a6684f,col151-fa3f27672f1c admin,pending,2026-09-13T02:11:10.746058+00:00,"{""id"":""774b36fb-aa2d-40d7-8663-d91762a6684f"",""due_at"":""2045-11-12T04:00:00+00:00"",""status"":""pending"",""created_at"":""2026-09-13T02:11:10.746058+00:00"",""subject_id"":""56f3cf25-84ad-4746-934d-a50e371bf561"",""performed_at"":null,""activity_name"":""col151-fa3f27672f1c admin"",""authority_class"":""facility"",""execution_state"":""none"",""effective_receipt_id"":null,""requirement_version_id"":""7954828e-2856-44ae-8a51-5b4d32ed3c93"",""facility_requirement_id"":""a7da2d96-da69-43b4-bc16-950864034a4f""}",[],[],[],
occurrence,78b52024-4aee-4b4e-a764-d0cde8747227,col151-fa3f27672f1c admin,pending,2026-09-13T02:11:10.746058+00:00,"{""id"":""78b52024-4aee-4b4e-a764-d0cde8747227"",""due_at"":""2044-12-11T04:00:00+00:00"",""status"":""pending"",""created_at"":""2026-09-13T02:11:10.746058+00:00"",""subject_id"":""56f3cf25-84ad-4746-934d-a50e371bf561"",""performed_at"":null,""activity_name"":""col151-fa3f27672f1c admin"",""authority_class"":""facility"",""execution_state"":""none"",""effective_receipt_id"":null,""requirement_version_id"":""7954828e-2856-44ae-8a51-5b4d32ed3c93"",""facility_requirement_id"":""a7da2d96-da69-43b4-bc16-950864034a4f""}",[],[],[],
occurrence,7aba8532-54a5-451e-9baf-bb453ca45caf,col151-fa3f27672f1c admin,pending,2026-09-13T02:11:10.746058+00:00,"{""id"":""7aba8532-54a5-451e-9baf-bb453ca45caf"",""due_at"":""2043-12-20T04:00:00+00:00"",""status"":""pending"",""created_at"":""2026-09-13T02:11:10.746058+00:00"",""subject_id"":""56f3cf25-84ad-4746-934d-a50e371bf561"",""performed_at"":null,""activity_name"":""col151-fa3f27672f1c admin"",""authority_class"":""facility"",""execution_state"":""none"",""effective_receipt_id"":null,""requirement_version_id"":""7954828e-2856-44ae-8a51-5b4d32ed3c93"",""facility_requirement_id"":""a7da2d96-da69-43b4-bc16-950864034a4f""}",[],[],[],
occurrence,7b11001e-3b36-4f19-8b4f-f3088da59079,col151-fa3f27672f1c admin,pending,2026-09-13T02:11:10.746058+00:00,"{""id"":""7b11001e-3b36-4f19-8b4f-f3088da59079"",""due_at"":""2044-08-28T03:00:00+00:00"",""status"":""pending"",""created_at"":""2026-09-13T02:11:10.746058+00:00"",""subject_id"":""56f3cf25-84ad-4746-934d-a50e371bf561"",""performed_at"":null,""activity_name"":""col151-fa3f27672f1c admin"",""authority_class"":""facility"",""execution_state"":""none"",""effective_receipt_id"":null,""requirement_version_id"":""7954828e-2856-44ae-8a51-5b4d32ed3c93"",""facility_requirement_id"":""a7da2d96-da69-43b4-bc16-950864034a4f""}",[],[],[],
occurrence,7b36836d-6698-4cfe-9efe-91c7b1453856,col151-fa3f27672f1c admin,pending,2026-09-13T02:11:10.746058+00:00,"{""id"":""7b36836d-6698-4cfe-9efe-91c7b1453856"",""due_at"":""2044-02-14T04:00:00+00:00"",""status"":""pending"",""created_at"":""2026-09-13T02:11:10.746058+00:00"",""subject_id"":""56f3cf25-84ad-4746-934d-a50e371bf561"",""performed_at"":null,""activity_name"":""col151-fa3f27672f1c admin"",""authority_class"":""facility"",""execution_state"":""none"",""effective_receipt_id"":null,""requirement_version_id"":""7954828e-2856-44ae-8a51-5b4d32ed3c93"",""facility_requirement_id"":""a7da2d96-da69-43b4-bc16-950864034a4f""}",[],[],[],
occurrence,7b7f8cd6-fecd-4f9d-8ac7-050324e77c8a,col151-fa3f27672f1c admin,pending,2026-09-13T02:11:10.746058+00:00,"{""id"":""7b7f8cd6-fecd-4f9d-8ac7-050324e77c8a"",""due_at"":""2044-08-07T03:00:00+00:00"",""status"":""pending"",""created_at"":""2026-09-13T02:11:10.746058+00:00"",""subject_id"":""56f3cf25-84ad-4746-934d-a50e371bf561"",""performed_at"":null,""activity_name"":""col151-fa3f27672f1c admin"",""authority_class"":""facility"",""execution_state"":""none"",""effective_receipt_id"":null,""requirement_version_id"":""7954828e-2856-44ae-8a51-5b4d32ed3c93"",""facility_requirement_id"":""a7da2d96-da69-43b4-bc16-950864034a4f""}",[],[],[],
occurrence,7f3c7c3f-708e-4692-8bd3-ea4a8dd87516,col151-fa3f27672f1c admin,pending,2026-09-13T02:11:10.746058+00:00,"{""id"":""7f3c7c3f-708e-4692-8bd3-ea4a8dd87516"",""due_at"":""2044-11-13T04:00:00+00:00"",""status"":""pending"",""created_at"":""2026-09-13T02:11:10.746058+00:00"",""subject_id"":""56f3cf25-84ad-4746-934d-a50e371bf561"",""performed_at"":null,""activity_name"":""col151-fa3f27672f1c admin"",""authority_class"":""facility"",""execution_state"":""none"",""effective_receipt_id"":null,""requirement_version_id"":""7954828e-2856-44ae-8a51-5b4d32ed3c93"",""facility_requirement_id"":""a7da2d96-da69-43b4-bc16-950864034a4f""}",[],[],[],
occurrence,8123ee36-a71c-48e4-9e84-0ebd00653295,col151-fa3f27672f1c admin,pending,2026-09-13T02:11:10.746058+00:00,"{""id"":""8123ee36-a71c-48e4-9e84-0ebd00653295"",""due_at"":""2044-04-17T03:00:00+00:00"",""status"":""pending"",""created_at"":""2026-09-13T02:11:10.746058+00:00"",""subject_id"":""56f3cf25-84ad-4746-934d-a50e371bf561"",""performed_at"":null,""activity_name"":""col151-fa3f27672f1c admin"",""authority_class"":""facility"",""execution_state"":""none"",""effective_receipt_id"":null,""requirement_version_id"":""7954828e-2856-44ae-8a51-5b4d32ed3c93"",""facility_requirement_id"":""a7da2d96-da69-43b4-bc16-950864034a4f""}",[],[],[],
occurrence,8169c40b-55c0-4e7b-a2b6-162031fdce37,col151-fa3f27672f1c admin,pending,2026-09-13T02:11:10.746058+00:00,"{""id"":""8169c40b-55c0-4e7b-a2b6-162031fdce37"",""due_at"":""2044-09-04T03:00:00+00:00"",""status"":""pending"",""created_at"":""2026-09-13T02:11:10.746058+00:00"",""subject_id"":""56f3cf25-84ad-4746-934d-a50e371bf561"",""performed_at"":null,""activity_name"":""col151-fa3f27672f1c admin"",""authority_class"":""facility"",""execution_state"":""none"",""effective_receipt_id"":null,""requirement_version_id"":""7954828e-2856-44ae-8a51-5b4d32ed3c93"",""facility_requirement_id"":""a7da2d96-da69-43b4-bc16-950864034a4f""}",[],[],[],
occurrence,8214adef-ac1b-4cd0-bd8a-0e3363c71ab6,col151-fa3f27672f1c admin,pending,2026-09-13T02:11:10.746058+00:00,"{""id"":""8214adef-ac1b-4cd0-bd8a-0e3363c71ab6"",""due_at"":""2045-04-23T03:00:00+00:00"",""status"":""pending"",""created_at"":""2026-09-13T02:11:10.746058+00:00"",""subject_id"":""56f3cf25-84ad-4746-934d-a50e371bf561"",""performed_at"":null,""activity_name"":""col151-fa3f27672f1c admin"",""authority_class"":""facility"",""execution_state"":""none"",""effective_receipt_id"":null,""requirement_version_id"":""7954828e-2856-44ae-8a51-5b4d32ed3c93"",""facility_requirement_id"":""a7da2d96-da69-43b4-bc16-950864034a4f""}",[],[],[],
occurrence,846276ae-42e3-4a4e-98b0-e2b91502f5e0,col151-fa3f27672f1c admin,pending,2026-09-13T02:11:10.746058+00:00,"{""id"":""846276ae-42e3-4a4e-98b0-e2b91502f5e0"",""due_at"":""2045-07-23T03:00:00+00:00"",""status"":""pending"",""created_at"":""2026-09-13T02:11:10.746058+00:00"",""subject_id"":""56f3cf25-84ad-4746-934d-a50e371bf561"",""performed_at"":null,""activity_name"":""col151-fa3f27672f1c admin"",""authority_class"":""facility"",""execution_state"":""none"",""effective_receipt_id"":null,""requirement_version_id"":""7954828e-2856-44ae-8a51-5b4d32ed3c93"",""facility_requirement_id"":""a7da2d96-da69-43b4-bc16-950864034a4f""}",[],[],[],
occurrence,8526af7e-e196-46a2-8f28-3f25e7815aea,col151-fa3f27672f1c admin,pending,2026-09-13T02:11:10.746058+00:00,"{""id"":""8526af7e-e196-46a2-8f28-3f25e7815aea"",""due_at"":""2044-02-21T04:00:00+00:00"",""status"":""pending"",""created_at"":""2026-09-13T02:11:10.746058+00:00"",""subject_id"":""56f3cf25-84ad-4746-934d-a50e371bf561"",""performed_at"":null,""activity_name"":""col151-fa3f27672f1c admin"",""authority_class"":""facility"",""execution_state"":""none"",""effective_receipt_id"":null,""requirement_version_id"":""7954828e-2856-44ae-8a51-5b4d32ed3c93"",""facility_requirement_id"":""a7da2d96-da69-43b4-bc16-950864034a4f""}",[],[],[],
occurrence,8b0347df-4faa-4c6b-a07d-cfe8a195a2b6,col151-fa3f27672f1c admin,pending,2026-09-13T02:11:10.746058+00:00,"{""id"":""8b0347df-4faa-4c6b-a07d-cfe8a195a2b6"",""due_at"":""2045-06-11T03:00:00+00:00"",""status"":""pending"",""created_at"":""2026-09-13T02:11:10.746058+00:00"",""subject_id"":""56f3cf25-84ad-4746-934d-a50e371bf561"",""performed_at"":null,""activity_name"":""col151-fa3f27672f1c admin"",""authority_class"":""facility"",""execution_state"":""none"",""effective_receipt_id"":null,""requirement_version_id"":""7954828e-2856-44ae-8a51-5b4d32ed3c93"",""facility_requirement_id"":""a7da2d96-da69-43b4-bc16-950864034a4f""}",[],[],[],
occurrence,8b7b7400-9c8b-4537-aa1d-75f385b6f142,col151-fa3f27672f1c admin,pending,2026-09-13T02:11:10.746058+00:00,"{""id"":""8b7b7400-9c8b-4537-aa1d-75f385b6f142"",""due_at"":""2045-04-30T03:00:00+00:00"",""status"":""pending"",""created_at"":""2026-09-13T02:11:10.746058+00:00"",""subject_id"":""56f3cf25-84ad-4746-934d-a50e371bf561"",""performed_at"":null,""activity_name"":""col151-fa3f27672f1c admin"",""authority_class"":""facility"",""execution_state"":""none"",""effective_receipt_id"":null,""requirement_version_id"":""7954828e-2856-44ae-8a51-5b4d32ed3c93"",""facility_requirement_id"":""a7da2d96-da69-43b4-bc16-950864034a4f""}",[],[],[],
occurrence,96368687-5cb9-45ec-8995-7cd9f33fecd7,col151-fa3f27672f1c admin,pending,2026-09-13T02:11:10.746058+00:00,"{""id"":""96368687-5cb9-45ec-8995-7cd9f33fecd7"",""due_at"":""2045-08-27T03:00:00+00:00"",""status"":""pending"",""created_at"":""2026-09-13T02:11:10.746058+00:00"",""subject_id"":""56f3cf25-84ad-4746-934d-a50e371bf561"",""performed_at"":null,""activity_name"":""col151-fa3f27672f1c admin"",""authority_class"":""facility"",""execution_state"":""none"",""effective_receipt_id"":null,""requirement_version_id"":""7954828e-2856-44ae-8a51-5b4d32ed3c93"",""facility_requirement_id"":""a7da2d96-da69-43b4-bc16-950864034a4f""}",[],[],[],
occurrence,96f53745-1f46-45ed-a20f-64fc43b888a0,col151-fa3f27672f1c admin,pending,2026-09-13T02:11:10.746058+00:00,"{""id"":""96f53745-1f46-45ed-a20f-64fc43b888a0"",""due_at"":""2044-10-02T03:00:00+00:00"",""status"":""pending"",""created_at"":""2026-09-13T02:11:10.746058+00:00"",""subject_id"":""56f3cf25-84ad-4746-934d-a50e371bf561"",""performed_at"":null,""activity_name"":""col151-fa3f27672f1c admin"",""authority_class"":""facility"",""execution_state"":""none"",""effective_receipt_id"":null,""requirement_version_id"":""7954828e-2856-44ae-8a51-5b4d32ed3c93"",""facility_requirement_id"":""a7da2d96-da69-43b4-bc16-950864034a4f""}",[],[],[],
occurrence,98ed60aa-8f39-42a4-a76b-acc34f6adf69,col151-fa3f27672f1c admin,pending,2026-09-13T02:11:10.746058+00:00,"{""id"":""98ed60aa-8f39-42a4-a76b-acc34f6adf69"",""due_at"":""2044-09-11T03:00:00+00:00"",""status"":""pending"",""created_at"":""2026-09-13T02:11:10.746058+00:00"",""subject_id"":""56f3cf25-84ad-4746-934d-a50e371bf561"",""performed_at"":null,""activity_name"":""col151-fa3f27672f1c admin"",""authority_class"":""facility"",""execution_state"":""none"",""effective_receipt_id"":null,""requirement_version_id"":""7954828e-2856-44ae-8a51-5b4d32ed3c93"",""facility_requirement_id"":""a7da2d96-da69-43b4-bc16-950864034a4f""}",[],[],[],
occurrence,9ae6b08d-4db1-4275-b028-1729da9c9b3c,col151-fa3f27672f1c admin,pending,2026-09-13T02:11:10.746058+00:00,"{""id"":""9ae6b08d-4db1-4275-b028-1729da9c9b3c"",""due_at"":""2044-05-29T03:00:00+00:00"",""status"":""pending"",""created_at"":""2026-09-13T02:11:10.746058+00:00"",""subject_id"":""56f3cf25-84ad-4746-934d-a50e371bf561"",""performed_at"":null,""activity_name"":""col151-fa3f27672f1c admin"",""authority_class"":""facility"",""execution_state"":""none"",""effective_receipt_id"":null,""requirement_version_id"":""7954828e-2856-44ae-8a51-5b4d32ed3c93"",""facility_requirement_id"":""a7da2d96-da69-43b4-bc16-950864034a4f""}",[],[],[],
occurrence,9e9fffe0-f831-4802-acf6-8ceb1acd5a1d,col151-fa3f27672f1c admin,pending,2026-09-13T02:11:10.746058+00:00,"{""id"":""9e9fffe0-f831-4802-acf6-8ceb1acd5a1d"",""due_at"":""2045-05-21T03:00:00+00:00"",""status"":""pending"",""created_at"":""2026-09-13T02:11:10.746058+00:00"",""subject_id"":""56f3cf25-84ad-4746-934d-a50e371bf561"",""performed_at"":null,""activity_name"":""col151-fa3f27672f1c admin"",""authority_class"":""facility"",""execution_state"":""none"",""effective_receipt_id"":null,""requirement_version_id"":""7954828e-2856-44ae-8a51-5b4d32ed3c93"",""facility_requirement_id"":""a7da2d96-da69-43b4-bc16-950864034a4f""}",[],[],[],
occurrence,9ee66ed6-e42b-491d-9cbc-9fea2b21a0f9,col151-fa3f27672f1c admin,pending,2026-09-13T02:11:10.746058+00:00,"{""id"":""9ee66ed6-e42b-491d-9cbc-9fea2b21a0f9"",""due_at"":""2044-09-18T03:00:00+00:00"",""status"":""pending"",""created_at"":""2026-09-13T02:11:10.746058+00:00"",""subject_id"":""56f3cf25-84ad-4746-934d-a50e371bf561"",""performed_at"":null,""activity_name"":""col151-fa3f27672f1c admin"",""authority_class"":""facility"",""execution_state"":""none"",""effective_receipt_id"":null,""requirement_version_id"":""7954828e-2856-44ae-8a51-5b4d32ed3c93"",""facility_requirement_id"":""a7da2d96-da69-43b4-bc16-950864034a4f""}",[],[],[],
occurrence,a7161b66-2733-40d8-a1b8-23bab143d325,col151-fa3f27672f1c admin,pending,2026-09-13T02:11:10.746058+00:00,"{""id"":""a7161b66-2733-40d8-a1b8-23bab143d325"",""due_at"":""2045-01-08T04:00:00+00:00"",""status"":""pending"",""created_at"":""2026-09-13T02:11:10.746058+00:00"",""subject_id"":""56f3cf25-84ad-4746-934d-a50e371bf561"",""performed_at"":null,""activity_name"":""col151-fa3f27672f1c admin"",""authority_class"":""facility"",""execution_state"":""none"",""effective_receipt_id"":null,""requirement_version_id"":""7954828e-2856-44ae-8a51-5b4d32ed3c93"",""facility_requirement_id"":""a7da2d96-da69-43b4-bc16-950864034a4f""}",[],[],[],
occurrence,a81a4573-9d7d-4472-9a65-34ebeeb4c8f4,col151-fa3f27672f1c admin,pending,2026-09-13T02:11:10.746058+00:00,"{""id"":""a81a4573-9d7d-4472-9a65-34ebeeb4c8f4"",""due_at"":""2045-05-14T03:00:00+00:00"",""status"":""pending"",""created_at"":""2026-09-13T02:11:10.746058+00:00"",""subject_id"":""56f3cf25-84ad-4746-934d-a50e371bf561"",""performed_at"":null,""activity_name"":""col151-fa3f27672f1c admin"",""authority_class"":""facility"",""execution_state"":""none"",""effective_receipt_id"":null,""requirement_version_id"":""7954828e-2856-44ae-8a51-5b4d32ed3c93"",""facility_requirement_id"":""a7da2d96-da69-43b4-bc16-950864034a4f""}",[],[],[],
occurrence,ad2743da-cee9-4d62-a3b5-c9a79ecb88cd,col151-fa3f27672f1c admin,pending,2026-09-13T02:11:10.746058+00:00,"{""id"":""ad2743da-cee9-4d62-a3b5-c9a79ecb88cd"",""due_at"":""2045-11-05T03:00:00+00:00"",""status"":""pending"",""created_at"":""2026-09-13T02:11:10.746058+00:00"",""subject_id"":""56f3cf25-84ad-4746-934d-a50e371bf561"",""performed_at"":null,""activity_name"":""col151-fa3f27672f1c admin"",""authority_class"":""facility"",""execution_state"":""none"",""effective_receipt_id"":null,""requirement_version_id"":""7954828e-2856-44ae-8a51-5b4d32ed3c93"",""facility_requirement_id"":""a7da2d96-da69-43b4-bc16-950864034a4f""}",[],[],[],
occurrence,ae48d973-f769-42d9-b0a3-45bf698e4310,col151-fa3f27672f1c admin,pending,2026-09-13T02:11:10.746058+00:00,"{""id"":""ae48d973-f769-42d9-b0a3-45bf698e4310"",""due_at"":""2044-01-10T04:00:00+00:00"",""status"":""pending"",""created_at"":""2026-09-13T02:11:10.746058+00:00"",""subject_id"":""56f3cf25-84ad-4746-934d-a50e371bf561"",""performed_at"":null,""activity_name"":""col151-fa3f27672f1c admin"",""authority_class"":""facility"",""execution_state"":""none"",""effective_receipt_id"":null,""requirement_version_id"":""7954828e-2856-44ae-8a51-5b4d32ed3c93"",""facility_requirement_id"":""a7da2d96-da69-43b4-bc16-950864034a4f""}",[],[],[],
occurrence,b09e7daa-591d-4593-97f3-437bd3a7c05e,col151-fa3f27672f1c admin,pending,2026-09-13T02:11:10.746058+00:00,"{""id"":""b09e7daa-591d-4593-97f3-437bd3a7c05e"",""due_at"":""2045-10-15T03:00:00+00:00"",""status"":""pending"",""created_at"":""2026-09-13T02:11:10.746058+00:00"",""subject_id"":""56f3cf25-84ad-4746-934d-a50e371bf561"",""performed_at"":null,""activity_name"":""col151-fa3f27672f1c admin"",""authority_class"":""facility"",""execution_state"":""none"",""effective_receipt_id"":null,""requirement_version_id"":""7954828e-2856-44ae-8a51-5b4d32ed3c93"",""facility_requirement_id"":""a7da2d96-da69-43b4-bc16-950864034a4f""}",[],[],[],
occurrence,b115559a-0d51-4fb1-8356-f930893c0b50,col151-fa3f27672f1c admin,pending,2026-09-13T02:11:10.746058+00:00,"{""id"":""b115559a-0d51-4fb1-8356-f930893c0b50"",""due_at"":""2044-02-28T04:00:00+00:00"",""status"":""pending"",""created_at"":""2026-09-13T02:11:10.746058+00:00"",""subject_id"":""56f3cf25-84ad-4746-934d-a50e371bf561"",""performed_at"":null,""activity_name"":""col151-fa3f27672f1c admin"",""authority_class"":""facility"",""execution_state"":""none"",""effective_receipt_id"":null,""requirement_version_id"":""7954828e-2856-44ae-8a51-5b4d32ed3c93"",""facility_requirement_id"":""a7da2d96-da69-43b4-bc16-950864034a4f""}",[],[],[],
occurrence,b1b91050-7c61-4c38-9691-16f3b509e809,col151-fa3f27672f1c admin,pending,2026-09-13T02:11:10.746058+00:00,"{""id"":""b1b91050-7c61-4c38-9691-16f3b509e809"",""due_at"":""2044-03-20T03:00:00+00:00"",""status"":""pending"",""created_at"":""2026-09-13T02:11:10.746058+00:00"",""subject_id"":""56f3cf25-84ad-4746-934d-a50e371bf561"",""performed_at"":null,""activity_name"":""col151-fa3f27672f1c admin"",""authority_class"":""facility"",""execution_state"":""none"",""effective_receipt_id"":null,""requirement_version_id"":""7954828e-2856-44ae-8a51-5b4d32ed3c93"",""facility_requirement_id"":""a7da2d96-da69-43b4-bc16-950864034a4f""}",[],[],[],
occurrence,b222567e-4a13-4e0a-bcc0-1d44a40b0fd6,col151-fa3f27672f1c admin,pending,2026-09-13T02:11:10.746058+00:00,"{""id"":""b222567e-4a13-4e0a-bcc0-1d44a40b0fd6"",""due_at"":""2045-05-07T03:00:00+00:00"",""status"":""pending"",""created_at"":""2026-09-13T02:11:10.746058+00:00"",""subject_id"":""56f3cf25-84ad-4746-934d-a50e371bf561"",""performed_at"":null,""activity_name"":""col151-fa3f27672f1c admin"",""authority_class"":""facility"",""execution_state"":""none"",""effective_receipt_id"":null,""requirement_version_id"":""7954828e-2856-44ae-8a51-5b4d32ed3c93"",""facility_requirement_id"":""a7da2d96-da69-43b4-bc16-950864034a4f""}",[],[],[],
occurrence,b5337720-c85f-4a61-8b71-86a208b00856,col151-fa3f27672f1c admin,pending,2026-09-13T02:11:10.746058+00:00,"{""id"":""b5337720-c85f-4a61-8b71-86a208b00856"",""due_at"":""2045-03-26T03:00:00+00:00"",""status"":""pending"",""created_at"":""2026-09-13T02:11:10.746058+00:00"",""subject_id"":""56f3cf25-84ad-4746-934d-a50e371bf561"",""performed_at"":null,""activity_name"":""col151-fa3f27672f1c admin"",""authority_class"":""facility"",""execution_state"":""none"",""effective_receipt_id"":null,""requirement_version_id"":""7954828e-2856-44ae-8a51-5b4d32ed3c93"",""facility_requirement_id"":""a7da2d96-da69-43b4-bc16-950864034a4f""}",[],[],[],
occurrence,be44ed0f-74eb-4522-8e96-1685bfff22e7,col151-fa3f27672f1c admin,pending,2026-09-13T02:11:10.746058+00:00,"{""id"":""be44ed0f-74eb-4522-8e96-1685bfff22e7"",""due_at"":""2044-10-09T03:00:00+00:00"",""status"":""pending"",""created_at"":""2026-09-13T02:11:10.746058+00:00"",""subject_id"":""56f3cf25-84ad-4746-934d-a50e371bf561"",""performed_at"":null,""activity_name"":""col151-fa3f27672f1c admin"",""authority_class"":""facility"",""execution_state"":""none"",""effective_receipt_id"":null,""requirement_version_id"":""7954828e-2856-44ae-8a51-5b4d32ed3c93"",""facility_requirement_id"":""a7da2d96-da69-43b4-bc16-950864034a4f""}",[],[],[],
occurrence,c000bf38-a2dd-4357-96b5-17a4e8108deb,col151-fa3f27672f1c admin,pending,2026-09-13T02:11:10.746058+00:00,"{""id"":""c000bf38-a2dd-4357-96b5-17a4e8108deb"",""due_at"":""2044-03-13T04:00:00+00:00"",""status"":""pending"",""created_at"":""2026-09-13T02:11:10.746058+00:00"",""subject_id"":""56f3cf25-84ad-4746-934d-a50e371bf561"",""performed_at"":null,""activity_name"":""col151-fa3f27672f1c admin"",""authority_class"":""facility"",""execution_state"":""none"",""effective_receipt_id"":null,""requirement_version_id"":""7954828e-2856-44ae-8a51-5b4d32ed3c93"",""facility_requirement_id"":""a7da2d96-da69-43b4-bc16-950864034a4f""}",[],[],[],
occurrence,c5a3eb30-7a56-4abe-b577-031c4f201ac8,col151-fa3f27672f1c admin,pending,2026-09-13T02:11:10.746058+00:00,"{""id"":""c5a3eb30-7a56-4abe-b577-031c4f201ac8"",""due_at"":""2045-10-08T03:00:00+00:00"",""status"":""pending"",""created_at"":""2026-09-13T02:11:10.746058+00:00"",""subject_id"":""56f3cf25-84ad-4746-934d-a50e371bf561"",""performed_at"":null,""activity_name"":""col151-fa3f27672f1c admin"",""authority_class"":""facility"",""execution_state"":""none"",""effective_receipt_id"":null,""requirement_version_id"":""7954828e-2856-44ae-8a51-5b4d32ed3c93"",""facility_requirement_id"":""a7da2d96-da69-43b4-bc16-950864034a4f""}",[],[],[],
occurrence,c950f4ed-b4c7-42ff-b746-7dc7f70ab19c,col151-fa3f27672f1c admin,pending,2026-09-13T02:11:10.746058+00:00,"{""id"":""c950f4ed-b4c7-42ff-b746-7dc7f70ab19c"",""due_at"":""2044-01-03T04:00:00+00:00"",""status"":""pending"",""created_at"":""2026-09-13T02:11:10.746058+00:00"",""subject_id"":""56f3cf25-84ad-4746-934d-a50e371bf561"",""performed_at"":null,""activity_name"":""col151-fa3f27672f1c admin"",""authority_class"":""facility"",""execution_state"":""none"",""effective_receipt_id"":null,""requirement_version_id"":""7954828e-2856-44ae-8a51-5b4d32ed3c93"",""facility_requirement_id"":""a7da2d96-da69-43b4-bc16-950864034a4f""}",[],[],[],
occurrence,cc398756-e2c5-4e60-b611-8b50a8b37995,col151-fa3f27672f1c admin,pending,2026-09-13T02:11:10.746058+00:00,"{""id"":""cc398756-e2c5-4e60-b611-8b50a8b37995"",""due_at"":""2045-06-04T03:00:00+00:00"",""status"":""pending"",""created_at"":""2026-09-13T02:11:10.746058+00:00"",""subject_id"":""56f3cf25-84ad-4746-934d-a50e371bf561"",""performed_at"":null,""activity_name"":""col151-fa3f27672f1c admin"",""authority_class"":""facility"",""execution_state"":""none"",""effective_receipt_id"":null,""requirement_version_id"":""7954828e-2856-44ae-8a51-5b4d32ed3c93"",""facility_requirement_id"":""a7da2d96-da69-43b4-bc16-950864034a4f""}",[],[],[],
occurrence,d2040d48-2921-4946-9bcc-fdbead05843e,col151-fa3f27672f1c admin,pending,2026-09-13T02:11:10.746058+00:00,"{""id"":""d2040d48-2921-4946-9bcc-fdbead05843e"",""due_at"":""2045-03-05T04:00:00+00:00"",""status"":""pending"",""created_at"":""2026-09-13T02:11:10.746058+00:00"",""subject_id"":""56f3cf25-84ad-4746-934d-a50e371bf561"",""performed_at"":null,""activity_name"":""col151-fa3f27672f1c admin"",""authority_class"":""facility"",""execution_state"":""none"",""effective_receipt_id"":null,""requirement_version_id"":""7954828e-2856-44ae-8a51-5b4d32ed3c93"",""facility_requirement_id"":""a7da2d96-da69-43b4-bc16-950864034a4f""}",[],[],[],
occurrence,d25374e1-c99f-4ecb-a3d6-90258314bb85,col151-fa3f27672f1c admin,pending,2026-09-13T02:11:10.746058+00:00,"{""id"":""d25374e1-c99f-4ecb-a3d6-90258314bb85"",""due_at"":""2044-01-24T04:00:00+00:00"",""status"":""pending"",""created_at"":""2026-09-13T02:11:10.746058+00:00"",""subject_id"":""56f3cf25-84ad-4746-934d-a50e371bf561"",""performed_at"":null,""activity_name"":""col151-fa3f27672f1c admin"",""authority_class"":""facility"",""execution_state"":""none"",""effective_receipt_id"":null,""requirement_version_id"":""7954828e-2856-44ae-8a51-5b4d32ed3c93"",""facility_requirement_id"":""a7da2d96-da69-43b4-bc16-950864034a4f""}",[],[],[],
occurrence,d4a9c411-8dc1-4c33-919d-f5386745f2e9,col151-fa3f27672f1c admin,pending,2026-09-13T02:11:10.746058+00:00,"{""id"":""d4a9c411-8dc1-4c33-919d-f5386745f2e9"",""due_at"":""2045-02-26T04:00:00+00:00"",""status"":""pending"",""created_at"":""2026-09-13T02:11:10.746058+00:00"",""subject_id"":""56f3cf25-84ad-4746-934d-a50e371bf561"",""performed_at"":null,""activity_name"":""col151-fa3f27672f1c admin"",""authority_class"":""facility"",""execution_state"":""none"",""effective_receipt_id"":null,""requirement_version_id"":""7954828e-2856-44ae-8a51-5b4d32ed3c93"",""facility_requirement_id"":""a7da2d96-da69-43b4-bc16-950864034a4f""}",[],[],[],
occurrence,d79ee213-ccba-4cbd-b060-d713a172d83f,col151-fa3f27672f1c admin,pending,2026-09-13T02:11:10.746058+00:00,"{""id"":""d79ee213-ccba-4cbd-b060-d713a172d83f"",""due_at"":""2044-06-05T03:00:00+00:00"",""status"":""pending"",""created_at"":""2026-09-13T02:11:10.746058+00:00"",""subject_id"":""56f3cf25-84ad-4746-934d-a50e371bf561"",""performed_at"":null,""activity_name"":""col151-fa3f27672f1c admin"",""authority_class"":""facility"",""execution_state"":""none"",""effective_receipt_id"":null,""requirement_version_id"":""7954828e-2856-44ae-8a51-5b4d32ed3c93"",""facility_requirement_id"":""a7da2d96-da69-43b4-bc16-950864034a4f""}",[],[],[],
occurrence,dacd9556-e83d-4392-825f-1015ed73e9d6,col151-fa3f27672f1c admin,pending,2026-09-13T02:11:10.746058+00:00,"{""id"":""dacd9556-e83d-4392-825f-1015ed73e9d6"",""due_at"":""2044-11-20T04:00:00+00:00"",""status"":""pending"",""created_at"":""2026-09-13T02:11:10.746058+00:00"",""subject_id"":""56f3cf25-84ad-4746-934d-a50e371bf561"",""performed_at"":null,""activity_name"":""col151-fa3f27672f1c admin"",""authority_class"":""facility"",""execution_state"":""none"",""effective_receipt_id"":null,""requirement_version_id"":""7954828e-2856-44ae-8a51-5b4d32ed3c93"",""facility_requirement_id"":""a7da2d96-da69-43b4-bc16-950864034a4f""}",[],[],[],
occurrence,dd1b01fb-1d8c-4352-90e0-3cb27ae6e4f4,col151-fa3f27672f1c admin,pending,2026-09-13T02:11:10.746058+00:00,"{""id"":""dd1b01fb-1d8c-4352-90e0-3cb27ae6e4f4"",""due_at"":""2045-02-05T04:00:00+00:00"",""status"":""pending"",""created_at"":""2026-09-13T02:11:10.746058+00:00"",""subject_id"":""56f3cf25-84ad-4746-934d-a50e371bf561"",""performed_at"":null,""activity_name"":""col151-fa3f27672f1c admin"",""authority_class"":""facility"",""execution_state"":""none"",""effective_receipt_id"":null,""requirement_version_id"":""7954828e-2856-44ae-8a51-5b4d32ed3c93"",""facility_requirement_id"":""a7da2d96-da69-43b4-bc16-950864034a4f""}",[],[],[],
occurrence,e1e3ed68-1bfc-4fdb-9dd0-ea742ee24a1f,col151-fa3f27672f1c admin,pending,2026-09-13T02:11:10.746058+00:00,"{""id"":""e1e3ed68-1bfc-4fdb-9dd0-ea742ee24a1f"",""due_at"":""2045-08-06T03:00:00+00:00"",""status"":""pending"",""created_at"":""2026-09-13T02:11:10.746058+00:00"",""subject_id"":""56f3cf25-84ad-4746-934d-a50e371bf561"",""performed_at"":null,""activity_name"":""col151-fa3f27672f1c admin"",""authority_class"":""facility"",""execution_state"":""none"",""effective_receipt_id"":null,""requirement_version_id"":""7954828e-2856-44ae-8a51-5b4d32ed3c93"",""facility_requirement_id"":""a7da2d96-da69-43b4-bc16-950864034a4f""}",[],[],[],
occurrence,e30e0c95-deec-4c79-882c-c62b712b4b7a,col151-fa3f27672f1c admin,pending,2026-09-13T02:11:10.746058+00:00,"{""id"":""e30e0c95-deec-4c79-882c-c62b712b4b7a"",""due_at"":""2044-03-06T04:00:00+00:00"",""status"":""pending"",""created_at"":""2026-09-13T02:11:10.746058+00:00"",""subject_id"":""56f3cf25-84ad-4746-934d-a50e371bf561"",""performed_at"":null,""activity_name"":""col151-fa3f27672f1c admin"",""authority_class"":""facility"",""execution_state"":""none"",""effective_receipt_id"":null,""requirement_version_id"":""7954828e-2856-44ae-8a51-5b4d32ed3c93"",""facility_requirement_id"":""a7da2d96-da69-43b4-bc16-950864034a4f""}",[],[],[],
occurrence,e3f4e683-a6d4-4c01-99a0-cb4fe712810e,col151-fa3f27672f1c admin,pending,2026-09-13T02:11:10.746058+00:00,"{""id"":""e3f4e683-a6d4-4c01-99a0-cb4fe712810e"",""due_at"":""2045-10-01T03:00:00+00:00"",""status"":""pending"",""created_at"":""2026-09-13T02:11:10.746058+00:00"",""subject_id"":""56f3cf25-84ad-4746-934d-a50e371bf561"",""performed_at"":null,""activity_name"":""col151-fa3f27672f1c admin"",""authority_class"":""facility"",""execution_state"":""none"",""effective_receipt_id"":null,""requirement_version_id"":""7954828e-2856-44ae-8a51-5b4d32ed3c93"",""facility_requirement_id"":""a7da2d96-da69-43b4-bc16-950864034a4f""}",[],[],[],
occurrence,eef4255b-eb8d-444e-8b03-473c4585cf1c,col151-fa3f27672f1c admin,pending,2026-09-13T02:11:10.746058+00:00,"{""id"":""eef4255b-eb8d-444e-8b03-473c4585cf1c"",""due_at"":""2044-11-27T04:00:00+00:00"",""status"":""pending"",""created_at"":""2026-09-13T02:11:10.746058+00:00"",""subject_id"":""56f3cf25-84ad-4746-934d-a50e371bf561"",""performed_at"":null,""activity_name"":""col151-fa3f27672f1c admin"",""authority_class"":""facility"",""execution_state"":""none"",""effective_receipt_id"":null,""requirement_version_id"":""7954828e-2856-44ae-8a51-5b4d32ed3c93"",""facility_requirement_id"":""a7da2d96-da69-43b4-bc16-950864034a4f""}",[],[],[],
occurrence,ef7fb773-5b48-4b1e-b2cc-3690bc9c5107,col151-fa3f27672f1c admin,pending,2026-09-13T02:11:10.746058+00:00,"{""id"":""ef7fb773-5b48-4b1e-b2cc-3690bc9c5107"",""due_at"":""2044-06-12T03:00:00+00:00"",""status"":""pending"",""created_at"":""2026-09-13T02:11:10.746058+00:00"",""subject_id"":""56f3cf25-84ad-4746-934d-a50e371bf561"",""performed_at"":null,""activity_name"":""col151-fa3f27672f1c admin"",""authority_class"":""facility"",""execution_state"":""none"",""effective_receipt_id"":null,""requirement_version_id"":""7954828e-2856-44ae-8a51-5b4d32ed3c93"",""facility_requirement_id"":""a7da2d96-da69-43b4-bc16-950864034a4f""}",[],[],[],
occurrence,f2a09c95-8058-4372-b645-786239fcde8b,col151-fa3f27672f1c admin,pending,2026-09-13T02:11:10.746058+00:00,"{""id"":""f2a09c95-8058-4372-b645-786239fcde8b"",""due_at"":""2045-09-24T03:00:00+00:00"",""status"":""pending"",""created_at"":""2026-09-13T02:11:10.746058+00:00"",""subject_id"":""56f3cf25-84ad-4746-934d-a50e371bf561"",""performed_at"":null,""activity_name"":""col151-fa3f27672f1c admin"",""authority_class"":""facility"",""execution_state"":""none"",""effective_receipt_id"":null,""requirement_version_id"":""7954828e-2856-44ae-8a51-5b4d32ed3c93"",""facility_requirement_id"":""a7da2d96-da69-43b4-bc16-950864034a4f""}",[],[],[],
occurrence,f2eadabe-7d0e-47f2-88d3-97c6f1c6689f,col151-fa3f27672f1c admin,pending,2026-09-13T02:11:10.746058+00:00,"{""id"":""f2eadabe-7d0e-47f2-88d3-97c6f1c6689f"",""due_at"":""2044-04-24T03:00:00+00:00"",""status"":""pending"",""created_at"":""2026-09-13T02:11:10.746058+00:00"",""subject_id"":""56f3cf25-84ad-4746-934d-a50e371bf561"",""performed_at"":null,""activity_name"":""col151-fa3f27672f1c admin"",""authority_class"":""facility"",""execution_state"":""none"",""effective_receipt_id"":null,""requirement_version_id"":""7954828e-2856-44ae-8a51-5b4d32ed3c93"",""facility_requirement_id"":""a7da2d96-da69-43b4-bc16-950864034a4f""}",[],[],[],
occurrence,f6ffff6c-36f2-4775-b284-1f7601fbfbbf,col151-fa3f27672f1c admin,pending,2026-09-13T02:11:10.746058+00:00,"{""id"":""f6ffff6c-36f2-4775-b284-1f7601fbfbbf"",""due_at"":""2045-04-02T03:00:00+00:00"",""status"":""pending"",""created_at"":""2026-09-13T02:11:10.746058+00:00"",""subject_id"":""56f3cf25-84ad-4746-934d-a50e371bf561"",""performed_at"":null,""activity_name"":""col151-fa3f27672f1c admin"",""authority_class"":""facility"",""execution_state"":""none"",""effective_receipt_id"":null,""requirement_version_id"":""7954828e-2856-44ae-8a51-5b4d32ed3c93"",""facility_requirement_id"":""a7da2d96-da69-43b4-bc16-950864034a4f""}",[],[],[],
occurrence,f71aa3ac-dc3c-4e4f-aaf8-5d345e9f30a7,col151-fa3f27672f1c admin,pending,2026-09-13T02:11:10.746058+00:00,"{""id"":""f71aa3ac-dc3c-4e4f-aaf8-5d345e9f30a7"",""due_at"":""2044-10-30T03:00:00+00:00"",""status"":""pending"",""created_at"":""2026-09-13T02:11:10.746058+00:00"",""subject_id"":""56f3cf25-84ad-4746-934d-a50e371bf561"",""performed_at"":null,""activity_name"":""col151-fa3f27672f1c admin"",""authority_class"":""facility"",""execution_state"":""none"",""effective_receipt_id"":null,""requirement_version_id"":""7954828e-2856-44ae-8a51-5b4d32ed3c93"",""facility_requirement_id"":""a7da2d96-da69-43b4-bc16-950864034a4f""}",[],[],[],
occurrence,f82fc253-7faa-4fc0-9ba2-785fb602359f,col151-fa3f27672f1c admin,pending,2026-09-13T02:11:10.746058+00:00,"{""id"":""f82fc253-7faa-4fc0-9ba2-785fb602359f"",""due_at"":""2045-04-09T03:00:00+00:00"",""status"":""pending"",""created_at"":""2026-09-13T02:11:10.746058+00:00"",""subject_id"":""56f3cf25-84ad-4746-934d-a50e371bf561"",""performed_at"":null,""activity_name"":""col151-fa3f27672f1c admin"",""authority_class"":""facility"",""execution_state"":""none"",""effective_receipt_id"":null,""requirement_version_id"":""7954828e-2856-44ae-8a51-5b4d32ed3c93"",""facility_requirement_id"":""a7da2d96-da69-43b4-bc16-950864034a4f""}",[],[],[],
occurrence,fcf1129c-4c1c-40fc-a808-d88e228da359,col151-fa3f27672f1c admin,pending,2026-09-13T02:11:10.746058+00:00,"{""id"":""fcf1129c-4c1c-40fc-a808-d88e228da359"",""due_at"":""2044-12-25T04:00:00+00:00"",""status"":""pending"",""created_at"":""2026-09-13T02:11:10.746058+00:00"",""subject_id"":""56f3cf25-84ad-4746-934d-a50e371bf561"",""performed_at"":null,""activity_name"":""col151-fa3f27672f1c admin"",""authority_class"":""facility"",""execution_state"":""none"",""effective_receipt_id"":null,""requirement_version_id"":""7954828e-2856-44ae-8a51-5b4d32ed3c93"",""facility_requirement_id"":""a7da2d96-da69-43b4-bc16-950864034a4f""}",[],[],[],
occurrence,fdb760b2-f48e-41c0-8090-10fab3bf837d,col151-fa3f27672f1c admin,pending,2026-09-13T02:11:10.746058+00:00,"{""id"":""fdb760b2-f48e-41c0-8090-10fab3bf837d"",""due_at"":""2045-03-19T03:00:00+00:00"",""status"":""pending"",""created_at"":""2026-09-13T02:11:10.746058+00:00"",""subject_id"":""56f3cf25-84ad-4746-934d-a50e371bf561"",""performed_at"":null,""activity_name"":""col151-fa3f27672f1c admin"",""authority_class"":""facility"",""execution_state"":""none"",""effective_receipt_id"":null,""requirement_version_id"":""7954828e-2856-44ae-8a51-5b4d32ed3c93"",""facility_requirement_id"":""a7da2d96-da69-43b4-bc16-950864034a4f""}",[],[],[],
occurrence,fe3daccf-7c12-4757-a19c-e4f8309dad73,col151-fa3f27672f1c admin,pending,2026-09-13T02:11:10.746058+00:00,"{""id"":""fe3daccf-7c12-4757-a19c-e4f8309dad73"",""due_at"":""2044-07-24T03:00:00+00:00"",""status"":""pending"",""created_at"":""2026-09-13T02:11:10.746058+00:00"",""subject_id"":""56f3cf25-84ad-4746-934d-a50e371bf561"",""performed_at"":null,""activity_name"":""col151-fa3f27672f1c admin"",""authority_class"":""facility"",""execution_state"":""none"",""effective_receipt_id"":null,""requirement_version_id"":""7954828e-2856-44ae-8a51-5b4d32ed3c93"",""facility_requirement_id"":""a7da2d96-da69-43b4-bc16-950864034a4f""}",[],[],[],
occurrence,feeb66e3-bff8-4d5d-97ae-7cb5ce60de0c,col151-fa3f27672f1c admin,pending,2026-09-13T02:11:10.746058+00:00,"{""id"":""feeb66e3-bff8-4d5d-97ae-7cb5ce60de0c"",""due_at"":""2044-05-01T03:00:00+00:00"",""status"":""pending"",""created_at"":""2026-09-13T02:11:10.746058+00:00"",""subject_id"":""56f3cf25-84ad-4746-934d-a50e371bf561"",""performed_at"":null,""activity_name"":""col151-fa3f27672f1c admin"",""authority_class"":""facility"",""execution_state"":""none"",""effective_receipt_id"":null,""requirement_version_id"":""7954828e-2856-44ae-8a51-5b4d32ed3c93"",""facility_requirement_id"":""a7da2d96-da69-43b4-bc16-950864034a4f""}",[],[],[],
