BEGIN
GRANT
GRANT
GRANT
GRANT
REVOKE
CREATE FUNCTION
SELECT 1
SELECT 6
CREATE TABLE
GRANT
INSERT 0 1
INSERT 0 1
INSERT 0 2
INSERT 0 6
INSERT 0 6
INSERT 0 6
INSERT 0 6
INSERT 0 6
INSERT 0 2
INSERT 0 1
INSERT 0 1
CREATE FUNCTION
CREATE FUNCTION
CREATE FUNCTION
 pp_login
----------

(1 row)

SET
INSERT 0 1
                                                                                                                                                                                                                                                                                                                                                                                                                                     publish_operation_requirement_review
--------------------------------------------------------------------------------------------------------------------------------------------------------------------------------------------------------------------------------------------------------------------------------------------------------------------------------------------------------------------------------------------------------------------------------------------------------------------------------------------------------------------------------------------------------------------------------------------------------------------------------------------------------------------------------------------------------------------------------------------------------------------------------------------------------------------------------------------------------------------------------------------------------------
 {"id": "57501349-36d7-44ed-81a4-f4194329b4ec", "title": "Synthetic support plan review", "status": "published", "version": 1, "wording": "Administrative report context only", "procedure": null, "created_at": "2026-09-13T14:08:42.159835-04:00", "created_by": "b1fcb348-2842-417a-9c8e-6871489b42ff", "updated_at": "2026-09-13T14:08:42.195168-04:00", "activity_id": "1e31328d-8a70-4655-b5c1-a8537a109216", "effective_to": null, "published_at": "2026-09-13T14:08:42.195027-04:00", "published_by": "b1fcb348-2842-417a-9c8e-6871489b42ff", "subject_kind": "resident", "effective_from": "2026-09-13T13:08:42.193163-04:00", "organization_id": "dc720ebf-5856-4505-95c5-2dee302942cd", "required_inputs": [], "review_required": false, "source_authority": {}, "required_evidence": [], "previous_version_id": null, "allowed_recorder_roles": ["owner", "nurse"], "allowed_reviewer_roles": []}
(1 row)

INSERT 0 1
                                                                                                                                                                                                                                                                                                                                                                                                                                                                                                                        publish_operation_facility_requirement_review
----------------------------------------------------------------------------------------------------------------------------------------------------------------------------------------------------------------------------------------------------------------------------------------------------------------------------------------------------------------------------------------------------------------------------------------------------------------------------------------------------------------------------------------------------------------------------------------------------------------------------------------------------------------------------------------------------------------------------------------------------------------------------------------------------------------------------------------------------------------------------------------------------------------------------------------------------------------------------------------------------------------------------------------------------------------------------------------------
 {"id": "aa7db7cd-f479-450d-bb8c-a185248aacf1", "status": "published", "version": 1, "created_at": "2026-09-13T14:08:42.159835-04:00", "created_by": "b1fcb348-2842-417a-9c8e-6871489b42ff", "owner_role": null, "updated_at": "2026-09-13T14:08:42.202856-04:00", "activity_id": "1e31328d-8a70-4655-b5c1-a8537a109216", "approved_at": "2026-09-13T14:08:42.20277-04:00", "approved_by": "b1fcb348-2842-417a-9c8e-6871489b42ff", "backup_role": null, "facility_id": "8c58713c-c422-4850-b601-246026760338", "effective_to": null, "applicability": "applicable", "owner_user_id": null, "schedule_rule": null, "backup_user_id": null, "effective_from": "2026-09-13T13:38:42.201877-04:00", "local_procedure": null, "organization_id": "dc720ebf-5856-4505-95c5-2dee302942cd", "override_source": "central", "schedule_status": "needs_confirmation", "previous_version_id": null, "applicability_reason": null, "local_required_inputs": null, "requirement_version_id": "57501349-36d7-44ed-81a4-f4194329b4ec", "local_required_evidence": null, "local_allowed_recorder_roles": null}
(1 row)

INSERT 0 1
UPDATE 1
INSERT 0 1
UPDATE 1
 pp_assert
-----------

(1 row)

INSERT 0 1
UPDATE 1
 pp_assert
-----------

(1 row)

INSERT 0 1
UPDATE 1
 pp_assert
-----------

(1 row)

 pp_error
----------

(1 row)

 pp_assert
-----------

(1 row)

 pp_error
----------

(1 row)

INSERT 0 1
SELECT 1
GRANT
RESET
       set_config
-------------------------
 {"role":"service_role"}
(1 row)

SET
 attest_resident_document_bytes
--------------------------------

(1 row)

RESET
 pp_login
----------

(1 row)

SET
INSERT 0 1
 pp_assert
-----------

(1 row)

 pp_assert
-----------

(1 row)

CREATE FUNCTION
INSERT 0 1
INSERT 0 1
 pp_assert
-----------

(1 row)

 pp_assert
-----------

(1 row)

                                                                                                                                                                                                                                                                                                                                                                                                                                                                                                                                                                                                                                                                                                                                                                                                                                                                                                                                                                                                                                                                                                                                                                                                                                                                                                                                                                                                                                                                                                                                                                                                                                                                                                                                                                                                                                                                                                                                                                          provider_report_command
----------------------------------------------------------------------------------------------------------------------------------------------------------------------------------------------------------------------------------------------------------------------------------------------------------------------------------------------------------------------------------------------------------------------------------------------------------------------------------------------------------------------------------------------------------------------------------------------------------------------------------------------------------------------------------------------------------------------------------------------------------------------------------------------------------------------------------------------------------------------------------------------------------------------------------------------------------------------------------------------------------------------------------------------------------------------------------------------------------------------------------------------------------------------------------------------------------------------------------------------------------------------------------------------------------------------------------------------------------------------------------------------------------------------------------------------------------------------------------------------------------------------------------------------------------------------------------------------------------------------------------------------------------------------------------------------------------------------------------------------------------------------------------------------------------------------------------------------------------------------------------------------------------------------------------------------------------------------------------------------------------------------------------------------------------------------------------------------------------------------------------------------------------------------------------------------------------------------------------------------------------------------------------------------------------------------------------------------------------------------------------------------------------------------------------------------------------------------------------------------------------------------------------------------------------------------------------------------------------------------------------------------------------------------------------------------------------------------------------------------------------------------------------------------------------------------------------------------------------------------------------------------------------------------------------------------------------------------------------------------------------------------------------------------------------------------------------------------------------------------------------------------------------------------------------------------------------------------------------------------------------------------------------------------------------------------------------------------------------------------------------------------------------------------------------------------------------------------------------------------------------------------------------------------------------------------------------------------------------------------------------------------------------------------------------------------------------------------------------------------------------------------------------------------------------------------------------------------------------------------------------------------------------------------------------------------------------------------------
 {"reason": "Operator-attested service and administrative history only; provider signatures, applicability and renewal rules are not inferred.", "task_id": "a032f9c7-45f6-4259-83e3-8cd7bbf11d49", "complete": true, "contacts": [{"id": "9d8d6222-d090-454e-a3f7-369c9d794ed8", "type": "caseworker", "label": "Synthetic Caseworker"}], "eligible": true, "versions": [{"id": "fb537e8c-ed0d-4d67-92b6-b6c9c184bcc7", "state": "finalized", "title": "Synthetic support plan", "bucket": "resident-documents", "task_id": "a032f9c7-45f6-4259-83e3-8cd7bbf11d49", "revision": "8af657c7-db70-42f2-a645-26e0728b4922", "page_count": null, "document_id": "5d056a91-f442-4258-a7cf-6903628714ea", "facility_id": "8c58713c-c422-4850-b601-246026760338", "object_path": "8c58713c-c422-4850-b601-246026760338/5d056a91-f442-4258-a7cf-6903628714ea/fb537e8c-ed0d-4d67-92b6-b6c9c184bcc7/source", "prepared_at": "2026-09-13T14:08:42.327737-04:00", "resident_id": "569d6e33-8a89-4e47-8159-9c12265f8c06", "finalized_at": "2026-09-13T14:08:42.482463-04:00", "declared_mime": "application/pdf", "document_type": "support_plan", "native_current": true, "declared_sha256": "baad13769b56aaeb5b072762fefe73bc572a131353d594ec2db2b382bfabadfa", "checksum_verified": true, "native_document_id": "5d056a91-f442-4258-a7cf-6903628714ea", "declared_size_bytes": 12, "supersedes_version_id": null}], "can_intake": true, "can_manage": true, "resident_id": "569d6e33-8a89-4e47-8159-9c12265f8c06", "availability": "available", "expectations": [{"id": "f1d21ed5-a649-4051-9490-6dc9b7a71683", "due_at": null, "due_on": "2026-09-12", "events": [{"id": "08d5e7c2-83f3-4ebc-a749-97496bd00e49", "kind": "set_due", "details": {"due_on": "2026-09-12", "approved_on": "2026-09-11", "verification": "operator_recorded_approval_evidence", "approver_label": "Actual source approver", "effective_date": "2026-09-14", "source_version_id": "fb537e8c-ed0d-4d67-92b6-b6c9c184bcc7", "approval_reference": "Cited operator-observed approval"}, "task_id": "a032f9c7-45f6-4259-83e3-8cd7bbf11d49", "actor_id": "b1fcb348-2842-417a-9c8e-6871489b42ff", "recorded_at": "2026-09-13T14:08:43.083192-04:00"}, {"id": "220238a2-6c36-4194-ba9f-6ec912409c0d", "kind": "attach_receipt", "details": {"version_id": "fb537e8c-ed0d-4d67-92b6-b6c9c184bcc7", "received_on": "2026-09-13", "receipt_provenance": "Actual paper report received; date only"}, "task_id": "a032f9c7-45f6-4259-83e3-8cd7bbf11d49", "actor_id": "b1fcb348-2842-417a-9c8e-6871489b42ff", "recorded_at": "2026-09-13T14:08:42.655011-04:00"}], "overdue": false, "revision": "08d5e7c2-83f3-4ebc-a749-97496bd00e49", "due_state": "documented_approval_pending_effective", "contact_id": "9d8d6222-d090-454e-a3f7-369c9d794ed8", "owner_role": null, "service_at": null, "service_on": "2026-09-12", "last_review": null, "owner_label": null, "received_at": null, "received_on": "2026-09-13", "follow_up_at": null, "review_state": "not_reviewed", "contact_label": "Synthetic Caseworker", "document_type": "support_plan", "owner_user_id": null, "chase_issue_id": null, "due_provenance": {"due_on": "2026-09-12", "approved_on": "2026-09-11", "verification": "operator_recorded_approval_evidence", "approver_label": "Actual source approver", "effective_date": "2026-09-14", "source_version_id": "fb537e8c-ed0d-4d67-92b6-b6c9c184bcc7", "approval_reference": "Cited operator-observed approval"}, "origin_task_id": "a032f9c7-45f6-4259-83e3-8cd7bbf11d49", "contact_current": true, "events_complete": true, "expected_version": "First received plan", "required_signers": "unknown", "current_version_id": "fb537e8c-ed0d-4d67-92b6-b6c9c184bcc7", "receipt_provenance": "Actual paper report received; date only", "service_provenance": "Operator observed service; no provider attestation claimed", "service_confirmation": "operator_attested"}], "chase_candidates": []}
(1 row)

 pp_assert
-----------

(1 row)

                                                                                                                                                                                                                                                                                                                                                                                                                                                                                                                                                                                                                                                                                                                                                                                                                                                                                                                                                                                                                                                                                                                                                                                                                                                                                                                                                                                                                                                                                                                                                                                                                                                                                                                                                                                                                                                                                                                                                                                                                                                                                                                                                                                                                                                                       provider_report_command
----------------------------------------------------------------------------------------------------------------------------------------------------------------------------------------------------------------------------------------------------------------------------------------------------------------------------------------------------------------------------------------------------------------------------------------------------------------------------------------------------------------------------------------------------------------------------------------------------------------------------------------------------------------------------------------------------------------------------------------------------------------------------------------------------------------------------------------------------------------------------------------------------------------------------------------------------------------------------------------------------------------------------------------------------------------------------------------------------------------------------------------------------------------------------------------------------------------------------------------------------------------------------------------------------------------------------------------------------------------------------------------------------------------------------------------------------------------------------------------------------------------------------------------------------------------------------------------------------------------------------------------------------------------------------------------------------------------------------------------------------------------------------------------------------------------------------------------------------------------------------------------------------------------------------------------------------------------------------------------------------------------------------------------------------------------------------------------------------------------------------------------------------------------------------------------------------------------------------------------------------------------------------------------------------------------------------------------------------------------------------------------------------------------------------------------------------------------------------------------------------------------------------------------------------------------------------------------------------------------------------------------------------------------------------------------------------------------------------------------------------------------------------------------------------------------------------------------------------------------------------------------------------------------------------------------------------------------------------------------------------------------------------------------------------------------------------------------------------------------------------------------------------------------------------------------------------------------------------------------------------------------------------------------------------------------------------------------------------------------------------------------------------------------------------------------------------------------------------------------------------------------------------------------------------------------------------------------------------------------------------------------------------------------------------------------------------------------------------------------------------------------------------------------------------------------------------------------------------------------------------------------------------------------------------------------------------------------------------------------------------------------------------------------------------------------------------------------------------------------------------------------------------------------------------------------------------------------------------------------------------------------------------------------------------------------------------------------------------------------------------------------------------------------------------------------------------------------------------------------------------------------------------------------------------------------------
 {"reason": "Operator-attested service and administrative history only; provider signatures, applicability and renewal rules are not inferred.", "task_id": "a032f9c7-45f6-4259-83e3-8cd7bbf11d49", "complete": true, "contacts": [{"id": "9d8d6222-d090-454e-a3f7-369c9d794ed8", "type": "caseworker", "label": "Synthetic Caseworker"}], "eligible": true, "versions": [{"id": "fb537e8c-ed0d-4d67-92b6-b6c9c184bcc7", "state": "finalized", "title": "Synthetic support plan", "bucket": "resident-documents", "task_id": "a032f9c7-45f6-4259-83e3-8cd7bbf11d49", "revision": "8af657c7-db70-42f2-a645-26e0728b4922", "page_count": null, "document_id": "5d056a91-f442-4258-a7cf-6903628714ea", "facility_id": "8c58713c-c422-4850-b601-246026760338", "object_path": "8c58713c-c422-4850-b601-246026760338/5d056a91-f442-4258-a7cf-6903628714ea/fb537e8c-ed0d-4d67-92b6-b6c9c184bcc7/source", "prepared_at": "2026-09-13T14:08:42.327737-04:00", "resident_id": "569d6e33-8a89-4e47-8159-9c12265f8c06", "finalized_at": "2026-09-13T14:08:42.482463-04:00", "declared_mime": "application/pdf", "document_type": "support_plan", "native_current": true, "declared_sha256": "baad13769b56aaeb5b072762fefe73bc572a131353d594ec2db2b382bfabadfa", "checksum_verified": true, "native_document_id": "5d056a91-f442-4258-a7cf-6903628714ea", "declared_size_bytes": 12, "supersedes_version_id": null}], "can_intake": true, "can_manage": true, "resident_id": "569d6e33-8a89-4e47-8159-9c12265f8c06", "availability": "available", "expectations": [{"id": "f1d21ed5-a649-4051-9490-6dc9b7a71683", "due_at": null, "due_on": "2026-09-12", "events": [{"id": "57e02cf6-7723-44c5-91f3-ae53c852e3a9", "kind": "signature_observation", "details": {"page": 2, "signed_on": "2026-09-12", "version_id": "fb537e8c-ed0d-4d67-92b6-b6c9c184bcc7", "page_status": "operator_reported_unverified", "signer_role": "caseworker", "signer_label": "Observed actual caseworker", "verification": "operator_observed", "source_provenance": "Observed signature on exact native PDF version"}, "task_id": "a032f9c7-45f6-4259-83e3-8cd7bbf11d49", "actor_id": "b1fcb348-2842-417a-9c8e-6871489b42ff", "recorded_at": "2026-09-13T14:08:43.606532-04:00"}, {"id": "08d5e7c2-83f3-4ebc-a749-97496bd00e49", "kind": "set_due", "details": {"due_on": "2026-09-12", "approved_on": "2026-09-11", "verification": "operator_recorded_approval_evidence", "approver_label": "Actual source approver", "effective_date": "2026-09-14", "source_version_id": "fb537e8c-ed0d-4d67-92b6-b6c9c184bcc7", "approval_reference": "Cited operator-observed approval"}, "task_id": "a032f9c7-45f6-4259-83e3-8cd7bbf11d49", "actor_id": "b1fcb348-2842-417a-9c8e-6871489b42ff", "recorded_at": "2026-09-13T14:08:43.083192-04:00"}, {"id": "220238a2-6c36-4194-ba9f-6ec912409c0d", "kind": "attach_receipt", "details": {"version_id": "fb537e8c-ed0d-4d67-92b6-b6c9c184bcc7", "received_on": "2026-09-13", "receipt_provenance": "Actual paper report received; date only"}, "task_id": "a032f9c7-45f6-4259-83e3-8cd7bbf11d49", "actor_id": "b1fcb348-2842-417a-9c8e-6871489b42ff", "recorded_at": "2026-09-13T14:08:42.655011-04:00"}], "overdue": false, "revision": "57e02cf6-7723-44c5-91f3-ae53c852e3a9", "due_state": "documented_approval_pending_effective", "contact_id": "9d8d6222-d090-454e-a3f7-369c9d794ed8", "owner_role": null, "service_at": null, "service_on": "2026-09-12", "last_review": null, "owner_label": null, "received_at": null, "received_on": "2026-09-13", "follow_up_at": null, "review_state": "not_reviewed", "contact_label": "Synthetic Caseworker", "document_type": "support_plan", "owner_user_id": null, "chase_issue_id": null, "due_provenance": {"due_on": "2026-09-12", "approved_on": "2026-09-11", "verification": "operator_recorded_approval_evidence", "approver_label": "Actual source approver", "effective_date": "2026-09-14", "source_version_id": "fb537e8c-ed0d-4d67-92b6-b6c9c184bcc7", "approval_reference": "Cited operator-observed approval"}, "origin_task_id": "a032f9c7-45f6-4259-83e3-8cd7bbf11d49", "contact_current": true, "events_complete": true, "expected_version": "First received plan", "required_signers": "unknown", "current_version_id": "fb537e8c-ed0d-4d67-92b6-b6c9c184bcc7", "receipt_provenance": "Actual paper report received; date only", "service_provenance": "Operator observed service; no provider attestation claimed", "service_confirmation": "operator_attested"}], "chase_candidates": []}
(1 row)

 pp_assert
-----------

(1 row)

                                                                                                                                                                                                                                                                                                                                                                                                                                                                                                                                                                                                                                                                                                                                                                                                                                                                                                                                                                                                                                                                                                                                                                                                                                                                                                                                                                                                                                                                                                                                                                                                                                                                                                                                                                                                                                                                                                                                                                                                                                                                                                                                                                                                                                                                                                                                                                                                                                                                                                                                                          provider_report_command
--------------------------------------------------------------------------------------------------------------------------------------------------------------------------------------------------------------------------------------------------------------------------------------------------------------------------------------------------------------------------------------------------------------------------------------------------------------------------------------------------------------------------------------------------------------------------------------------------------------------------------------------------------------------------------------------------------------------------------------------------------------------------------------------------------------------------------------------------------------------------------------------------------------------------------------------------------------------------------------------------------------------------------------------------------------------------------------------------------------------------------------------------------------------------------------------------------------------------------------------------------------------------------------------------------------------------------------------------------------------------------------------------------------------------------------------------------------------------------------------------------------------------------------------------------------------------------------------------------------------------------------------------------------------------------------------------------------------------------------------------------------------------------------------------------------------------------------------------------------------------------------------------------------------------------------------------------------------------------------------------------------------------------------------------------------------------------------------------------------------------------------------------------------------------------------------------------------------------------------------------------------------------------------------------------------------------------------------------------------------------------------------------------------------------------------------------------------------------------------------------------------------------------------------------------------------------------------------------------------------------------------------------------------------------------------------------------------------------------------------------------------------------------------------------------------------------------------------------------------------------------------------------------------------------------------------------------------------------------------------------------------------------------------------------------------------------------------------------------------------------------------------------------------------------------------------------------------------------------------------------------------------------------------------------------------------------------------------------------------------------------------------------------------------------------------------------------------------------------------------------------------------------------------------------------------------------------------------------------------------------------------------------------------------------------------------------------------------------------------------------------------------------------------------------------------------------------------------------------------------------------------------------------------------------------------------------------------------------------------------------------------------------------------------------------------------------------------------------------------------------------------------------------------------------------------------------------------------------------------------------------------------------------------------------------------------------------------------------------------------------------------------------------------------------------------------------------------------------------------------------------------------------------------------------------------------------------------------------------------------------------------------------------------------------------------------------------------------------------------------------------------------------------------------------------------------------------------------------------------------------------------------------------------------------------------------------------------------------------------------------------------------------------------------------------------------------------------------------------------------------------------------
 {"reason": "Operator-attested service and administrative history only; provider signatures, applicability and renewal rules are not inferred.", "task_id": "a032f9c7-45f6-4259-83e3-8cd7bbf11d49", "complete": true, "contacts": [{"id": "9d8d6222-d090-454e-a3f7-369c9d794ed8", "type": "caseworker", "label": "Synthetic Caseworker"}], "eligible": true, "versions": [{"id": "fb537e8c-ed0d-4d67-92b6-b6c9c184bcc7", "state": "finalized", "title": "Synthetic support plan", "bucket": "resident-documents", "task_id": "a032f9c7-45f6-4259-83e3-8cd7bbf11d49", "revision": "8af657c7-db70-42f2-a645-26e0728b4922", "page_count": null, "document_id": "5d056a91-f442-4258-a7cf-6903628714ea", "facility_id": "8c58713c-c422-4850-b601-246026760338", "object_path": "8c58713c-c422-4850-b601-246026760338/5d056a91-f442-4258-a7cf-6903628714ea/fb537e8c-ed0d-4d67-92b6-b6c9c184bcc7/source", "prepared_at": "2026-09-13T14:08:42.327737-04:00", "resident_id": "569d6e33-8a89-4e47-8159-9c12265f8c06", "finalized_at": "2026-09-13T14:08:42.482463-04:00", "declared_mime": "application/pdf", "document_type": "support_plan", "native_current": true, "declared_sha256": "baad13769b56aaeb5b072762fefe73bc572a131353d594ec2db2b382bfabadfa", "checksum_verified": true, "native_document_id": "5d056a91-f442-4258-a7cf-6903628714ea", "declared_size_bytes": 12, "supersedes_version_id": null}], "can_intake": true, "can_manage": true, "resident_id": "569d6e33-8a89-4e47-8159-9c12265f8c06", "availability": "available", "expectations": [{"id": "f1d21ed5-a649-4051-9490-6dc9b7a71683", "due_at": null, "due_on": "2026-09-12", "events": [{"id": "7e95aa1a-a914-43cb-9548-6cf51bd0d181", "kind": "review", "details": {"result": "reviewed", "findings": "Administrative receipt and signature evidence reviewed", "version_id": "fb537e8c-ed0d-4d67-92b6-b6c9c184bcc7"}, "task_id": "a032f9c7-45f6-4259-83e3-8cd7bbf11d49", "actor_id": "b1fcb348-2842-417a-9c8e-6871489b42ff", "recorded_at": "2026-09-13T14:08:43.896253-04:00"}, {"id": "57e02cf6-7723-44c5-91f3-ae53c852e3a9", "kind": "signature_observation", "details": {"page": 2, "signed_on": "2026-09-12", "version_id": "fb537e8c-ed0d-4d67-92b6-b6c9c184bcc7", "page_status": "operator_reported_unverified", "signer_role": "caseworker", "signer_label": "Observed actual caseworker", "verification": "operator_observed", "source_provenance": "Observed signature on exact native PDF version"}, "task_id": "a032f9c7-45f6-4259-83e3-8cd7bbf11d49", "actor_id": "b1fcb348-2842-417a-9c8e-6871489b42ff", "recorded_at": "2026-09-13T14:08:43.606532-04:00"}, {"id": "08d5e7c2-83f3-4ebc-a749-97496bd00e49", "kind": "set_due", "details": {"due_on": "2026-09-12", "approved_on": "2026-09-11", "verification": "operator_recorded_approval_evidence", "approver_label": "Actual source approver", "effective_date": "2026-09-14", "source_version_id": "fb537e8c-ed0d-4d67-92b6-b6c9c184bcc7", "approval_reference": "Cited operator-observed approval"}, "task_id": "a032f9c7-45f6-4259-83e3-8cd7bbf11d49", "actor_id": "b1fcb348-2842-417a-9c8e-6871489b42ff", "recorded_at": "2026-09-13T14:08:43.083192-04:00"}, {"id": "220238a2-6c36-4194-ba9f-6ec912409c0d", "kind": "attach_receipt", "details": {"version_id": "fb537e8c-ed0d-4d67-92b6-b6c9c184bcc7", "received_on": "2026-09-13", "receipt_provenance": "Actual paper report received; date only"}, "task_id": "a032f9c7-45f6-4259-83e3-8cd7bbf11d49", "actor_id": "b1fcb348-2842-417a-9c8e-6871489b42ff", "recorded_at": "2026-09-13T14:08:42.655011-04:00"}], "overdue": false, "revision": "7e95aa1a-a914-43cb-9548-6cf51bd0d181", "due_state": "documented_approval_pending_effective", "contact_id": "9d8d6222-d090-454e-a3f7-369c9d794ed8", "owner_role": null, "service_at": null, "service_on": "2026-09-12", "last_review": {"result": "reviewed", "task_id": "a032f9c7-45f6-4259-83e3-8cd7bbf11d49", "recorded_at": "2026-09-13T14:08:43.896253-04:00", "reviewer_id": "b1fcb348-2842-417a-9c8e-6871489b42ff"}, "owner_label": null, "received_at": null, "received_on": "2026-09-13", "follow_up_at": null, "review_state": "reviewed", "contact_label": "Synthetic Caseworker", "document_type": "support_plan", "owner_user_id": null, "chase_issue_id": null, "due_provenance": {"due_on": "2026-09-12", "approved_on": "2026-09-11", "verification": "operator_recorded_approval_evidence", "approver_label": "Actual source approver", "effective_date": "2026-09-14", "source_version_id": "fb537e8c-ed0d-4d67-92b6-b6c9c184bcc7", "approval_reference": "Cited operator-observed approval"}, "origin_task_id": "a032f9c7-45f6-4259-83e3-8cd7bbf11d49", "contact_current": true, "events_complete": true, "expected_version": "First received plan", "required_signers": "unknown", "current_version_id": "fb537e8c-ed0d-4d67-92b6-b6c9c184bcc7", "receipt_provenance": "Actual paper report received; date only", "service_provenance": "Operator observed service; no provider attestation claimed", "service_confirmation": "operator_attested"}], "chase_candidates": []}
(1 row)

 pp_assert
-----------

(1 row)

UPDATE 1
 pp_assert
-----------

(1 row)

RESET
ALTER TABLE
SET
INSERT 0 1
UPDATE 1
 pp_assert
-----------

(1 row)

 pp_assert
-----------

(1 row)

                                                                                                                                                                                                                                                                                                                                                                                                                                                                                                                                                                                                                                                                                                                                                                                                                                                                                                                                                                                                                                                                                                                                                                                                                                                                                                                                                                                                                                                                                                                                                                                                                                                                                                                                                                                                                                                                                                                                                                                                                                                                                                                                                                                                                                                                                                                                                                                                                                                                                                                                                                                                                                                                                                                                                         provider_report_command
-----------------------------------------------------------------------------------------------------------------------------------------------------------------------------------------------------------------------------------------------------------------------------------------------------------------------------------------------------------------------------------------------------------------------------------------------------------------------------------------------------------------------------------------------------------------------------------------------------------------------------------------------------------------------------------------------------------------------------------------------------------------------------------------------------------------------------------------------------------------------------------------------------------------------------------------------------------------------------------------------------------------------------------------------------------------------------------------------------------------------------------------------------------------------------------------------------------------------------------------------------------------------------------------------------------------------------------------------------------------------------------------------------------------------------------------------------------------------------------------------------------------------------------------------------------------------------------------------------------------------------------------------------------------------------------------------------------------------------------------------------------------------------------------------------------------------------------------------------------------------------------------------------------------------------------------------------------------------------------------------------------------------------------------------------------------------------------------------------------------------------------------------------------------------------------------------------------------------------------------------------------------------------------------------------------------------------------------------------------------------------------------------------------------------------------------------------------------------------------------------------------------------------------------------------------------------------------------------------------------------------------------------------------------------------------------------------------------------------------------------------------------------------------------------------------------------------------------------------------------------------------------------------------------------------------------------------------------------------------------------------------------------------------------------------------------------------------------------------------------------------------------------------------------------------------------------------------------------------------------------------------------------------------------------------------------------------------------------------------------------------------------------------------------------------------------------------------------------------------------------------------------------------------------------------------------------------------------------------------------------------------------------------------------------------------------------------------------------------------------------------------------------------------------------------------------------------------------------------------------------------------------------------------------------------------------------------------------------------------------------------------------------------------------------------------------------------------------------------------------------------------------------------------------------------------------------------------------------------------------------------------------------------------------------------------------------------------------------------------------------------------------------------------------------------------------------------------------------------------------------------------------------------------------------------------------------------------------------------------------------------------------------------------------------------------------------------------------------------------------------------------------------------------------------------------------------------------------------------------------------------------------------------------------------------------------------------------------------------------------------------------------------------------------------------------------------------------------------------------------------------------------------------------------------------------------------------------------------------------------------------------------------------------------------------------------------------------------------------------------------------------------------------------------------------------------------------------------------------------------------------------------------------------------
 {"reason": "Operator-attested service and administrative history only; provider signatures, applicability and renewal rules are not inferred.", "task_id": "e0555e21-3a10-4d48-b4d3-169d6f965d42", "complete": true, "contacts": [{"id": "9d8d6222-d090-454e-a3f7-369c9d794ed8", "type": "caseworker", "label": "Corrected current contact name"}], "eligible": true, "versions": [{"id": "fb537e8c-ed0d-4d67-92b6-b6c9c184bcc7", "state": "finalized", "title": "Synthetic support plan", "bucket": "resident-documents", "task_id": "a032f9c7-45f6-4259-83e3-8cd7bbf11d49", "revision": "8af657c7-db70-42f2-a645-26e0728b4922", "page_count": null, "document_id": "5d056a91-f442-4258-a7cf-6903628714ea", "facility_id": "8c58713c-c422-4850-b601-246026760338", "object_path": "8c58713c-c422-4850-b601-246026760338/5d056a91-f442-4258-a7cf-6903628714ea/fb537e8c-ed0d-4d67-92b6-b6c9c184bcc7/source", "prepared_at": "2026-09-13T14:08:42.327737-04:00", "resident_id": "569d6e33-8a89-4e47-8159-9c12265f8c06", "finalized_at": "2026-09-13T14:08:42.482463-04:00", "declared_mime": "application/pdf", "document_type": "support_plan", "native_current": true, "declared_sha256": "baad13769b56aaeb5b072762fefe73bc572a131353d594ec2db2b382bfabadfa", "checksum_verified": true, "native_document_id": "5d056a91-f442-4258-a7cf-6903628714ea", "declared_size_bytes": 12, "supersedes_version_id": null}], "can_intake": true, "can_manage": true, "resident_id": "569d6e33-8a89-4e47-8159-9c12265f8c06", "availability": "available", "expectations": [{"id": "f1d21ed5-a649-4051-9490-6dc9b7a71683", "due_at": null, "due_on": "2026-09-12", "events": [{"id": "e50bc999-1860-4b5f-8d5b-1795bf539e48", "kind": "review", "details": {"result": "reviewed", "findings": "Distinct second monthly administrative review", "version_id": "fb537e8c-ed0d-4d67-92b6-b6c9c184bcc7"}, "task_id": "e0555e21-3a10-4d48-b4d3-169d6f965d42", "actor_id": "b1fcb348-2842-417a-9c8e-6871489b42ff", "recorded_at": "2026-09-13T14:08:45.074661-04:00"}, {"id": "7e95aa1a-a914-43cb-9548-6cf51bd0d181", "kind": "review", "details": {"result": "reviewed", "findings": "Administrative receipt and signature evidence reviewed", "version_id": "fb537e8c-ed0d-4d67-92b6-b6c9c184bcc7"}, "task_id": "a032f9c7-45f6-4259-83e3-8cd7bbf11d49", "actor_id": "b1fcb348-2842-417a-9c8e-6871489b42ff", "recorded_at": "2026-09-13T14:08:43.896253-04:00"}, {"id": "57e02cf6-7723-44c5-91f3-ae53c852e3a9", "kind": "signature_observation", "details": {"page": 2, "signed_on": "2026-09-12", "version_id": "fb537e8c-ed0d-4d67-92b6-b6c9c184bcc7", "page_status": "operator_reported_unverified", "signer_role": "caseworker", "signer_label": "Observed actual caseworker", "verification": "operator_observed", "source_provenance": "Observed signature on exact native PDF version"}, "task_id": "a032f9c7-45f6-4259-83e3-8cd7bbf11d49", "actor_id": "b1fcb348-2842-417a-9c8e-6871489b42ff", "recorded_at": "2026-09-13T14:08:43.606532-04:00"}, {"id": "08d5e7c2-83f3-4ebc-a749-97496bd00e49", "kind": "set_due", "details": {"due_on": "2026-09-12", "approved_on": "2026-09-11", "verification": "operator_recorded_approval_evidence", "approver_label": "Actual source approver", "effective_date": "2026-09-14", "source_version_id": "fb537e8c-ed0d-4d67-92b6-b6c9c184bcc7", "approval_reference": "Cited operator-observed approval"}, "task_id": "a032f9c7-45f6-4259-83e3-8cd7bbf11d49", "actor_id": "b1fcb348-2842-417a-9c8e-6871489b42ff", "recorded_at": "2026-09-13T14:08:43.083192-04:00"}, {"id": "220238a2-6c36-4194-ba9f-6ec912409c0d", "kind": "attach_receipt", "details": {"version_id": "fb537e8c-ed0d-4d67-92b6-b6c9c184bcc7", "received_on": "2026-09-13", "receipt_provenance": "Actual paper report received; date only"}, "task_id": "a032f9c7-45f6-4259-83e3-8cd7bbf11d49", "actor_id": "b1fcb348-2842-417a-9c8e-6871489b42ff", "recorded_at": "2026-09-13T14:08:42.655011-04:00"}], "overdue": false, "revision": "e50bc999-1860-4b5f-8d5b-1795bf539e48", "due_state": "documented_approval_pending_effective", "contact_id": "9d8d6222-d090-454e-a3f7-369c9d794ed8", "owner_role": null, "service_at": null, "service_on": "2026-09-12", "last_review": {"result": "reviewed", "task_id": "e0555e21-3a10-4d48-b4d3-169d6f965d42", "recorded_at": "2026-09-13T14:08:45.074661-04:00", "reviewer_id": "b1fcb348-2842-417a-9c8e-6871489b42ff"}, "owner_label": null, "received_at": null, "received_on": "2026-09-13", "follow_up_at": null, "review_state": "reviewed", "contact_label": "Synthetic Caseworker", "document_type": "support_plan", "owner_user_id": null, "chase_issue_id": null, "due_provenance": {"due_on": "2026-09-12", "approved_on": "2026-09-11", "verification": "operator_recorded_approval_evidence", "approver_label": "Actual source approver", "effective_date": "2026-09-14", "source_version_id": "fb537e8c-ed0d-4d67-92b6-b6c9c184bcc7", "approval_reference": "Cited operator-observed approval"}, "origin_task_id": "a032f9c7-45f6-4259-83e3-8cd7bbf11d49", "contact_current": false, "events_complete": true, "expected_version": "First received plan", "required_signers": "unknown", "current_version_id": "fb537e8c-ed0d-4d67-92b6-b6c9c184bcc7", "receipt_provenance": "Actual paper report received; date only", "service_provenance": "Operator observed service; no provider attestation claimed", "service_confirmation": "operator_attested"}], "chase_candidates": []}
(1 row)

 pp_assert
-----------

(1 row)

 pp_assert
-----------

(1 row)

                                                                                                                                                                                                                                                                                                                                                                                                                                                                                                                                                                                                                                                                                                                                                                                                                                                                                                                                                                                                                                                                                                                                                                                                                                                                                                                                                                                                                                                                                                                                                                                                                                                                                                                                                                                                                                                                                                                                                                                                                                                                                                                                                                                                                                                                                                                                                                                                                                                                                                                                                                                                                                                                                                                                                                                                                                                                                                                                                                                         provider_report_command
---------------------------------------------------------------------------------------------------------------------------------------------------------------------------------------------------------------------------------------------------------------------------------------------------------------------------------------------------------------------------------------------------------------------------------------------------------------------------------------------------------------------------------------------------------------------------------------------------------------------------------------------------------------------------------------------------------------------------------------------------------------------------------------------------------------------------------------------------------------------------------------------------------------------------------------------------------------------------------------------------------------------------------------------------------------------------------------------------------------------------------------------------------------------------------------------------------------------------------------------------------------------------------------------------------------------------------------------------------------------------------------------------------------------------------------------------------------------------------------------------------------------------------------------------------------------------------------------------------------------------------------------------------------------------------------------------------------------------------------------------------------------------------------------------------------------------------------------------------------------------------------------------------------------------------------------------------------------------------------------------------------------------------------------------------------------------------------------------------------------------------------------------------------------------------------------------------------------------------------------------------------------------------------------------------------------------------------------------------------------------------------------------------------------------------------------------------------------------------------------------------------------------------------------------------------------------------------------------------------------------------------------------------------------------------------------------------------------------------------------------------------------------------------------------------------------------------------------------------------------------------------------------------------------------------------------------------------------------------------------------------------------------------------------------------------------------------------------------------------------------------------------------------------------------------------------------------------------------------------------------------------------------------------------------------------------------------------------------------------------------------------------------------------------------------------------------------------------------------------------------------------------------------------------------------------------------------------------------------------------------------------------------------------------------------------------------------------------------------------------------------------------------------------------------------------------------------------------------------------------------------------------------------------------------------------------------------------------------------------------------------------------------------------------------------------------------------------------------------------------------------------------------------------------------------------------------------------------------------------------------------------------------------------------------------------------------------------------------------------------------------------------------------------------------------------------------------------------------------------------------------------------------------------------------------------------------------------------------------------------------------------------------------------------------------------------------------------------------------------------------------------------------------------------------------------------------------------------------------------------------------------------------------------------------------------------------------------------------------------------------------------------------------------------------------------------------------------------------------------------------------------------------------------------------------------------------------------------------------------------------------------------------------------------------------------------------------------------------------------------------------------------------------------------------------------------------------------------------------------------------------------------------------------------------------------------------------------------------------------------------------------------------------------------------------------------------------------------------------------------------------------------------------------------------------------------------------------------------------------------------------------------------------------------------------------------------------------------------------------------------------
 {"reason": "Operator-attested service and administrative history only; provider signatures, applicability and renewal rules are not inferred.", "task_id": "e0555e21-3a10-4d48-b4d3-169d6f965d42", "complete": true, "contacts": [{"id": "9d8d6222-d090-454e-a3f7-369c9d794ed8", "type": "caseworker", "label": "Corrected current contact name"}], "eligible": true, "versions": [{"id": "fb537e8c-ed0d-4d67-92b6-b6c9c184bcc7", "state": "finalized", "title": "Synthetic support plan", "bucket": "resident-documents", "task_id": "a032f9c7-45f6-4259-83e3-8cd7bbf11d49", "revision": "8af657c7-db70-42f2-a645-26e0728b4922", "page_count": null, "document_id": "5d056a91-f442-4258-a7cf-6903628714ea", "facility_id": "8c58713c-c422-4850-b601-246026760338", "object_path": "8c58713c-c422-4850-b601-246026760338/5d056a91-f442-4258-a7cf-6903628714ea/fb537e8c-ed0d-4d67-92b6-b6c9c184bcc7/source", "prepared_at": "2026-09-13T14:08:42.327737-04:00", "resident_id": "569d6e33-8a89-4e47-8159-9c12265f8c06", "finalized_at": "2026-09-13T14:08:42.482463-04:00", "declared_mime": "application/pdf", "document_type": "support_plan", "native_current": true, "declared_sha256": "baad13769b56aaeb5b072762fefe73bc572a131353d594ec2db2b382bfabadfa", "checksum_verified": true, "native_document_id": "5d056a91-f442-4258-a7cf-6903628714ea", "declared_size_bytes": 12, "supersedes_version_id": null}], "can_intake": true, "can_manage": true, "resident_id": "569d6e33-8a89-4e47-8159-9c12265f8c06", "availability": "available", "expectations": [{"id": "f1d21ed5-a649-4051-9490-6dc9b7a71683", "due_at": null, "due_on": "2026-09-12", "events": [{"id": "b3107917-cc63-40fe-911f-34741b3e03fa", "kind": "link_chase", "details": {"issue_id": "a99722f9-6341-45cc-877b-b7f6fbc1e870"}, "task_id": "e0555e21-3a10-4d48-b4d3-169d6f965d42", "actor_id": "b1fcb348-2842-417a-9c8e-6871489b42ff", "recorded_at": "2026-09-13T14:08:45.351121-04:00"}, {"id": "e50bc999-1860-4b5f-8d5b-1795bf539e48", "kind": "review", "details": {"result": "reviewed", "findings": "Distinct second monthly administrative review", "version_id": "fb537e8c-ed0d-4d67-92b6-b6c9c184bcc7"}, "task_id": "e0555e21-3a10-4d48-b4d3-169d6f965d42", "actor_id": "b1fcb348-2842-417a-9c8e-6871489b42ff", "recorded_at": "2026-09-13T14:08:45.074661-04:00"}, {"id": "7e95aa1a-a914-43cb-9548-6cf51bd0d181", "kind": "review", "details": {"result": "reviewed", "findings": "Administrative receipt and signature evidence reviewed", "version_id": "fb537e8c-ed0d-4d67-92b6-b6c9c184bcc7"}, "task_id": "a032f9c7-45f6-4259-83e3-8cd7bbf11d49", "actor_id": "b1fcb348-2842-417a-9c8e-6871489b42ff", "recorded_at": "2026-09-13T14:08:43.896253-04:00"}, {"id": "57e02cf6-7723-44c5-91f3-ae53c852e3a9", "kind": "signature_observation", "details": {"page": 2, "signed_on": "2026-09-12", "version_id": "fb537e8c-ed0d-4d67-92b6-b6c9c184bcc7", "page_status": "operator_reported_unverified", "signer_role": "caseworker", "signer_label": "Observed actual caseworker", "verification": "operator_observed", "source_provenance": "Observed signature on exact native PDF version"}, "task_id": "a032f9c7-45f6-4259-83e3-8cd7bbf11d49", "actor_id": "b1fcb348-2842-417a-9c8e-6871489b42ff", "recorded_at": "2026-09-13T14:08:43.606532-04:00"}, {"id": "08d5e7c2-83f3-4ebc-a749-97496bd00e49", "kind": "set_due", "details": {"due_on": "2026-09-12", "approved_on": "2026-09-11", "verification": "operator_recorded_approval_evidence", "approver_label": "Actual source approver", "effective_date": "2026-09-14", "source_version_id": "fb537e8c-ed0d-4d67-92b6-b6c9c184bcc7", "approval_reference": "Cited operator-observed approval"}, "task_id": "a032f9c7-45f6-4259-83e3-8cd7bbf11d49", "actor_id": "b1fcb348-2842-417a-9c8e-6871489b42ff", "recorded_at": "2026-09-13T14:08:43.083192-04:00"}, {"id": "220238a2-6c36-4194-ba9f-6ec912409c0d", "kind": "attach_receipt", "details": {"version_id": "fb537e8c-ed0d-4d67-92b6-b6c9c184bcc7", "received_on": "2026-09-13", "receipt_provenance": "Actual paper report received; date only"}, "task_id": "a032f9c7-45f6-4259-83e3-8cd7bbf11d49", "actor_id": "b1fcb348-2842-417a-9c8e-6871489b42ff", "recorded_at": "2026-09-13T14:08:42.655011-04:00"}], "overdue": false, "revision": "b3107917-cc63-40fe-911f-34741b3e03fa", "due_state": "documented_approval_pending_effective", "contact_id": "9d8d6222-d090-454e-a3f7-369c9d794ed8", "owner_role": null, "service_at": null, "service_on": "2026-09-12", "last_review": {"result": "reviewed", "task_id": "e0555e21-3a10-4d48-b4d3-169d6f965d42", "recorded_at": "2026-09-13T14:08:45.074661-04:00", "reviewer_id": "b1fcb348-2842-417a-9c8e-6871489b42ff"}, "owner_label": null, "received_at": null, "received_on": "2026-09-13", "follow_up_at": null, "review_state": "reviewed", "contact_label": "Synthetic Caseworker", "document_type": "support_plan", "owner_user_id": null, "chase_issue_id": "a99722f9-6341-45cc-877b-b7f6fbc1e870", "due_provenance": {"due_on": "2026-09-12", "approved_on": "2026-09-11", "verification": "operator_recorded_approval_evidence", "approver_label": "Actual source approver", "effective_date": "2026-09-14", "source_version_id": "fb537e8c-ed0d-4d67-92b6-b6c9c184bcc7", "approval_reference": "Cited operator-observed approval"}, "origin_task_id": "a032f9c7-45f6-4259-83e3-8cd7bbf11d49", "contact_current": false, "events_complete": true, "expected_version": "First received plan", "required_signers": "unknown", "current_version_id": "fb537e8c-ed0d-4d67-92b6-b6c9c184bcc7", "receipt_provenance": "Actual paper report received; date only", "service_provenance": "Operator observed service; no provider attestation claimed", "service_confirmation": "operator_attested"}], "chase_candidates": [{"id": "a99722f9-6341-45cc-877b-b7f6fbc1e870", "label": "Follow-up · open · a99722f9", "status": "open", "owner_label": null}]}
(1 row)

 pp_assert
-----------

(1 row)

UPDATE 1
 pp_error
----------

(1 row)

 pp_assert
-----------

(1 row)

UPDATE 1
RESET
UPDATE 1
 pp_login
----------

(1 row)

SET
 pp_error
----------

(1 row)

RESET
UPDATE 1
 pp_login
----------

(1 row)

SET
 pp_assert
-----------

(1 row)

 pp_error
----------

(1 row)

RESET
 pp_login
----------

(1 row)

SET
 pp_assert
-----------

(1 row)

RESET
 pp_login
----------

(1 row)

SET
 pp_error
----------

(1 row)

RESET
 pp_login
----------

(1 row)

SET
 pp_error
----------

(1 row)

RESET
 pp_login
----------

(1 row)

SET
 pp_error
----------

(1 row)

 pp_error
----------

(1 row)

                                                                                                                                                                                                                                                                                                                                                                                                                                                                                                                                                                                                                                                                                                                                                                                                                                                                                                                                                                                                                                                                                                                                                                                                                                                                                                                                                                                                                                                                                                                                                                                                                                                                                                                                                                                                                                                                                                                                                                                                                                                                                                                                                                                                                                                                                                                                                                                                                                                                                                                                                                                                                                                                                                                                                                                                                                                                                                                                                                                                                                                                                                                                                                                                                                                                          provider_report_command
---------------------------------------------------------------------------------------------------------------------------------------------------------------------------------------------------------------------------------------------------------------------------------------------------------------------------------------------------------------------------------------------------------------------------------------------------------------------------------------------------------------------------------------------------------------------------------------------------------------------------------------------------------------------------------------------------------------------------------------------------------------------------------------------------------------------------------------------------------------------------------------------------------------------------------------------------------------------------------------------------------------------------------------------------------------------------------------------------------------------------------------------------------------------------------------------------------------------------------------------------------------------------------------------------------------------------------------------------------------------------------------------------------------------------------------------------------------------------------------------------------------------------------------------------------------------------------------------------------------------------------------------------------------------------------------------------------------------------------------------------------------------------------------------------------------------------------------------------------------------------------------------------------------------------------------------------------------------------------------------------------------------------------------------------------------------------------------------------------------------------------------------------------------------------------------------------------------------------------------------------------------------------------------------------------------------------------------------------------------------------------------------------------------------------------------------------------------------------------------------------------------------------------------------------------------------------------------------------------------------------------------------------------------------------------------------------------------------------------------------------------------------------------------------------------------------------------------------------------------------------------------------------------------------------------------------------------------------------------------------------------------------------------------------------------------------------------------------------------------------------------------------------------------------------------------------------------------------------------------------------------------------------------------------------------------------------------------------------------------------------------------------------------------------------------------------------------------------------------------------------------------------------------------------------------------------------------------------------------------------------------------------------------------------------------------------------------------------------------------------------------------------------------------------------------------------------------------------------------------------------------------------------------------------------------------------------------------------------------------------------------------------------------------------------------------------------------------------------------------------------------------------------------------------------------------------------------------------------------------------------------------------------------------------------------------------------------------------------------------------------------------------------------------------------------------------------------------------------------------------------------------------------------------------------------------------------------------------------------------------------------------------------------------------------------------------------------------------------------------------------------------------------------------------------------------------------------------------------------------------------------------------------------------------------------------------------------------------------------------------------------------------------------------------------------------------------------------------------------------------------------------------------------------------------------------------------------------------------------------------------------------------------------------------------------------------------------------------------------------------------------------------------------------------------------------------------------------------------------------------------------------------------------------------------------------------------------------------------------------------------------------------------------------------------------------------------------------------------------------------------------------------------------------------------------------------------------------------------------------------------------------------------------------------------------------------------------------------------------------------------------------------------------------------------------------------------------------------------------------------------------------------------------------------------------------------------------------------------------------------------------------------------------------------------------------------------------------------------------------------------------------------------------------------------------------------------------------------------------------------------------------------------------------------------------------------------
 {"reason": "Operator-attested service and administrative history only; provider signatures, applicability and renewal rules are not inferred.", "task_id": "e0555e21-3a10-4d48-b4d3-169d6f965d42", "complete": true, "contacts": [{"id": "9d8d6222-d090-454e-a3f7-369c9d794ed8", "type": "caseworker", "label": "Corrected current contact name"}], "eligible": true, "versions": [{"id": "fb537e8c-ed0d-4d67-92b6-b6c9c184bcc7", "state": "finalized", "title": "Synthetic support plan", "bucket": "resident-documents", "task_id": "a032f9c7-45f6-4259-83e3-8cd7bbf11d49", "revision": "8af657c7-db70-42f2-a645-26e0728b4922", "page_count": null, "document_id": "5d056a91-f442-4258-a7cf-6903628714ea", "facility_id": "8c58713c-c422-4850-b601-246026760338", "object_path": "8c58713c-c422-4850-b601-246026760338/5d056a91-f442-4258-a7cf-6903628714ea/fb537e8c-ed0d-4d67-92b6-b6c9c184bcc7/source", "prepared_at": "2026-09-13T14:08:42.327737-04:00", "resident_id": "569d6e33-8a89-4e47-8159-9c12265f8c06", "finalized_at": "2026-09-13T14:08:42.482463-04:00", "declared_mime": "application/pdf", "document_type": "support_plan", "native_current": true, "declared_sha256": "baad13769b56aaeb5b072762fefe73bc572a131353d594ec2db2b382bfabadfa", "checksum_verified": true, "native_document_id": "5d056a91-f442-4258-a7cf-6903628714ea", "declared_size_bytes": 12, "supersedes_version_id": null}], "can_intake": true, "can_manage": true, "resident_id": "569d6e33-8a89-4e47-8159-9c12265f8c06", "availability": "available", "expectations": [{"id": "f1d21ed5-a649-4051-9490-6dc9b7a71683", "due_at": null, "due_on": "2026-09-12", "events": [{"id": "b666d2ee-1184-4950-b7e2-4688ecf0ab74", "kind": "signature_observation", "details": {"page": 1, "version_id": "fb537e8c-ed0d-4d67-92b6-b6c9c184bcc7", "page_status": "operator_reported_unverified", "signer_role": "resident", "signer_label": "Observed resident signature", "verification": "operator_observed", "source_provenance": "Observed separate resident signature; date unknown"}, "task_id": "e0555e21-3a10-4d48-b4d3-169d6f965d42", "actor_id": "b1fcb348-2842-417a-9c8e-6871489b42ff", "recorded_at": "2026-09-13T14:08:46.321962-04:00"}, {"id": "b3107917-cc63-40fe-911f-34741b3e03fa", "kind": "link_chase", "details": {"issue_id": "a99722f9-6341-45cc-877b-b7f6fbc1e870"}, "task_id": "e0555e21-3a10-4d48-b4d3-169d6f965d42", "actor_id": "b1fcb348-2842-417a-9c8e-6871489b42ff", "recorded_at": "2026-09-13T14:08:45.351121-04:00"}, {"id": "e50bc999-1860-4b5f-8d5b-1795bf539e48", "kind": "review", "details": {"result": "reviewed", "findings": "Distinct second monthly administrative review", "version_id": "fb537e8c-ed0d-4d67-92b6-b6c9c184bcc7"}, "task_id": "e0555e21-3a10-4d48-b4d3-169d6f965d42", "actor_id": "b1fcb348-2842-417a-9c8e-6871489b42ff", "recorded_at": "2026-09-13T14:08:45.074661-04:00"}, {"id": "7e95aa1a-a914-43cb-9548-6cf51bd0d181", "kind": "review", "details": {"result": "reviewed", "findings": "Administrative receipt and signature evidence reviewed", "version_id": "fb537e8c-ed0d-4d67-92b6-b6c9c184bcc7"}, "task_id": "a032f9c7-45f6-4259-83e3-8cd7bbf11d49", "actor_id": "b1fcb348-2842-417a-9c8e-6871489b42ff", "recorded_at": "2026-09-13T14:08:43.896253-04:00"}, {"id": "57e02cf6-7723-44c5-91f3-ae53c852e3a9", "kind": "signature_observation", "details": {"page": 2, "signed_on": "2026-09-12", "version_id": "fb537e8c-ed0d-4d67-92b6-b6c9c184bcc7", "page_status": "operator_reported_unverified", "signer_role": "caseworker", "signer_label": "Observed actual caseworker", "verification": "operator_observed", "source_provenance": "Observed signature on exact native PDF version"}, "task_id": "a032f9c7-45f6-4259-83e3-8cd7bbf11d49", "actor_id": "b1fcb348-2842-417a-9c8e-6871489b42ff", "recorded_at": "2026-09-13T14:08:43.606532-04:00"}, {"id": "08d5e7c2-83f3-4ebc-a749-97496bd00e49", "kind": "set_due", "details": {"due_on": "2026-09-12", "approved_on": "2026-09-11", "verification": "operator_recorded_approval_evidence", "approver_label": "Actual source approver", "effective_date": "2026-09-14", "source_version_id": "fb537e8c-ed0d-4d67-92b6-b6c9c184bcc7", "approval_reference": "Cited operator-observed approval"}, "task_id": "a032f9c7-45f6-4259-83e3-8cd7bbf11d49", "actor_id": "b1fcb348-2842-417a-9c8e-6871489b42ff", "recorded_at": "2026-09-13T14:08:43.083192-04:00"}, {"id": "220238a2-6c36-4194-ba9f-6ec912409c0d", "kind": "attach_receipt", "details": {"version_id": "fb537e8c-ed0d-4d67-92b6-b6c9c184bcc7", "received_on": "2026-09-13", "receipt_provenance": "Actual paper report received; date only"}, "task_id": "a032f9c7-45f6-4259-83e3-8cd7bbf11d49", "actor_id": "b1fcb348-2842-417a-9c8e-6871489b42ff", "recorded_at": "2026-09-13T14:08:42.655011-04:00"}], "overdue": false, "revision": "b666d2ee-1184-4950-b7e2-4688ecf0ab74", "due_state": "documented_approval_pending_effective", "contact_id": "9d8d6222-d090-454e-a3f7-369c9d794ed8", "owner_role": null, "service_at": null, "service_on": "2026-09-12", "last_review": {"result": "reviewed", "task_id": "e0555e21-3a10-4d48-b4d3-169d6f965d42", "recorded_at": "2026-09-13T14:08:45.074661-04:00", "reviewer_id": "b1fcb348-2842-417a-9c8e-6871489b42ff"}, "owner_label": null, "received_at": null, "received_on": "2026-09-13", "follow_up_at": null, "review_state": "reviewed", "contact_label": "Synthetic Caseworker", "document_type": "support_plan", "owner_user_id": null, "chase_issue_id": "a99722f9-6341-45cc-877b-b7f6fbc1e870", "due_provenance": {"due_on": "2026-09-12", "approved_on": "2026-09-11", "verification": "operator_recorded_approval_evidence", "approver_label": "Actual source approver", "effective_date": "2026-09-14", "source_version_id": "fb537e8c-ed0d-4d67-92b6-b6c9c184bcc7", "approval_reference": "Cited operator-observed approval"}, "origin_task_id": "a032f9c7-45f6-4259-83e3-8cd7bbf11d49", "contact_current": false, "events_complete": true, "expected_version": "First received plan", "required_signers": "unknown", "current_version_id": "fb537e8c-ed0d-4d67-92b6-b6c9c184bcc7", "receipt_provenance": "Actual paper report received; date only", "service_provenance": "Operator observed service; no provider attestation claimed", "service_confirmation": "operator_attested"}], "chase_candidates": [{"id": "a99722f9-6341-45cc-877b-b7f6fbc1e870", "label": "Follow-up · open · a99722f9", "status": "open", "owner_label": null}]}
(1 row)

                                                                                                                                                                                                                                                                                                                                                                                                                                                                                                                                                                                                                                                                                                                                                                                                                                                                                                                                                                                                                                                                                                                                                                                                                                                                                                                                                                                                                                                                                                                                                                                                                                                                                                                                                                                                                                                                                                                                                                                                                                                                                                                                                                                                                                                                                                                                                                                                                                                                                                                                                                                                                                                                                                                                                                                                                                                                                                                                                                                                                                                                                                                                                                                                                                                                                                                                                                                                                                                                                                                                                                  provider_report_command
------------------------------------------------------------------------------------------------------------------------------------------------------------------------------------------------------------------------------------------------------------------------------------------------------------------------------------------------------------------------------------------------------------------------------------------------------------------------------------------------------------------------------------------------------------------------------------------------------------------------------------------------------------------------------------------------------------------------------------------------------------------------------------------------------------------------------------------------------------------------------------------------------------------------------------------------------------------------------------------------------------------------------------------------------------------------------------------------------------------------------------------------------------------------------------------------------------------------------------------------------------------------------------------------------------------------------------------------------------------------------------------------------------------------------------------------------------------------------------------------------------------------------------------------------------------------------------------------------------------------------------------------------------------------------------------------------------------------------------------------------------------------------------------------------------------------------------------------------------------------------------------------------------------------------------------------------------------------------------------------------------------------------------------------------------------------------------------------------------------------------------------------------------------------------------------------------------------------------------------------------------------------------------------------------------------------------------------------------------------------------------------------------------------------------------------------------------------------------------------------------------------------------------------------------------------------------------------------------------------------------------------------------------------------------------------------------------------------------------------------------------------------------------------------------------------------------------------------------------------------------------------------------------------------------------------------------------------------------------------------------------------------------------------------------------------------------------------------------------------------------------------------------------------------------------------------------------------------------------------------------------------------------------------------------------------------------------------------------------------------------------------------------------------------------------------------------------------------------------------------------------------------------------------------------------------------------------------------------------------------------------------------------------------------------------------------------------------------------------------------------------------------------------------------------------------------------------------------------------------------------------------------------------------------------------------------------------------------------------------------------------------------------------------------------------------------------------------------------------------------------------------------------------------------------------------------------------------------------------------------------------------------------------------------------------------------------------------------------------------------------------------------------------------------------------------------------------------------------------------------------------------------------------------------------------------------------------------------------------------------------------------------------------------------------------------------------------------------------------------------------------------------------------------------------------------------------------------------------------------------------------------------------------------------------------------------------------------------------------------------------------------------------------------------------------------------------------------------------------------------------------------------------------------------------------------------------------------------------------------------------------------------------------------------------------------------------------------------------------------------------------------------------------------------------------------------------------------------------------------------------------------------------------------------------------------------------------------------------------------------------------------------------------------------------------------------------------------------------------------------------------------------------------------------------------------------------------------------------------------------------------------------------------------------------------------------------------------------------------------------------------------------------------------------------------------------------------------------------------------------------------------------------------------------------------------------------------------------------------------------------------------------------------------------------------------------------------------------------------------------------------------------------------------------------------------------------------------------------------------------------------------------------------------------------------------------------------------------------------------------------------------------------------------------------------------------------------------------------------------------------------------------------------------------------------------------------------------------------------------------------------------------------------------------------------------------------------------------------------------------------------------------------------------------------------------------------------------------------------------------------------------------------------
 {"reason": "Operator-attested service and administrative history only; provider signatures, applicability and renewal rules are not inferred.", "task_id": "e0555e21-3a10-4d48-b4d3-169d6f965d42", "complete": true, "contacts": [{"id": "9d8d6222-d090-454e-a3f7-369c9d794ed8", "type": "caseworker", "label": "Corrected current contact name"}], "eligible": true, "versions": [{"id": "fb537e8c-ed0d-4d67-92b6-b6c9c184bcc7", "state": "finalized", "title": "Synthetic support plan", "bucket": "resident-documents", "task_id": "a032f9c7-45f6-4259-83e3-8cd7bbf11d49", "revision": "8af657c7-db70-42f2-a645-26e0728b4922", "page_count": null, "document_id": "5d056a91-f442-4258-a7cf-6903628714ea", "facility_id": "8c58713c-c422-4850-b601-246026760338", "object_path": "8c58713c-c422-4850-b601-246026760338/5d056a91-f442-4258-a7cf-6903628714ea/fb537e8c-ed0d-4d67-92b6-b6c9c184bcc7/source", "prepared_at": "2026-09-13T14:08:42.327737-04:00", "resident_id": "569d6e33-8a89-4e47-8159-9c12265f8c06", "finalized_at": "2026-09-13T14:08:42.482463-04:00", "declared_mime": "application/pdf", "document_type": "support_plan", "native_current": true, "declared_sha256": "baad13769b56aaeb5b072762fefe73bc572a131353d594ec2db2b382bfabadfa", "checksum_verified": true, "native_document_id": "5d056a91-f442-4258-a7cf-6903628714ea", "declared_size_bytes": 12, "supersedes_version_id": null}], "can_intake": true, "can_manage": true, "resident_id": "569d6e33-8a89-4e47-8159-9c12265f8c06", "availability": "available", "expectations": [{"id": "f1d21ed5-a649-4051-9490-6dc9b7a71683", "due_at": null, "due_on": "2026-09-12", "events": [{"id": "4dd3d1c3-1cf1-4da2-a352-d52b11bb83b5", "kind": "signature_observation", "details": {"page": 1, "version_id": "fb537e8c-ed0d-4d67-92b6-b6c9c184bcc7", "page_status": "operator_reported_unverified", "signer_role": "administrator", "signer_label": "Observed administrator signature", "verification": "operator_observed", "source_provenance": "Observed separate administrator signature; date unknown"}, "task_id": "e0555e21-3a10-4d48-b4d3-169d6f965d42", "actor_id": "b1fcb348-2842-417a-9c8e-6871489b42ff", "recorded_at": "2026-09-13T14:08:46.711136-04:00"}, {"id": "b666d2ee-1184-4950-b7e2-4688ecf0ab74", "kind": "signature_observation", "details": {"page": 1, "version_id": "fb537e8c-ed0d-4d67-92b6-b6c9c184bcc7", "page_status": "operator_reported_unverified", "signer_role": "resident", "signer_label": "Observed resident signature", "verification": "operator_observed", "source_provenance": "Observed separate resident signature; date unknown"}, "task_id": "e0555e21-3a10-4d48-b4d3-169d6f965d42", "actor_id": "b1fcb348-2842-417a-9c8e-6871489b42ff", "recorded_at": "2026-09-13T14:08:46.321962-04:00"}, {"id": "b3107917-cc63-40fe-911f-34741b3e03fa", "kind": "link_chase", "details": {"issue_id": "a99722f9-6341-45cc-877b-b7f6fbc1e870"}, "task_id": "e0555e21-3a10-4d48-b4d3-169d6f965d42", "actor_id": "b1fcb348-2842-417a-9c8e-6871489b42ff", "recorded_at": "2026-09-13T14:08:45.351121-04:00"}, {"id": "e50bc999-1860-4b5f-8d5b-1795bf539e48", "kind": "review", "details": {"result": "reviewed", "findings": "Distinct second monthly administrative review", "version_id": "fb537e8c-ed0d-4d67-92b6-b6c9c184bcc7"}, "task_id": "e0555e21-3a10-4d48-b4d3-169d6f965d42", "actor_id": "b1fcb348-2842-417a-9c8e-6871489b42ff", "recorded_at": "2026-09-13T14:08:45.074661-04:00"}, {"id": "7e95aa1a-a914-43cb-9548-6cf51bd0d181", "kind": "review", "details": {"result": "reviewed", "findings": "Administrative receipt and signature evidence reviewed", "version_id": "fb537e8c-ed0d-4d67-92b6-b6c9c184bcc7"}, "task_id": "a032f9c7-45f6-4259-83e3-8cd7bbf11d49", "actor_id": "b1fcb348-2842-417a-9c8e-6871489b42ff", "recorded_at": "2026-09-13T14:08:43.896253-04:00"}, {"id": "57e02cf6-7723-44c5-91f3-ae53c852e3a9", "kind": "signature_observation", "details": {"page": 2, "signed_on": "2026-09-12", "version_id": "fb537e8c-ed0d-4d67-92b6-b6c9c184bcc7", "page_status": "operator_reported_unverified", "signer_role": "caseworker", "signer_label": "Observed actual caseworker", "verification": "operator_observed", "source_provenance": "Observed signature on exact native PDF version"}, "task_id": "a032f9c7-45f6-4259-83e3-8cd7bbf11d49", "actor_id": "b1fcb348-2842-417a-9c8e-6871489b42ff", "recorded_at": "2026-09-13T14:08:43.606532-04:00"}, {"id": "08d5e7c2-83f3-4ebc-a749-97496bd00e49", "kind": "set_due", "details": {"due_on": "2026-09-12", "approved_on": "2026-09-11", "verification": "operator_recorded_approval_evidence", "approver_label": "Actual source approver", "effective_date": "2026-09-14", "source_version_id": "fb537e8c-ed0d-4d67-92b6-b6c9c184bcc7", "approval_reference": "Cited operator-observed approval"}, "task_id": "a032f9c7-45f6-4259-83e3-8cd7bbf11d49", "actor_id": "b1fcb348-2842-417a-9c8e-6871489b42ff", "recorded_at": "2026-09-13T14:08:43.083192-04:00"}, {"id": "220238a2-6c36-4194-ba9f-6ec912409c0d", "kind": "attach_receipt", "details": {"version_id": "fb537e8c-ed0d-4d67-92b6-b6c9c184bcc7", "received_on": "2026-09-13", "receipt_provenance": "Actual paper report received; date only"}, "task_id": "a032f9c7-45f6-4259-83e3-8cd7bbf11d49", "actor_id": "b1fcb348-2842-417a-9c8e-6871489b42ff", "recorded_at": "2026-09-13T14:08:42.655011-04:00"}], "overdue": false, "revision": "4dd3d1c3-1cf1-4da2-a352-d52b11bb83b5", "due_state": "documented_approval_pending_effective", "contact_id": "9d8d6222-d090-454e-a3f7-369c9d794ed8", "owner_role": null, "service_at": null, "service_on": "2026-09-12", "last_review": {"result": "reviewed", "task_id": "e0555e21-3a10-4d48-b4d3-169d6f965d42", "recorded_at": "2026-09-13T14:08:45.074661-04:00", "reviewer_id": "b1fcb348-2842-417a-9c8e-6871489b42ff"}, "owner_label": null, "received_at": null, "received_on": "2026-09-13", "follow_up_at": null, "review_state": "reviewed", "contact_label": "Synthetic Caseworker", "document_type": "support_plan", "owner_user_id": null, "chase_issue_id": "a99722f9-6341-45cc-877b-b7f6fbc1e870", "due_provenance": {"due_on": "2026-09-12", "approved_on": "2026-09-11", "verification": "operator_recorded_approval_evidence", "approver_label": "Actual source approver", "effective_date": "2026-09-14", "source_version_id": "fb537e8c-ed0d-4d67-92b6-b6c9c184bcc7", "approval_reference": "Cited operator-observed approval"}, "origin_task_id": "a032f9c7-45f6-4259-83e3-8cd7bbf11d49", "contact_current": false, "events_complete": true, "expected_version": "First received plan", "required_signers": "unknown", "current_version_id": "fb537e8c-ed0d-4d67-92b6-b6c9c184bcc7", "receipt_provenance": "Actual paper report received; date only", "service_provenance": "Operator observed service; no provider attestation claimed", "service_confirmation": "operator_attested"}], "chase_candidates": [{"id": "a99722f9-6341-45cc-877b-b7f6fbc1e870", "label": "Follow-up · open · a99722f9", "status": "open", "owner_label": null}]}
(1 row)

 pp_assert
-----------

(1 row)

                                                                                                                                                                                                                                                                                                                                                                                                                                                                                                                                                                                                                                                                                                                                                                                                                                                                                                                                                                                                                                                                                                                                                                                                                                                                                                                                                                                                                                                                                                                                                                                                                                                                                                                                                                                                                                                                                                                                                                                                                                                                                                                                                                                                                                                                                                                                                                                                                                                                                                                                                                                                                                                                                                                                                                                                                                                                                                                                                                                                                                                                                                                                                                                                                                                                                                                                                                                                                                                                                                                                                                                                                                                                                                                                                                                                                                                                                         provider_report_command
---------------------------------------------------------------------------------------------------------------------------------------------------------------------------------------------------------------------------------------------------------------------------------------------------------------------------------------------------------------------------------------------------------------------------------------------------------------------------------------------------------------------------------------------------------------------------------------------------------------------------------------------------------------------------------------------------------------------------------------------------------------------------------------------------------------------------------------------------------------------------------------------------------------------------------------------------------------------------------------------------------------------------------------------------------------------------------------------------------------------------------------------------------------------------------------------------------------------------------------------------------------------------------------------------------------------------------------------------------------------------------------------------------------------------------------------------------------------------------------------------------------------------------------------------------------------------------------------------------------------------------------------------------------------------------------------------------------------------------------------------------------------------------------------------------------------------------------------------------------------------------------------------------------------------------------------------------------------------------------------------------------------------------------------------------------------------------------------------------------------------------------------------------------------------------------------------------------------------------------------------------------------------------------------------------------------------------------------------------------------------------------------------------------------------------------------------------------------------------------------------------------------------------------------------------------------------------------------------------------------------------------------------------------------------------------------------------------------------------------------------------------------------------------------------------------------------------------------------------------------------------------------------------------------------------------------------------------------------------------------------------------------------------------------------------------------------------------------------------------------------------------------------------------------------------------------------------------------------------------------------------------------------------------------------------------------------------------------------------------------------------------------------------------------------------------------------------------------------------------------------------------------------------------------------------------------------------------------------------------------------------------------------------------------------------------------------------------------------------------------------------------------------------------------------------------------------------------------------------------------------------------------------------------------------------------------------------------------------------------------------------------------------------------------------------------------------------------------------------------------------------------------------------------------------------------------------------------------------------------------------------------------------------------------------------------------------------------------------------------------------------------------------------------------------------------------------------------------------------------------------------------------------------------------------------------------------------------------------------------------------------------------------------------------------------------------------------------------------------------------------------------------------------------------------------------------------------------------------------------------------------------------------------------------------------------------------------------------------------------------------------------------------------------------------------------------------------------------------------------------------------------------------------------------------------------------------------------------------------------------------------------------------------------------------------------------------------------------------------------------------------------------------------------------------------------------------------------------------------------------------------------------------------------------------------------------------------------------------------------------------------------------------------------------------------------------------------------------------------------------------------------------------------------------------------------------------------------------------------------------------------------------------------------------------------------------------------------------------------------------------------------------------------------------------------------------------------------------------------------------------------------------------------------------------------------------------------------------------------------------------------------------------------------------------------------------------------------------------------------------------------------------------------------------------------------------------------------------------------------------------------------------------------------------------------------------------------------------------------------------------------------------------------------------------------------------------------------------------------------------------------------------------------------------------------------------------------------------------------------------------------------------------------------------------------------------------------------------------------------------------------------------------------------------------------------------------------------------------------------------------------------------------------------------------------------------------------------------------------------------------------------------------------------------------------------------------------------------------------------------------------------------------------------------------------------------------------------------------------------------------------------------------------------------------------------------------------------------------------------------------------------------------------------------------------------------------------------------------------------------------------------------------------------------------------
 {"reason": "Operator-attested service and administrative history only; provider signatures, applicability and renewal rules are not inferred.", "task_id": "e0555e21-3a10-4d48-b4d3-169d6f965d42", "complete": true, "contacts": [{"id": "9d8d6222-d090-454e-a3f7-369c9d794ed8", "type": "caseworker", "label": "Corrected current contact name"}], "eligible": true, "versions": [{"id": "fb537e8c-ed0d-4d67-92b6-b6c9c184bcc7", "state": "finalized", "title": "Synthetic support plan", "bucket": "resident-documents", "task_id": "a032f9c7-45f6-4259-83e3-8cd7bbf11d49", "revision": "8af657c7-db70-42f2-a645-26e0728b4922", "page_count": null, "document_id": "5d056a91-f442-4258-a7cf-6903628714ea", "facility_id": "8c58713c-c422-4850-b601-246026760338", "object_path": "8c58713c-c422-4850-b601-246026760338/5d056a91-f442-4258-a7cf-6903628714ea/fb537e8c-ed0d-4d67-92b6-b6c9c184bcc7/source", "prepared_at": "2026-09-13T14:08:42.327737-04:00", "resident_id": "569d6e33-8a89-4e47-8159-9c12265f8c06", "finalized_at": "2026-09-13T14:08:42.482463-04:00", "declared_mime": "application/pdf", "document_type": "support_plan", "native_current": true, "declared_sha256": "baad13769b56aaeb5b072762fefe73bc572a131353d594ec2db2b382bfabadfa", "checksum_verified": true, "native_document_id": "5d056a91-f442-4258-a7cf-6903628714ea", "declared_size_bytes": 12, "supersedes_version_id": null}], "can_intake": true, "can_manage": true, "resident_id": "569d6e33-8a89-4e47-8159-9c12265f8c06", "availability": "available", "expectations": [{"id": "f1d21ed5-a649-4051-9490-6dc9b7a71683", "due_at": null, "due_on": "2026-09-12", "events": [{"id": "0b8996ee-9c98-4290-a6f7-ec8e60712950", "kind": "signature_observation", "details": {"page": 2, "version_id": "fb537e8c-ed0d-4d67-92b6-b6c9c184bcc7", "page_status": "operator_reported_unverified", "signer_role": "caseworker", "signer_label": "Corrected observed caseworker label", "verification": "operator_observed", "corrects_event_id": "57e02cf6-7723-44c5-91f3-ae53c852e3a9", "source_provenance": "Corrected documentary observation, same native version"}, "task_id": "e0555e21-3a10-4d48-b4d3-169d6f965d42", "actor_id": "b1fcb348-2842-417a-9c8e-6871489b42ff", "recorded_at": "2026-09-13T14:08:47.415958-04:00"}, {"id": "4dd3d1c3-1cf1-4da2-a352-d52b11bb83b5", "kind": "signature_observation", "details": {"page": 1, "version_id": "fb537e8c-ed0d-4d67-92b6-b6c9c184bcc7", "page_status": "operator_reported_unverified", "signer_role": "administrator", "signer_label": "Observed administrator signature", "verification": "operator_observed", "source_provenance": "Observed separate administrator signature; date unknown"}, "task_id": "e0555e21-3a10-4d48-b4d3-169d6f965d42", "actor_id": "b1fcb348-2842-417a-9c8e-6871489b42ff", "recorded_at": "2026-09-13T14:08:46.711136-04:00"}, {"id": "b666d2ee-1184-4950-b7e2-4688ecf0ab74", "kind": "signature_observation", "details": {"page": 1, "version_id": "fb537e8c-ed0d-4d67-92b6-b6c9c184bcc7", "page_status": "operator_reported_unverified", "signer_role": "resident", "signer_label": "Observed resident signature", "verification": "operator_observed", "source_provenance": "Observed separate resident signature; date unknown"}, "task_id": "e0555e21-3a10-4d48-b4d3-169d6f965d42", "actor_id": "b1fcb348-2842-417a-9c8e-6871489b42ff", "recorded_at": "2026-09-13T14:08:46.321962-04:00"}, {"id": "b3107917-cc63-40fe-911f-34741b3e03fa", "kind": "link_chase", "details": {"issue_id": "a99722f9-6341-45cc-877b-b7f6fbc1e870"}, "task_id": "e0555e21-3a10-4d48-b4d3-169d6f965d42", "actor_id": "b1fcb348-2842-417a-9c8e-6871489b42ff", "recorded_at": "2026-09-13T14:08:45.351121-04:00"}, {"id": "e50bc999-1860-4b5f-8d5b-1795bf539e48", "kind": "review", "details": {"result": "reviewed", "findings": "Distinct second monthly administrative review", "version_id": "fb537e8c-ed0d-4d67-92b6-b6c9c184bcc7"}, "task_id": "e0555e21-3a10-4d48-b4d3-169d6f965d42", "actor_id": "b1fcb348-2842-417a-9c8e-6871489b42ff", "recorded_at": "2026-09-13T14:08:45.074661-04:00"}, {"id": "7e95aa1a-a914-43cb-9548-6cf51bd0d181", "kind": "review", "details": {"result": "reviewed", "findings": "Administrative receipt and signature evidence reviewed", "version_id": "fb537e8c-ed0d-4d67-92b6-b6c9c184bcc7"}, "task_id": "a032f9c7-45f6-4259-83e3-8cd7bbf11d49", "actor_id": "b1fcb348-2842-417a-9c8e-6871489b42ff", "recorded_at": "2026-09-13T14:08:43.896253-04:00"}, {"id": "57e02cf6-7723-44c5-91f3-ae53c852e3a9", "kind": "signature_observation", "details": {"page": 2, "signed_on": "2026-09-12", "version_id": "fb537e8c-ed0d-4d67-92b6-b6c9c184bcc7", "page_status": "operator_reported_unverified", "signer_role": "caseworker", "signer_label": "Observed actual caseworker", "verification": "operator_observed", "source_provenance": "Observed signature on exact native PDF version"}, "task_id": "a032f9c7-45f6-4259-83e3-8cd7bbf11d49", "actor_id": "b1fcb348-2842-417a-9c8e-6871489b42ff", "recorded_at": "2026-09-13T14:08:43.606532-04:00"}, {"id": "08d5e7c2-83f3-4ebc-a749-97496bd00e49", "kind": "set_due", "details": {"due_on": "2026-09-12", "approved_on": "2026-09-11", "verification": "operator_recorded_approval_evidence", "approver_label": "Actual source approver", "effective_date": "2026-09-14", "source_version_id": "fb537e8c-ed0d-4d67-92b6-b6c9c184bcc7", "approval_reference": "Cited operator-observed approval"}, "task_id": "a032f9c7-45f6-4259-83e3-8cd7bbf11d49", "actor_id": "b1fcb348-2842-417a-9c8e-6871489b42ff", "recorded_at": "2026-09-13T14:08:43.083192-04:00"}, {"id": "220238a2-6c36-4194-ba9f-6ec912409c0d", "kind": "attach_receipt", "details": {"version_id": "fb537e8c-ed0d-4d67-92b6-b6c9c184bcc7", "received_on": "2026-09-13", "receipt_provenance": "Actual paper report received; date only"}, "task_id": "a032f9c7-45f6-4259-83e3-8cd7bbf11d49", "actor_id": "b1fcb348-2842-417a-9c8e-6871489b42ff", "recorded_at": "2026-09-13T14:08:42.655011-04:00"}], "overdue": false, "revision": "0b8996ee-9c98-4290-a6f7-ec8e60712950", "due_state": "documented_approval_pending_effective", "contact_id": "9d8d6222-d090-454e-a3f7-369c9d794ed8", "owner_role": null, "service_at": null, "service_on": "2026-09-12", "last_review": {"result": "reviewed", "task_id": "e0555e21-3a10-4d48-b4d3-169d6f965d42", "recorded_at": "2026-09-13T14:08:45.074661-04:00", "reviewer_id": "b1fcb348-2842-417a-9c8e-6871489b42ff"}, "owner_label": null, "received_at": null, "received_on": "2026-09-13", "follow_up_at": null, "review_state": "reviewed", "contact_label": "Synthetic Caseworker", "document_type": "support_plan", "owner_user_id": null, "chase_issue_id": "a99722f9-6341-45cc-877b-b7f6fbc1e870", "due_provenance": {"due_on": "2026-09-12", "approved_on": "2026-09-11", "verification": "operator_recorded_approval_evidence", "approver_label": "Actual source approver", "effective_date": "2026-09-14", "source_version_id": "fb537e8c-ed0d-4d67-92b6-b6c9c184bcc7", "approval_reference": "Cited operator-observed approval"}, "origin_task_id": "a032f9c7-45f6-4259-83e3-8cd7bbf11d49", "contact_current": false, "events_complete": true, "expected_version": "First received plan", "required_signers": "unknown", "current_version_id": "fb537e8c-ed0d-4d67-92b6-b6c9c184bcc7", "receipt_provenance": "Actual paper report received; date only", "service_provenance": "Operator observed service; no provider attestation claimed", "service_confirmation": "operator_attested"}], "chase_candidates": [{"id": "a99722f9-6341-45cc-877b-b7f6fbc1e870", "label": "Follow-up · open · a99722f9", "status": "open", "owner_label": null}]}
(1 row)

INSERT 0 1
INSERT 0 1
SELECT 1
GRANT
RESET
       set_config
-------------------------
 {"role":"service_role"}
(1 row)

SET
 attest_resident_document_bytes
--------------------------------

(1 row)

RESET
 pp_login
----------

(1 row)

SET
                                                                                                                                                                                                                                                                                                                                                                                                                                                                                                                              finalize_provider_document
--------------------------------------------------------------------------------------------------------------------------------------------------------------------------------------------------------------------------------------------------------------------------------------------------------------------------------------------------------------------------------------------------------------------------------------------------------------------------------------------------------------------------------------------------------------------------------------------------------------------------------------------------------------------------------------------------------------------------------------------------------------------------------------------------------------------------------------------------------------------------------------------------------------------------------------------------------------------------------------------------------------------------------------------------------------------------------------
 {"version": {"id": "d92ab023-766b-4b69-8ec0-953d456c75a8", "state": "finalized", "title": "Superseding native support plan", "bucket": "resident-documents", "task_id": "e0555e21-3a10-4d48-b4d3-169d6f965d42", "revision": "61670668-e6e8-427d-a8d2-f01dbc27f021", "page_count": null, "document_id": "77a17da9-4e16-4036-8c9e-45cdeb6f5a50", "facility_id": "8c58713c-c422-4850-b601-246026760338", "object_path": "8c58713c-c422-4850-b601-246026760338/77a17da9-4e16-4036-8c9e-45cdeb6f5a50/d92ab023-766b-4b69-8ec0-953d456c75a8/source", "prepared_at": "2026-09-13T14:08:47.71192-04:00", "resident_id": "569d6e33-8a89-4e47-8159-9c12265f8c06", "finalized_at": "2026-09-13T14:08:47.849235-04:00", "declared_mime": "application/pdf", "document_type": "support_plan", "native_current": true, "declared_sha256": "92df5b9a54ed1815b53f281228ca8ed5112c14b74f0033eb8c83b2c55128a0fe", "checksum_verified": true, "native_document_id": "77a17da9-4e16-4036-8c9e-45cdeb6f5a50", "declared_size_bytes": 12, "supersedes_version_id": "fb537e8c-ed0d-4d67-92b6-b6c9c184bcc7"}}
(1 row)

                                                                                                                                                                                                                                                                                                                                                                                                                                                                                                                                                                                                                                                                                                                                                                                                                                                                                                                                                                                                                                                                                                                                                                                                                                                                                                                                                                                                                                                                                                                                                                                                                                                                                                                                                                                                                                                                                                                                                                                                                                                                                                                                                                                                                                                                                                                                                                                                                                                                                                                                                                                                                                                                                                                                                                                                                                                                                                                                                                                                                                                                                                                                                                                                                                                                                                                                                                                                                                                                                                                                                                                                                                                                                                                                                                                                                                                                                                                                                                                                                                                                                                                                                                                                                                                                                                                                                                                                                                                                                                                                   provider_report_command
----------------------------------------------------------------------------------------------------------------------------------------------------------------------------------------------------------------------------------------------------------------------------------------------------------------------------------------------------------------------------------------------------------------------------------------------------------------------------------------------------------------------------------------------------------------------------------------------------------------------------------------------------------------------------------------------------------------------------------------------------------------------------------------------------------------------------------------------------------------------------------------------------------------------------------------------------------------------------------------------------------------------------------------------------------------------------------------------------------------------------------------------------------------------------------------------------------------------------------------------------------------------------------------------------------------------------------------------------------------------------------------------------------------------------------------------------------------------------------------------------------------------------------------------------------------------------------------------------------------------------------------------------------------------------------------------------------------------------------------------------------------------------------------------------------------------------------------------------------------------------------------------------------------------------------------------------------------------------------------------------------------------------------------------------------------------------------------------------------------------------------------------------------------------------------------------------------------------------------------------------------------------------------------------------------------------------------------------------------------------------------------------------------------------------------------------------------------------------------------------------------------------------------------------------------------------------------------------------------------------------------------------------------------------------------------------------------------------------------------------------------------------------------------------------------------------------------------------------------------------------------------------------------------------------------------------------------------------------------------------------------------------------------------------------------------------------------------------------------------------------------------------------------------------------------------------------------------------------------------------------------------------------------------------------------------------------------------------------------------------------------------------------------------------------------------------------------------------------------------------------------------------------------------------------------------------------------------------------------------------------------------------------------------------------------------------------------------------------------------------------------------------------------------------------------------------------------------------------------------------------------------------------------------------------------------------------------------------------------------------------------------------------------------------------------------------------------------------------------------------------------------------------------------------------------------------------------------------------------------------------------------------------------------------------------------------------------------------------------------------------------------------------------------------------------------------------------------------------------------------------------------------------------------------------------------------------------------------------------------------------------------------------------------------------------------------------------------------------------------------------------------------------------------------------------------------------------------------------------------------------------------------------------------------------------------------------------------------------------------------------------------------------------------------------------------------------------------------------------------------------------------------------------------------------------------------------------------------------------------------------------------------------------------------------------------------------------------------------------------------------------------------------------------------------------------------------------------------------------------------------------------------------------------------------------------------------------------------------------------------------------------------------------------------------------------------------------------------------------------------------------------------------------------------------------------------------------------------------------------------------------------------------------------------------------------------------------------------------------------------------------------------------------------------------------------------------------------------------------------------------------------------------------------------------------------------------------------------------------------------------------------------------------------------------------------------------------------------------------------------------------------------------------------------------------------------------------------------------------------------------------------------------------------------------------------------------------------------------------------------------------------------------------------------------------------------------------------------------------------------------------------------------------------------------------------------------------------------------------------------------------------------------------------------------------------------------------------------------------------------------------------------------------------------------------------------------------------------------------------------------------------------------------------------------------------------------------------------------------------------------------------------------------------------------------------------------------------------------------------------------------------------------------------------------------------------------------------------------------------------------------------------------------------------------------------------------------------------------------------------------------------------------------------------------------------------------------------------------------------------------------------------------------------------------------------------------------------------------------------------------------------------------------------------------------------------------------------------------------------------------------------------------------------------------------------------------------------------------------------------------------------------------------------------------------------------------------------------------------------------------------------------------------------------------------------------------------------------------------------------------------------------------------------------------------------------------------------------------------------------------------------------------------------------------------------------------------------------------------------------------------------------------------------------------------------------------------------------------------------------------------------------------------------------------------------------------------------------------------------------------------------------------------------------------------------------------------------------------------------------------------------------------------------------------------------------------------------------
 {"reason": "Operator-attested service and administrative history only; provider signatures, applicability and renewal rules are not inferred.", "task_id": "e0555e21-3a10-4d48-b4d3-169d6f965d42", "complete": true, "contacts": [{"id": "9d8d6222-d090-454e-a3f7-369c9d794ed8", "type": "caseworker", "label": "Corrected current contact name"}], "eligible": true, "versions": [{"id": "fb537e8c-ed0d-4d67-92b6-b6c9c184bcc7", "state": "finalized", "title": "Synthetic support plan", "bucket": "resident-documents", "task_id": "a032f9c7-45f6-4259-83e3-8cd7bbf11d49", "revision": "8af657c7-db70-42f2-a645-26e0728b4922", "page_count": null, "document_id": "5d056a91-f442-4258-a7cf-6903628714ea", "facility_id": "8c58713c-c422-4850-b601-246026760338", "object_path": "8c58713c-c422-4850-b601-246026760338/5d056a91-f442-4258-a7cf-6903628714ea/fb537e8c-ed0d-4d67-92b6-b6c9c184bcc7/source", "prepared_at": "2026-09-13T14:08:42.327737-04:00", "resident_id": "569d6e33-8a89-4e47-8159-9c12265f8c06", "finalized_at": "2026-09-13T14:08:42.482463-04:00", "declared_mime": "application/pdf", "document_type": "support_plan", "native_current": true, "declared_sha256": "baad13769b56aaeb5b072762fefe73bc572a131353d594ec2db2b382bfabadfa", "checksum_verified": true, "native_document_id": "5d056a91-f442-4258-a7cf-6903628714ea", "declared_size_bytes": 12, "supersedes_version_id": null}, {"id": "d92ab023-766b-4b69-8ec0-953d456c75a8", "state": "finalized", "title": "Superseding native support plan", "bucket": "resident-documents", "task_id": "e0555e21-3a10-4d48-b4d3-169d6f965d42", "revision": "61670668-e6e8-427d-a8d2-f01dbc27f021", "page_count": null, "document_id": "77a17da9-4e16-4036-8c9e-45cdeb6f5a50", "facility_id": "8c58713c-c422-4850-b601-246026760338", "object_path": "8c58713c-c422-4850-b601-246026760338/77a17da9-4e16-4036-8c9e-45cdeb6f5a50/d92ab023-766b-4b69-8ec0-953d456c75a8/source", "prepared_at": "2026-09-13T14:08:47.71192-04:00", "resident_id": "569d6e33-8a89-4e47-8159-9c12265f8c06", "finalized_at": "2026-09-13T14:08:47.849235-04:00", "declared_mime": "application/pdf", "document_type": "support_plan", "native_current": true, "declared_sha256": "92df5b9a54ed1815b53f281228ca8ed5112c14b74f0033eb8c83b2c55128a0fe", "checksum_verified": true, "native_document_id": "77a17da9-4e16-4036-8c9e-45cdeb6f5a50", "declared_size_bytes": 12, "supersedes_version_id": "fb537e8c-ed0d-4d67-92b6-b6c9c184bcc7"}], "can_intake": true, "can_manage": true, "resident_id": "569d6e33-8a89-4e47-8159-9c12265f8c06", "availability": "available", "expectations": [{"id": "f1d21ed5-a649-4051-9490-6dc9b7a71683", "due_at": null, "due_on": "2026-09-12", "events": [{"id": "8a56b0c2-6461-45bf-9d47-b4c15d7f0260", "kind": "attach_receipt", "details": {"version_id": "d92ab023-766b-4b69-8ec0-953d456c75a8", "received_on": "2026-09-13", "receipt_provenance": "Actual superseding plan received"}, "task_id": "e0555e21-3a10-4d48-b4d3-169d6f965d42", "actor_id": "b1fcb348-2842-417a-9c8e-6871489b42ff", "recorded_at": "2026-09-13T14:08:48.053267-04:00"}, {"id": "0b8996ee-9c98-4290-a6f7-ec8e60712950", "kind": "signature_observation", "details": {"page": 2, "version_id": "fb537e8c-ed0d-4d67-92b6-b6c9c184bcc7", "page_status": "operator_reported_unverified", "signer_role": "caseworker", "signer_label": "Corrected observed caseworker label", "verification": "operator_observed", "corrects_event_id": "57e02cf6-7723-44c5-91f3-ae53c852e3a9", "source_provenance": "Corrected documentary observation, same native version"}, "task_id": "e0555e21-3a10-4d48-b4d3-169d6f965d42", "actor_id": "b1fcb348-2842-417a-9c8e-6871489b42ff", "recorded_at": "2026-09-13T14:08:47.415958-04:00"}, {"id": "4dd3d1c3-1cf1-4da2-a352-d52b11bb83b5", "kind": "signature_observation", "details": {"page": 1, "version_id": "fb537e8c-ed0d-4d67-92b6-b6c9c184bcc7", "page_status": "operator_reported_unverified", "signer_role": "administrator", "signer_label": "Observed administrator signature", "verification": "operator_observed", "source_provenance": "Observed separate administrator signature; date unknown"}, "task_id": "e0555e21-3a10-4d48-b4d3-169d6f965d42", "actor_id": "b1fcb348-2842-417a-9c8e-6871489b42ff", "recorded_at": "2026-09-13T14:08:46.711136-04:00"}, {"id": "b666d2ee-1184-4950-b7e2-4688ecf0ab74", "kind": "signature_observation", "details": {"page": 1, "version_id": "fb537e8c-ed0d-4d67-92b6-b6c9c184bcc7", "page_status": "operator_reported_unverified", "signer_role": "resident", "signer_label": "Observed resident signature", "verification": "operator_observed", "source_provenance": "Observed separate resident signature; date unknown"}, "task_id": "e0555e21-3a10-4d48-b4d3-169d6f965d42", "actor_id": "b1fcb348-2842-417a-9c8e-6871489b42ff", "recorded_at": "2026-09-13T14:08:46.321962-04:00"}, {"id": "b3107917-cc63-40fe-911f-34741b3e03fa", "kind": "link_chase", "details": {"issue_id": "a99722f9-6341-45cc-877b-b7f6fbc1e870"}, "task_id": "e0555e21-3a10-4d48-b4d3-169d6f965d42", "actor_id": "b1fcb348-2842-417a-9c8e-6871489b42ff", "recorded_at": "2026-09-13T14:08:45.351121-04:00"}, {"id": "e50bc999-1860-4b5f-8d5b-1795bf539e48", "kind": "review", "details": {"result": "reviewed", "findings": "Distinct second monthly administrative review", "version_id": "fb537e8c-ed0d-4d67-92b6-b6c9c184bcc7"}, "task_id": "e0555e21-3a10-4d48-b4d3-169d6f965d42", "actor_id": "b1fcb348-2842-417a-9c8e-6871489b42ff", "recorded_at": "2026-09-13T14:08:45.074661-04:00"}, {"id": "7e95aa1a-a914-43cb-9548-6cf51bd0d181", "kind": "review", "details": {"result": "reviewed", "findings": "Administrative receipt and signature evidence reviewed", "version_id": "fb537e8c-ed0d-4d67-92b6-b6c9c184bcc7"}, "task_id": "a032f9c7-45f6-4259-83e3-8cd7bbf11d49", "actor_id": "b1fcb348-2842-417a-9c8e-6871489b42ff", "recorded_at": "2026-09-13T14:08:43.896253-04:00"}, {"id": "57e02cf6-7723-44c5-91f3-ae53c852e3a9", "kind": "signature_observation", "details": {"page": 2, "signed_on": "2026-09-12", "version_id": "fb537e8c-ed0d-4d67-92b6-b6c9c184bcc7", "page_status": "operator_reported_unverified", "signer_role": "caseworker", "signer_label": "Observed actual caseworker", "verification": "operator_observed", "source_provenance": "Observed signature on exact native PDF version"}, "task_id": "a032f9c7-45f6-4259-83e3-8cd7bbf11d49", "actor_id": "b1fcb348-2842-417a-9c8e-6871489b42ff", "recorded_at": "2026-09-13T14:08:43.606532-04:00"}, {"id": "08d5e7c2-83f3-4ebc-a749-97496bd00e49", "kind": "set_due", "details": {"due_on": "2026-09-12", "approved_on": "2026-09-11", "verification": "operator_recorded_approval_evidence", "approver_label": "Actual source approver", "effective_date": "2026-09-14", "source_version_id": "fb537e8c-ed0d-4d67-92b6-b6c9c184bcc7", "approval_reference": "Cited operator-observed approval"}, "task_id": "a032f9c7-45f6-4259-83e3-8cd7bbf11d49", "actor_id": "b1fcb348-2842-417a-9c8e-6871489b42ff", "recorded_at": "2026-09-13T14:08:43.083192-04:00"}, {"id": "220238a2-6c36-4194-ba9f-6ec912409c0d", "kind": "attach_receipt", "details": {"version_id": "fb537e8c-ed0d-4d67-92b6-b6c9c184bcc7", "received_on": "2026-09-13", "receipt_provenance": "Actual paper report received; date only"}, "task_id": "a032f9c7-45f6-4259-83e3-8cd7bbf11d49", "actor_id": "b1fcb348-2842-417a-9c8e-6871489b42ff", "recorded_at": "2026-09-13T14:08:42.655011-04:00"}], "overdue": false, "revision": "8a56b0c2-6461-45bf-9d47-b4c15d7f0260", "due_state": "documented_approval_pending_effective", "contact_id": "9d8d6222-d090-454e-a3f7-369c9d794ed8", "owner_role": null, "service_at": null, "service_on": "2026-09-12", "last_review": null, "owner_label": null, "received_at": null, "received_on": "2026-09-13", "follow_up_at": null, "review_state": "not_reviewed", "contact_label": "Synthetic Caseworker", "document_type": "support_plan", "owner_user_id": null, "chase_issue_id": "a99722f9-6341-45cc-877b-b7f6fbc1e870", "due_provenance": {"due_on": "2026-09-12", "approved_on": "2026-09-11", "verification": "operator_recorded_approval_evidence", "approver_label": "Actual source approver", "effective_date": "2026-09-14", "source_version_id": "fb537e8c-ed0d-4d67-92b6-b6c9c184bcc7", "approval_reference": "Cited operator-observed approval"}, "origin_task_id": "a032f9c7-45f6-4259-83e3-8cd7bbf11d49", "contact_current": false, "events_complete": true, "expected_version": "First received plan", "required_signers": "unknown", "current_version_id": "d92ab023-766b-4b69-8ec0-953d456c75a8", "receipt_provenance": "Actual superseding plan received", "service_provenance": "Operator observed service; no provider attestation claimed", "service_confirmation": "operator_attested"}], "chase_candidates": [{"id": "a99722f9-6341-45cc-877b-b7f6fbc1e870", "label": "Follow-up · open · a99722f9", "status": "open", "owner_label": null}]}
(1 row)

 pp_assert
-----------

(1 row)

 pp_assert
-----------

(1 row)

 pp_assert
-----------

(1 row)

RESET
UPDATE 1
SET
 pp_assert
-----------

(1 row)

 pp_assert
-----------

(1 row)

RESET
ALTER TABLE
INSERT 0 1
INSERT 0 1
INSERT 0 1
 pp_login
----------

(1 row)

SET
INSERT 0 1
                                                                                                                                                                                                                                                                                                                                                                                                                                                                                                                        publish_operation_facility_requirement_review
---------------------------------------------------------------------------------------------------------------------------------------------------------------------------------------------------------------------------------------------------------------------------------------------------------------------------------------------------------------------------------------------------------------------------------------------------------------------------------------------------------------------------------------------------------------------------------------------------------------------------------------------------------------------------------------------------------------------------------------------------------------------------------------------------------------------------------------------------------------------------------------------------------------------------------------------------------------------------------------------------------------------------------------------------------------------------------------------
 {"id": "e8c4c681-e396-4837-9351-d5e8c798febe", "status": "published", "version": 1, "created_at": "2026-09-13T14:08:42.159835-04:00", "created_by": "b1fcb348-2842-417a-9c8e-6871489b42ff", "owner_role": null, "updated_at": "2026-09-13T14:08:49.097235-04:00", "activity_id": "1e31328d-8a70-4655-b5c1-a8537a109216", "approved_at": "2026-09-13T14:08:49.096878-04:00", "approved_by": "b1fcb348-2842-417a-9c8e-6871489b42ff", "backup_role": null, "facility_id": "43de1e8e-c5b3-4a6d-9c85-5152c67e3380", "effective_to": null, "applicability": "applicable", "owner_user_id": null, "schedule_rule": null, "backup_user_id": null, "effective_from": "2026-09-13T13:38:49.0956-04:00", "local_procedure": null, "organization_id": "dc720ebf-5856-4505-95c5-2dee302942cd", "override_source": "central", "schedule_status": "needs_confirmation", "previous_version_id": null, "applicability_reason": null, "local_required_inputs": null, "requirement_version_id": "57501349-36d7-44ed-81a4-f4194329b4ec", "local_required_evidence": null, "local_allowed_recorder_roles": null}
(1 row)

INSERT 0 1
UPDATE 1
 pp_assert
-----------

(1 row)

 pp_error
----------

(1 row)

 pp_error
----------

(1 row)

 pp_error
----------

(1 row)

RESET
UPDATE 1
 pp_login
----------

(1 row)

SET
 pp_error
----------

(1 row)

              result
-----------------------------------
 COL158 native report primary PASS
(1 row)

ROLLBACK
